-- phpMyAdmin SQL Dump
-- version 5.0.2
-- https://www.phpmyadmin.net/
--
-- Máy chủ: 127.0.0.1
-- Thời gian đã tạo: Th8 07, 2020 lúc 10:56 AM
-- Phiên bản máy phục vụ: 10.4.13-MariaDB
-- Phiên bản PHP: 7.4.7

SET SQL_MODE = "NO_AUTO_VALUE_ON_ZERO";
START TRANSACTION;
SET time_zone = "+00:00";


/*!40101 SET @OLD_CHARACTER_SET_CLIENT=@@CHARACTER_SET_CLIENT */;
/*!40101 SET @OLD_CHARACTER_SET_RESULTS=@@CHARACTER_SET_RESULTS */;
/*!40101 SET @OLD_COLLATION_CONNECTION=@@COLLATION_CONNECTION */;
/*!40101 SET NAMES utf8mb4 */;

--
-- Cơ sở dữ liệu: `qlhs`
--

-- --------------------------------------------------------

--
-- Cấu trúc bảng cho bảng `bomon`
--

CREATE TABLE `bomon` (
  `mabm` varchar(15) COLLATE latin1_bin NOT NULL,
  `tenbm` varchar(50) CHARACTER SET utf8 COLLATE utf8_vietnamese_ci DEFAULT NULL
) ENGINE=InnoDB DEFAULT CHARSET=latin1 COLLATE=latin1_bin;

--
-- Đang đổ dữ liệu cho bảng `bomon`
--

INSERT INTO `bomon` (`mabm`, `tenbm`) VALUES
('AnhVan', 'Anh văn'),
('CongNghe', 'Công nghệ'),
('DiaLy', 'Địa lý'),
('GDCD', 'Giáo dục công nhân'),
('GDQP', 'Giáo dục quốc phòng'),
('HoaHoc', 'Hóa học'),
('LichSu', 'Lịch sử'),
('NguVan', 'Ngữ văn'),
('SinhHoc', 'Sinh học'),
('TheDuc', 'Thể dục'),
('TinHoc', 'Tin học'),
('Toan', 'Toán'),
('VatLy', 'Vật lý');

-- --------------------------------------------------------

--
-- Cấu trúc bảng cho bảng `cauhoiks`
--

CREATE TABLE `cauhoiks` (
  `macauhoi` int(11) NOT NULL,
  `noidung` varchar(5000) CHARACTER SET utf8 COLLATE utf8_vietnamese_ci DEFAULT NULL
) ENGINE=InnoDB DEFAULT CHARSET=latin1 COLLATE=latin1_bin;

-- --------------------------------------------------------

--
-- Cấu trúc bảng cho bảng `diem`
--

CREATE TABLE `diem` (
  `mahs` varchar(15) COLLATE latin1_bin NOT NULL,
  `malop` varchar(15) COLLATE latin1_bin NOT NULL,
  `mabm` varchar(15) COLLATE latin1_bin NOT NULL,
  `mahk` int(11) NOT NULL,
  `nambd` int(11) NOT NULL,
  `namkt` int(11) NOT NULL,
  `cot1` float DEFAULT NULL,
  `cot2` float DEFAULT NULL,
  `cot3` float DEFAULT NULL,
  `cot4` float DEFAULT NULL
) ENGINE=InnoDB DEFAULT CHARSET=latin1 COLLATE=latin1_bin;

--
-- Đang đổ dữ liệu cho bảng `diem`
--

INSERT INTO `diem` (`mahs`, `malop`, `mabm`, `mahk`, `nambd`, `namkt`, `cot1`, `cot2`, `cot3`, `cot4`) VALUES
('HS20180101', 'LH201801', 'AnhVan', 1, 2020, 2021, 0, 0, 0, 0),
('HS20180101', 'LH201801', 'AnhVan', 2, 2019, 2020, 10, 10, 10, 10),
('HS20180101', 'LH201801', 'AnhVan', 2, 2020, 2021, 0, 0, 0, 0),
('HS20180101', 'LH201801', 'CongNghe', 1, 2020, 2021, 0, 0, 0, 0),
('HS20180101', 'LH201801', 'CongNghe', 2, 2019, 2020, 10, 10, 10, 10),
('HS20180101', 'LH201801', 'CongNghe', 2, 2020, 2021, 0, 0, 0, 0),
('HS20180101', 'LH201801', 'DiaLy', 1, 2020, 2021, 0, 0, 0, 0),
('HS20180101', 'LH201801', 'DiaLy', 2, 2019, 2020, 10, 10, 10, 10),
('HS20180101', 'LH201801', 'DiaLy', 2, 2020, 2021, 0, 0, 0, 0),
('HS20180101', 'LH201801', 'GDCD', 1, 2020, 2021, 0, 0, 0, 0),
('HS20180101', 'LH201801', 'GDCD', 2, 2019, 2020, 10, 10, 10, 10),
('HS20180101', 'LH201801', 'GDCD', 2, 2020, 2021, 0, 0, 0, 0),
('HS20180101', 'LH201801', 'GDQP', 1, 2020, 2021, 0, 0, 0, 0),
('HS20180101', 'LH201801', 'GDQP', 2, 2019, 2020, 10, 10, 10, 10),
('HS20180101', 'LH201801', 'GDQP', 2, 2020, 2021, 0, 0, 0, 0),
('HS20180101', 'LH201801', 'HoaHoc', 1, 2020, 2021, 0, 0, 0, 0),
('HS20180101', 'LH201801', 'HoaHoc', 2, 2019, 2020, 10, 10, 10, 10),
('HS20180101', 'LH201801', 'HoaHoc', 2, 2020, 2021, 0, 0, 0, 0),
('HS20180101', 'LH201801', 'LichSu', 1, 2020, 2021, 0, 0, 0, 0),
('HS20180101', 'LH201801', 'LichSu', 2, 2019, 2020, 10, 10, 10, 10),
('HS20180101', 'LH201801', 'LichSu', 2, 2020, 2021, 0, 0, 0, 0),
('HS20180101', 'LH201801', 'NguVan', 1, 2020, 2021, 0, 0, 0, 0),
('HS20180101', 'LH201801', 'NguVan', 2, 2019, 2020, 10, 10, 10, 10),
('HS20180101', 'LH201801', 'NguVan', 2, 2020, 2021, 0, 0, 0, 0),
('HS20180101', 'LH201801', 'SinhHoc', 1, 2020, 2021, 0, 0, 0, 0),
('HS20180101', 'LH201801', 'SinhHoc', 2, 2019, 2020, 10, 10, 10, 10),
('HS20180101', 'LH201801', 'SinhHoc', 2, 2020, 2021, 0, 0, 0, 0),
('HS20180101', 'LH201801', 'TheDuc', 1, 2020, 2021, 0, 0, 0, 0),
('HS20180101', 'LH201801', 'TheDuc', 2, 2019, 2020, 10, 10, 10, 10),
('HS20180101', 'LH201801', 'TheDuc', 2, 2020, 2021, 0, 0, 0, 0),
('HS20180101', 'LH201801', 'TinHoc', 1, 2020, 2021, 0, 0, 0, 0),
('HS20180101', 'LH201801', 'TinHoc', 2, 2019, 2020, 10, 10, 10, 10),
('HS20180101', 'LH201801', 'TinHoc', 2, 2020, 2021, 0, 0, 0, 0),
('HS20180101', 'LH201801', 'Toan', 1, 2020, 2021, 0, 0, 0, 0),
('HS20180101', 'LH201801', 'Toan', 2, 2019, 2020, 9, 9, 9, 10),
('HS20180101', 'LH201801', 'Toan', 2, 2020, 2021, 0, 0, 0, 0),
('HS20180101', 'LH201801', 'VatLy', 1, 2020, 2021, 0, 0, 0, 0),
('HS20180101', 'LH201801', 'VatLy', 2, 2019, 2020, 10, 10, 10, 10),
('HS20180101', 'LH201801', 'VatLy', 2, 2020, 2021, 0, 0, 0, 0),
('HS20180102', 'LH201801', 'AnhVan', 1, 2020, 2021, 0, 0, 0, 0),
('HS20180102', 'LH201801', 'AnhVan', 2, 2019, 2020, 10, 10, 10, 10),
('HS20180102', 'LH201801', 'AnhVan', 2, 2020, 2021, 0, 0, 0, 0),
('HS20180102', 'LH201801', 'CongNghe', 1, 2020, 2021, 0, 0, 0, 0),
('HS20180102', 'LH201801', 'CongNghe', 2, 2019, 2020, 10, 10, 10, 10),
('HS20180102', 'LH201801', 'CongNghe', 2, 2020, 2021, 0, 0, 0, 0),
('HS20180102', 'LH201801', 'DiaLy', 1, 2020, 2021, 0, 0, 0, 0),
('HS20180102', 'LH201801', 'DiaLy', 2, 2019, 2020, 10, 10, 10, 10),
('HS20180102', 'LH201801', 'DiaLy', 2, 2020, 2021, 0, 0, 0, 0),
('HS20180102', 'LH201801', 'GDCD', 1, 2020, 2021, 0, 0, 0, 0),
('HS20180102', 'LH201801', 'GDCD', 2, 2019, 2020, 10, 10, 10, 10),
('HS20180102', 'LH201801', 'GDCD', 2, 2020, 2021, 0, 0, 0, 0),
('HS20180102', 'LH201801', 'GDQP', 1, 2020, 2021, 0, 0, 0, 0),
('HS20180102', 'LH201801', 'GDQP', 2, 2019, 2020, 10, 10, 10, 10),
('HS20180102', 'LH201801', 'GDQP', 2, 2020, 2021, 0, 0, 0, 0),
('HS20180102', 'LH201801', 'HoaHoc', 1, 2020, 2021, 0, 0, 0, 0),
('HS20180102', 'LH201801', 'HoaHoc', 2, 2019, 2020, 10, 10, 10, 10),
('HS20180102', 'LH201801', 'HoaHoc', 2, 2020, 2021, 0, 0, 0, 0),
('HS20180102', 'LH201801', 'LichSu', 1, 2020, 2021, 0, 0, 0, 0),
('HS20180102', 'LH201801', 'LichSu', 2, 2019, 2020, 10, 10, 10, 10),
('HS20180102', 'LH201801', 'LichSu', 2, 2020, 2021, 0, 0, 0, 0),
('HS20180102', 'LH201801', 'NguVan', 1, 2020, 2021, 0, 0, 0, 0),
('HS20180102', 'LH201801', 'NguVan', 2, 2019, 2020, 10, 10, 10, 10),
('HS20180102', 'LH201801', 'NguVan', 2, 2020, 2021, 0, 0, 0, 0),
('HS20180102', 'LH201801', 'SinhHoc', 1, 2020, 2021, 0, 0, 0, 0),
('HS20180102', 'LH201801', 'SinhHoc', 2, 2019, 2020, 10, 10, 10, 10),
('HS20180102', 'LH201801', 'SinhHoc', 2, 2020, 2021, 0, 0, 0, 0),
('HS20180102', 'LH201801', 'TheDuc', 1, 2020, 2021, 0, 0, 0, 0),
('HS20180102', 'LH201801', 'TheDuc', 2, 2019, 2020, 10, 10, 10, 10),
('HS20180102', 'LH201801', 'TheDuc', 2, 2020, 2021, 0, 0, 0, 0),
('HS20180102', 'LH201801', 'TinHoc', 1, 2020, 2021, 0, 0, 0, 0),
('HS20180102', 'LH201801', 'TinHoc', 2, 2019, 2020, 10, 10, 10, 10),
('HS20180102', 'LH201801', 'TinHoc', 2, 2020, 2021, 0, 0, 0, 0),
('HS20180102', 'LH201801', 'Toan', 1, 2020, 2021, 0, 0, 0, 0),
('HS20180102', 'LH201801', 'Toan', 2, 2019, 2020, 9, 9, 9, 9),
('HS20180102', 'LH201801', 'Toan', 2, 2020, 2021, 0, 0, 0, 0),
('HS20180102', 'LH201801', 'VatLy', 1, 2020, 2021, 0, 0, 0, 0),
('HS20180102', 'LH201801', 'VatLy', 2, 2019, 2020, 10, 10, 10, 10),
('HS20180102', 'LH201801', 'VatLy', 2, 2020, 2021, 0, 0, 0, 0),
('HS20180103', 'LH201801', 'AnhVan', 1, 2020, 2021, 0, 0, 0, 0),
('HS20180103', 'LH201801', 'AnhVan', 2, 2019, 2020, 10, 10, 10, 10),
('HS20180103', 'LH201801', 'AnhVan', 2, 2020, 2021, 0, 0, 0, 0),
('HS20180103', 'LH201801', 'CongNghe', 1, 2020, 2021, 0, 0, 0, 0),
('HS20180103', 'LH201801', 'CongNghe', 2, 2019, 2020, 10, 10, 10, 10),
('HS20180103', 'LH201801', 'CongNghe', 2, 2020, 2021, 0, 0, 0, 0),
('HS20180103', 'LH201801', 'DiaLy', 1, 2020, 2021, 0, 0, 0, 0),
('HS20180103', 'LH201801', 'DiaLy', 2, 2019, 2020, 10, 10, 10, 10),
('HS20180103', 'LH201801', 'DiaLy', 2, 2020, 2021, 0, 0, 0, 0),
('HS20180103', 'LH201801', 'GDCD', 1, 2020, 2021, 0, 0, 0, 0),
('HS20180103', 'LH201801', 'GDCD', 2, 2019, 2020, 10, 10, 10, 10),
('HS20180103', 'LH201801', 'GDCD', 2, 2020, 2021, 0, 0, 0, 0),
('HS20180103', 'LH201801', 'GDQP', 1, 2020, 2021, 0, 0, 0, 0),
('HS20180103', 'LH201801', 'GDQP', 2, 2019, 2020, 10, 10, 10, 10),
('HS20180103', 'LH201801', 'GDQP', 2, 2020, 2021, 0, 0, 0, 0),
('HS20180103', 'LH201801', 'HoaHoc', 1, 2020, 2021, 0, 0, 0, 0),
('HS20180103', 'LH201801', 'HoaHoc', 2, 2019, 2020, 10, 10, 10, 10),
('HS20180103', 'LH201801', 'HoaHoc', 2, 2020, 2021, 0, 0, 0, 0),
('HS20180103', 'LH201801', 'LichSu', 1, 2020, 2021, 0, 0, 0, 0),
('HS20180103', 'LH201801', 'LichSu', 2, 2019, 2020, 10, 10, 10, 10),
('HS20180103', 'LH201801', 'LichSu', 2, 2020, 2021, 0, 0, 0, 0),
('HS20180103', 'LH201801', 'NguVan', 1, 2020, 2021, 0, 0, 0, 0),
('HS20180103', 'LH201801', 'NguVan', 2, 2019, 2020, 10, 10, 10, 10),
('HS20180103', 'LH201801', 'NguVan', 2, 2020, 2021, 0, 0, 0, 0),
('HS20180103', 'LH201801', 'SinhHoc', 1, 2020, 2021, 0, 0, 0, 0),
('HS20180103', 'LH201801', 'SinhHoc', 2, 2019, 2020, 10, 10, 10, 10),
('HS20180103', 'LH201801', 'SinhHoc', 2, 2020, 2021, 0, 0, 0, 0),
('HS20180103', 'LH201801', 'TheDuc', 1, 2020, 2021, 0, 0, 0, 0),
('HS20180103', 'LH201801', 'TheDuc', 2, 2019, 2020, 10, 10, 10, 10),
('HS20180103', 'LH201801', 'TheDuc', 2, 2020, 2021, 0, 0, 0, 0),
('HS20180103', 'LH201801', 'TinHoc', 1, 2020, 2021, 0, 0, 0, 0),
('HS20180103', 'LH201801', 'TinHoc', 2, 2019, 2020, 10, 10, 10, 10),
('HS20180103', 'LH201801', 'TinHoc', 2, 2020, 2021, 0, 0, 0, 0),
('HS20180103', 'LH201801', 'Toan', 1, 2020, 2021, 0, 0, 0, 0),
('HS20180103', 'LH201801', 'Toan', 2, 2019, 2020, 9, 9, 9, 9),
('HS20180103', 'LH201801', 'Toan', 2, 2020, 2021, 0, 0, 0, 0),
('HS20180103', 'LH201801', 'VatLy', 1, 2020, 2021, 0, 0, 0, 0),
('HS20180103', 'LH201801', 'VatLy', 2, 2019, 2020, 10, 10, 10, 10),
('HS20180103', 'LH201801', 'VatLy', 2, 2020, 2021, 0, 0, 0, 0),
('HS20180104', 'LH201801', 'AnhVan', 1, 2020, 2021, 0, 0, 0, 0),
('HS20180104', 'LH201801', 'AnhVan', 2, 2019, 2020, 10, 10, 10, 10),
('HS20180104', 'LH201801', 'AnhVan', 2, 2020, 2021, 0, 0, 0, 0),
('HS20180104', 'LH201801', 'CongNghe', 1, 2020, 2021, 0, 0, 0, 0),
('HS20180104', 'LH201801', 'CongNghe', 2, 2019, 2020, 10, 10, 10, 10),
('HS20180104', 'LH201801', 'CongNghe', 2, 2020, 2021, 0, 0, 0, 0),
('HS20180104', 'LH201801', 'DiaLy', 1, 2020, 2021, 0, 0, 0, 0),
('HS20180104', 'LH201801', 'DiaLy', 2, 2019, 2020, 10, 10, 10, 10),
('HS20180104', 'LH201801', 'DiaLy', 2, 2020, 2021, 0, 0, 0, 0),
('HS20180104', 'LH201801', 'GDCD', 1, 2020, 2021, 0, 0, 0, 0),
('HS20180104', 'LH201801', 'GDCD', 2, 2019, 2020, 10, 10, 10, 10),
('HS20180104', 'LH201801', 'GDCD', 2, 2020, 2021, 0, 0, 0, 0),
('HS20180104', 'LH201801', 'GDQP', 1, 2020, 2021, 0, 0, 0, 0),
('HS20180104', 'LH201801', 'GDQP', 2, 2019, 2020, 10, 10, 10, 10),
('HS20180104', 'LH201801', 'GDQP', 2, 2020, 2021, 0, 0, 0, 0),
('HS20180104', 'LH201801', 'HoaHoc', 1, 2020, 2021, 0, 0, 0, 0),
('HS20180104', 'LH201801', 'HoaHoc', 2, 2019, 2020, 10, 10, 10, 10),
('HS20180104', 'LH201801', 'HoaHoc', 2, 2020, 2021, 0, 0, 0, 0),
('HS20180104', 'LH201801', 'LichSu', 1, 2020, 2021, 0, 0, 0, 0),
('HS20180104', 'LH201801', 'LichSu', 2, 2019, 2020, 10, 10, 10, 10),
('HS20180104', 'LH201801', 'LichSu', 2, 2020, 2021, 0, 0, 0, 0),
('HS20180104', 'LH201801', 'NguVan', 1, 2020, 2021, 0, 0, 0, 0),
('HS20180104', 'LH201801', 'NguVan', 2, 2019, 2020, 10, 10, 10, 10),
('HS20180104', 'LH201801', 'NguVan', 2, 2020, 2021, 0, 0, 0, 0),
('HS20180104', 'LH201801', 'SinhHoc', 1, 2020, 2021, 0, 0, 0, 0),
('HS20180104', 'LH201801', 'SinhHoc', 2, 2019, 2020, 10, 10, 10, 10),
('HS20180104', 'LH201801', 'SinhHoc', 2, 2020, 2021, 0, 0, 0, 0),
('HS20180104', 'LH201801', 'TheDuc', 1, 2020, 2021, 0, 0, 0, 0),
('HS20180104', 'LH201801', 'TheDuc', 2, 2019, 2020, 10, 10, 10, 10),
('HS20180104', 'LH201801', 'TheDuc', 2, 2020, 2021, 0, 0, 0, 0),
('HS20180104', 'LH201801', 'TinHoc', 1, 2020, 2021, 0, 0, 0, 0),
('HS20180104', 'LH201801', 'TinHoc', 2, 2019, 2020, 10, 10, 10, 10),
('HS20180104', 'LH201801', 'TinHoc', 2, 2020, 2021, 0, 0, 0, 0),
('HS20180104', 'LH201801', 'Toan', 1, 2020, 2021, 0, 0, 0, 0),
('HS20180104', 'LH201801', 'Toan', 2, 2019, 2020, 9, 9, 9, 9),
('HS20180104', 'LH201801', 'Toan', 2, 2020, 2021, 0, 0, 0, 0),
('HS20180104', 'LH201801', 'VatLy', 1, 2020, 2021, 0, 0, 0, 0),
('HS20180104', 'LH201801', 'VatLy', 2, 2019, 2020, 10, 10, 10, 10),
('HS20180104', 'LH201801', 'VatLy', 2, 2020, 2021, 0, 0, 0, 0),
('HS20180105', 'LH201801', 'AnhVan', 1, 2020, 2021, 0, 0, 0, 0),
('HS20180105', 'LH201801', 'AnhVan', 2, 2019, 2020, 10, 10, 10, 10),
('HS20180105', 'LH201801', 'AnhVan', 2, 2020, 2021, 0, 0, 0, 0),
('HS20180105', 'LH201801', 'CongNghe', 1, 2020, 2021, 0, 0, 0, 0),
('HS20180105', 'LH201801', 'CongNghe', 2, 2019, 2020, 10, 10, 10, 10),
('HS20180105', 'LH201801', 'CongNghe', 2, 2020, 2021, 0, 0, 0, 0),
('HS20180105', 'LH201801', 'DiaLy', 1, 2020, 2021, 0, 0, 0, 0),
('HS20180105', 'LH201801', 'DiaLy', 2, 2019, 2020, 10, 10, 10, 10),
('HS20180105', 'LH201801', 'DiaLy', 2, 2020, 2021, 0, 0, 0, 0),
('HS20180105', 'LH201801', 'GDCD', 1, 2020, 2021, 0, 0, 0, 0),
('HS20180105', 'LH201801', 'GDCD', 2, 2019, 2020, 10, 10, 10, 10),
('HS20180105', 'LH201801', 'GDCD', 2, 2020, 2021, 0, 0, 0, 0),
('HS20180105', 'LH201801', 'GDQP', 1, 2020, 2021, 0, 0, 0, 0),
('HS20180105', 'LH201801', 'GDQP', 2, 2019, 2020, 10, 10, 10, 10),
('HS20180105', 'LH201801', 'GDQP', 2, 2020, 2021, 0, 0, 0, 0),
('HS20180105', 'LH201801', 'HoaHoc', 1, 2020, 2021, 0, 0, 0, 0),
('HS20180105', 'LH201801', 'HoaHoc', 2, 2019, 2020, 10, 10, 10, 10),
('HS20180105', 'LH201801', 'HoaHoc', 2, 2020, 2021, 0, 0, 0, 0),
('HS20180105', 'LH201801', 'LichSu', 1, 2020, 2021, 0, 0, 0, 0),
('HS20180105', 'LH201801', 'LichSu', 2, 2019, 2020, 10, 10, 10, 10),
('HS20180105', 'LH201801', 'LichSu', 2, 2020, 2021, 0, 0, 0, 0),
('HS20180105', 'LH201801', 'NguVan', 1, 2020, 2021, 0, 0, 0, 0),
('HS20180105', 'LH201801', 'NguVan', 2, 2019, 2020, 10, 10, 10, 10),
('HS20180105', 'LH201801', 'NguVan', 2, 2020, 2021, 0, 0, 0, 0),
('HS20180105', 'LH201801', 'SinhHoc', 1, 2020, 2021, 0, 0, 0, 0),
('HS20180105', 'LH201801', 'SinhHoc', 2, 2019, 2020, 10, 10, 10, 10),
('HS20180105', 'LH201801', 'SinhHoc', 2, 2020, 2021, 0, 0, 0, 0),
('HS20180105', 'LH201801', 'TheDuc', 1, 2020, 2021, 0, 0, 0, 0),
('HS20180105', 'LH201801', 'TheDuc', 2, 2019, 2020, 10, 10, 10, 10),
('HS20180105', 'LH201801', 'TheDuc', 2, 2020, 2021, 0, 0, 0, 0),
('HS20180105', 'LH201801', 'TinHoc', 1, 2020, 2021, 0, 0, 0, 0),
('HS20180105', 'LH201801', 'TinHoc', 2, 2019, 2020, 10, 10, 10, 10),
('HS20180105', 'LH201801', 'TinHoc', 2, 2020, 2021, 0, 0, 0, 0),
('HS20180105', 'LH201801', 'Toan', 1, 2020, 2021, 0, 0, 0, 0),
('HS20180105', 'LH201801', 'Toan', 2, 2019, 2020, 9, 9, 9, 10),
('HS20180105', 'LH201801', 'Toan', 2, 2020, 2021, 0, 0, 0, 0),
('HS20180105', 'LH201801', 'VatLy', 1, 2020, 2021, 0, 0, 0, 0),
('HS20180105', 'LH201801', 'VatLy', 2, 2019, 2020, 10, 10, 10, 10),
('HS20180105', 'LH201801', 'VatLy', 2, 2020, 2021, 0, 0, 0, 0),
('HS20180201', 'LH201802', 'AnhVan', 1, 2020, 2021, 0, 0, 0, 0),
('HS20180201', 'LH201802', 'AnhVan', 2, 2019, 2020, 10, 10, 10, 10),
('HS20180201', 'LH201802', 'AnhVan', 2, 2020, 2021, 0, 0, 0, 0),
('HS20180201', 'LH201802', 'CongNghe', 1, 2020, 2021, 0, 0, 0, 0),
('HS20180201', 'LH201802', 'CongNghe', 2, 2019, 2020, 10, 10, 10, 10),
('HS20180201', 'LH201802', 'CongNghe', 2, 2020, 2021, 0, 0, 0, 0),
('HS20180201', 'LH201802', 'DiaLy', 1, 2020, 2021, 0, 0, 0, 0),
('HS20180201', 'LH201802', 'DiaLy', 2, 2019, 2020, 10, 10, 10, 10),
('HS20180201', 'LH201802', 'DiaLy', 2, 2020, 2021, 0, 0, 0, 0),
('HS20180201', 'LH201802', 'GDCD', 1, 2020, 2021, 0, 0, 0, 0),
('HS20180201', 'LH201802', 'GDCD', 2, 2019, 2020, 10, 10, 10, 10),
('HS20180201', 'LH201802', 'GDCD', 2, 2020, 2021, 0, 0, 0, 0),
('HS20180201', 'LH201802', 'GDQP', 1, 2020, 2021, 0, 0, 0, 0),
('HS20180201', 'LH201802', 'GDQP', 2, 2019, 2020, 10, 10, 10, 10),
('HS20180201', 'LH201802', 'GDQP', 2, 2020, 2021, 0, 0, 0, 0),
('HS20180201', 'LH201802', 'HoaHoc', 1, 2020, 2021, 0, 0, 0, 0),
('HS20180201', 'LH201802', 'HoaHoc', 2, 2019, 2020, 10, 10, 10, 10),
('HS20180201', 'LH201802', 'HoaHoc', 2, 2020, 2021, 0, 0, 0, 0),
('HS20180201', 'LH201802', 'LichSu', 1, 2020, 2021, 0, 0, 0, 0),
('HS20180201', 'LH201802', 'LichSu', 2, 2019, 2020, 10, 10, 10, 10),
('HS20180201', 'LH201802', 'LichSu', 2, 2020, 2021, 0, 0, 0, 0),
('HS20180201', 'LH201802', 'NguVan', 1, 2020, 2021, 0, 0, 0, 0),
('HS20180201', 'LH201802', 'NguVan', 2, 2019, 2020, 10, 10, 10, 10),
('HS20180201', 'LH201802', 'NguVan', 2, 2020, 2021, 0, 0, 0, 0),
('HS20180201', 'LH201802', 'SinhHoc', 1, 2020, 2021, 0, 0, 0, 0),
('HS20180201', 'LH201802', 'SinhHoc', 2, 2019, 2020, 10, 10, 10, 10),
('HS20180201', 'LH201802', 'SinhHoc', 2, 2020, 2021, 0, 0, 0, 0),
('HS20180201', 'LH201802', 'TheDuc', 1, 2020, 2021, 0, 0, 0, 0),
('HS20180201', 'LH201802', 'TheDuc', 2, 2019, 2020, 10, 10, 10, 10),
('HS20180201', 'LH201802', 'TheDuc', 2, 2020, 2021, 0, 0, 0, 0),
('HS20180201', 'LH201802', 'TinHoc', 1, 2020, 2021, 0, 0, 0, 0),
('HS20180201', 'LH201802', 'TinHoc', 2, 2019, 2020, 10, 10, 10, 10),
('HS20180201', 'LH201802', 'TinHoc', 2, 2020, 2021, 0, 0, 0, 0),
('HS20180201', 'LH201802', 'Toan', 1, 2020, 2021, 0, 0, 0, 0),
('HS20180201', 'LH201802', 'Toan', 2, 2019, 2020, 10, 10, 10, 10),
('HS20180201', 'LH201802', 'Toan', 2, 2020, 2021, 0, 0, 0, 0),
('HS20180201', 'LH201802', 'VatLy', 1, 2020, 2021, 0, 0, 0, 0),
('HS20180201', 'LH201802', 'VatLy', 2, 2019, 2020, 10, 10, 10, 10),
('HS20180201', 'LH201802', 'VatLy', 2, 2020, 2021, 0, 0, 0, 0),
('HS20180202', 'LH201802', 'AnhVan', 1, 2020, 2021, 0, 0, 0, 0),
('HS20180202', 'LH201802', 'AnhVan', 2, 2019, 2020, 10, 10, 10, 10),
('HS20180202', 'LH201802', 'AnhVan', 2, 2020, 2021, 0, 0, 0, 0),
('HS20180202', 'LH201802', 'CongNghe', 1, 2020, 2021, 0, 0, 0, 0),
('HS20180202', 'LH201802', 'CongNghe', 2, 2019, 2020, 10, 10, 10, 10),
('HS20180202', 'LH201802', 'CongNghe', 2, 2020, 2021, 0, 0, 0, 0),
('HS20180202', 'LH201802', 'DiaLy', 1, 2020, 2021, 0, 0, 0, 0),
('HS20180202', 'LH201802', 'DiaLy', 2, 2019, 2020, 10, 10, 10, 10),
('HS20180202', 'LH201802', 'DiaLy', 2, 2020, 2021, 0, 0, 0, 0),
('HS20180202', 'LH201802', 'GDCD', 1, 2020, 2021, 0, 0, 0, 0),
('HS20180202', 'LH201802', 'GDCD', 2, 2019, 2020, 10, 10, 10, 10),
('HS20180202', 'LH201802', 'GDCD', 2, 2020, 2021, 0, 0, 0, 0),
('HS20180202', 'LH201802', 'GDQP', 1, 2020, 2021, 0, 0, 0, 0),
('HS20180202', 'LH201802', 'GDQP', 2, 2019, 2020, 10, 10, 10, 10),
('HS20180202', 'LH201802', 'GDQP', 2, 2020, 2021, 0, 0, 0, 0),
('HS20180202', 'LH201802', 'HoaHoc', 1, 2020, 2021, 0, 0, 0, 0),
('HS20180202', 'LH201802', 'HoaHoc', 2, 2019, 2020, 10, 10, 10, 10),
('HS20180202', 'LH201802', 'HoaHoc', 2, 2020, 2021, 0, 0, 0, 0),
('HS20180202', 'LH201802', 'LichSu', 1, 2020, 2021, 0, 0, 0, 0),
('HS20180202', 'LH201802', 'LichSu', 2, 2019, 2020, 10, 10, 10, 10),
('HS20180202', 'LH201802', 'LichSu', 2, 2020, 2021, 0, 0, 0, 0),
('HS20180202', 'LH201802', 'NguVan', 1, 2020, 2021, 0, 0, 0, 0),
('HS20180202', 'LH201802', 'NguVan', 2, 2019, 2020, 10, 10, 10, 10),
('HS20180202', 'LH201802', 'NguVan', 2, 2020, 2021, 0, 0, 0, 0),
('HS20180202', 'LH201802', 'SinhHoc', 1, 2020, 2021, 0, 0, 0, 0),
('HS20180202', 'LH201802', 'SinhHoc', 2, 2019, 2020, 10, 10, 10, 10),
('HS20180202', 'LH201802', 'SinhHoc', 2, 2020, 2021, 0, 0, 0, 0),
('HS20180202', 'LH201802', 'TheDuc', 1, 2020, 2021, 0, 0, 0, 0),
('HS20180202', 'LH201802', 'TheDuc', 2, 2019, 2020, 10, 10, 10, 10),
('HS20180202', 'LH201802', 'TheDuc', 2, 2020, 2021, 0, 0, 0, 0),
('HS20180202', 'LH201802', 'TinHoc', 1, 2020, 2021, 0, 0, 0, 0),
('HS20180202', 'LH201802', 'TinHoc', 2, 2019, 2020, 10, 10, 10, 10),
('HS20180202', 'LH201802', 'TinHoc', 2, 2020, 2021, 0, 0, 0, 0),
('HS20180202', 'LH201802', 'Toan', 1, 2020, 2021, 0, 0, 0, 0),
('HS20180202', 'LH201802', 'Toan', 2, 2019, 2020, 10, 10, 10, 10),
('HS20180202', 'LH201802', 'Toan', 2, 2020, 2021, 0, 0, 0, 0),
('HS20180202', 'LH201802', 'VatLy', 1, 2020, 2021, 0, 0, 0, 0),
('HS20180202', 'LH201802', 'VatLy', 2, 2019, 2020, 10, 10, 10, 10),
('HS20180202', 'LH201802', 'VatLy', 2, 2020, 2021, 0, 0, 0, 0),
('HS20180203', 'LH201802', 'AnhVan', 1, 2020, 2021, 0, 0, 0, 0),
('HS20180203', 'LH201802', 'AnhVan', 2, 2019, 2020, 10, 10, 10, 10),
('HS20180203', 'LH201802', 'AnhVan', 2, 2020, 2021, 0, 0, 0, 0),
('HS20180203', 'LH201802', 'CongNghe', 1, 2020, 2021, 0, 0, 0, 0),
('HS20180203', 'LH201802', 'CongNghe', 2, 2019, 2020, 10, 10, 10, 10),
('HS20180203', 'LH201802', 'CongNghe', 2, 2020, 2021, 0, 0, 0, 0),
('HS20180203', 'LH201802', 'DiaLy', 1, 2020, 2021, 0, 0, 0, 0),
('HS20180203', 'LH201802', 'DiaLy', 2, 2019, 2020, 10, 10, 10, 10),
('HS20180203', 'LH201802', 'DiaLy', 2, 2020, 2021, 0, 0, 0, 0),
('HS20180203', 'LH201802', 'GDCD', 1, 2020, 2021, 0, 0, 0, 0),
('HS20180203', 'LH201802', 'GDCD', 2, 2019, 2020, 10, 10, 10, 10),
('HS20180203', 'LH201802', 'GDCD', 2, 2020, 2021, 0, 0, 0, 0),
('HS20180203', 'LH201802', 'GDQP', 1, 2020, 2021, 0, 0, 0, 0),
('HS20180203', 'LH201802', 'GDQP', 2, 2019, 2020, 10, 10, 10, 10),
('HS20180203', 'LH201802', 'GDQP', 2, 2020, 2021, 0, 0, 0, 0),
('HS20180203', 'LH201802', 'HoaHoc', 1, 2020, 2021, 0, 0, 0, 0),
('HS20180203', 'LH201802', 'HoaHoc', 2, 2019, 2020, 10, 10, 10, 10),
('HS20180203', 'LH201802', 'HoaHoc', 2, 2020, 2021, 0, 0, 0, 0),
('HS20180203', 'LH201802', 'LichSu', 1, 2020, 2021, 0, 0, 0, 0),
('HS20180203', 'LH201802', 'LichSu', 2, 2019, 2020, 10, 10, 10, 10),
('HS20180203', 'LH201802', 'LichSu', 2, 2020, 2021, 0, 0, 0, 0),
('HS20180203', 'LH201802', 'NguVan', 1, 2020, 2021, 0, 0, 0, 0),
('HS20180203', 'LH201802', 'NguVan', 2, 2019, 2020, 10, 10, 10, 10),
('HS20180203', 'LH201802', 'NguVan', 2, 2020, 2021, 0, 0, 0, 0),
('HS20180203', 'LH201802', 'SinhHoc', 1, 2020, 2021, 0, 0, 0, 0),
('HS20180203', 'LH201802', 'SinhHoc', 2, 2019, 2020, 10, 10, 10, 10),
('HS20180203', 'LH201802', 'SinhHoc', 2, 2020, 2021, 0, 0, 0, 0),
('HS20180203', 'LH201802', 'TheDuc', 1, 2020, 2021, 0, 0, 0, 0),
('HS20180203', 'LH201802', 'TheDuc', 2, 2019, 2020, 10, 10, 10, 10),
('HS20180203', 'LH201802', 'TheDuc', 2, 2020, 2021, 0, 0, 0, 0),
('HS20180203', 'LH201802', 'TinHoc', 1, 2020, 2021, 0, 0, 0, 0),
('HS20180203', 'LH201802', 'TinHoc', 2, 2019, 2020, 10, 10, 10, 10),
('HS20180203', 'LH201802', 'TinHoc', 2, 2020, 2021, 0, 0, 0, 0),
('HS20180203', 'LH201802', 'Toan', 1, 2020, 2021, 0, 0, 0, 0),
('HS20180203', 'LH201802', 'Toan', 2, 2019, 2020, 10, 10, 10, 10),
('HS20180203', 'LH201802', 'Toan', 2, 2020, 2021, 0, 0, 0, 0),
('HS20180203', 'LH201802', 'VatLy', 1, 2020, 2021, 0, 0, 0, 0),
('HS20180203', 'LH201802', 'VatLy', 2, 2019, 2020, 10, 10, 10, 10),
('HS20180203', 'LH201802', 'VatLy', 2, 2020, 2021, 0, 0, 0, 0),
('HS20180204', 'LH201802', 'AnhVan', 1, 2020, 2021, 0, 0, 0, 0),
('HS20180204', 'LH201802', 'AnhVan', 2, 2019, 2020, 10, 10, 10, 10),
('HS20180204', 'LH201802', 'AnhVan', 2, 2020, 2021, 0, 0, 0, 0),
('HS20180204', 'LH201802', 'CongNghe', 1, 2020, 2021, 0, 0, 0, 0),
('HS20180204', 'LH201802', 'CongNghe', 2, 2019, 2020, 10, 10, 10, 10),
('HS20180204', 'LH201802', 'CongNghe', 2, 2020, 2021, 0, 0, 0, 0),
('HS20180204', 'LH201802', 'DiaLy', 1, 2020, 2021, 0, 0, 0, 0),
('HS20180204', 'LH201802', 'DiaLy', 2, 2019, 2020, 10, 10, 10, 10),
('HS20180204', 'LH201802', 'DiaLy', 2, 2020, 2021, 0, 0, 0, 0),
('HS20180204', 'LH201802', 'GDCD', 1, 2020, 2021, 0, 0, 0, 0),
('HS20180204', 'LH201802', 'GDCD', 2, 2019, 2020, 10, 10, 10, 10),
('HS20180204', 'LH201802', 'GDCD', 2, 2020, 2021, 0, 0, 0, 0),
('HS20180204', 'LH201802', 'GDQP', 1, 2020, 2021, 0, 0, 0, 0),
('HS20180204', 'LH201802', 'GDQP', 2, 2019, 2020, 10, 10, 10, 10),
('HS20180204', 'LH201802', 'GDQP', 2, 2020, 2021, 0, 0, 0, 0),
('HS20180204', 'LH201802', 'HoaHoc', 1, 2020, 2021, 0, 0, 0, 0),
('HS20180204', 'LH201802', 'HoaHoc', 2, 2019, 2020, 10, 10, 10, 10),
('HS20180204', 'LH201802', 'HoaHoc', 2, 2020, 2021, 0, 0, 0, 0),
('HS20180204', 'LH201802', 'LichSu', 1, 2020, 2021, 0, 0, 0, 0),
('HS20180204', 'LH201802', 'LichSu', 2, 2019, 2020, 10, 10, 10, 10),
('HS20180204', 'LH201802', 'LichSu', 2, 2020, 2021, 0, 0, 0, 0),
('HS20180204', 'LH201802', 'NguVan', 1, 2020, 2021, 0, 0, 0, 0),
('HS20180204', 'LH201802', 'NguVan', 2, 2019, 2020, 10, 10, 10, 10),
('HS20180204', 'LH201802', 'NguVan', 2, 2020, 2021, 0, 0, 0, 0),
('HS20180204', 'LH201802', 'SinhHoc', 1, 2020, 2021, 0, 0, 0, 0),
('HS20180204', 'LH201802', 'SinhHoc', 2, 2019, 2020, 10, 10, 10, 10),
('HS20180204', 'LH201802', 'SinhHoc', 2, 2020, 2021, 0, 0, 0, 0),
('HS20180204', 'LH201802', 'TheDuc', 1, 2020, 2021, 0, 0, 0, 0),
('HS20180204', 'LH201802', 'TheDuc', 2, 2019, 2020, 10, 10, 10, 10),
('HS20180204', 'LH201802', 'TheDuc', 2, 2020, 2021, 0, 0, 0, 0),
('HS20180204', 'LH201802', 'TinHoc', 1, 2020, 2021, 0, 0, 0, 0),
('HS20180204', 'LH201802', 'TinHoc', 2, 2019, 2020, 10, 10, 10, 10),
('HS20180204', 'LH201802', 'TinHoc', 2, 2020, 2021, 0, 0, 0, 0),
('HS20180204', 'LH201802', 'Toan', 1, 2020, 2021, 0, 0, 0, 0),
('HS20180204', 'LH201802', 'Toan', 2, 2019, 2020, 10, 10, 10, 10),
('HS20180204', 'LH201802', 'Toan', 2, 2020, 2021, 0, 0, 0, 0),
('HS20180204', 'LH201802', 'VatLy', 1, 2020, 2021, 0, 0, 0, 0),
('HS20180204', 'LH201802', 'VatLy', 2, 2019, 2020, 10, 10, 10, 10),
('HS20180204', 'LH201802', 'VatLy', 2, 2020, 2021, 0, 0, 0, 0),
('HS20180205', 'LH201802', 'AnhVan', 1, 2020, 2021, 0, 0, 0, 0),
('HS20180205', 'LH201802', 'AnhVan', 2, 2019, 2020, 10, 10, 10, 10),
('HS20180205', 'LH201802', 'AnhVan', 2, 2020, 2021, 0, 0, 0, 0),
('HS20180205', 'LH201802', 'CongNghe', 1, 2020, 2021, 0, 0, 0, 0),
('HS20180205', 'LH201802', 'CongNghe', 2, 2019, 2020, 10, 10, 10, 10),
('HS20180205', 'LH201802', 'CongNghe', 2, 2020, 2021, 0, 0, 0, 0),
('HS20180205', 'LH201802', 'DiaLy', 1, 2020, 2021, 0, 0, 0, 0),
('HS20180205', 'LH201802', 'DiaLy', 2, 2019, 2020, 10, 10, 10, 10),
('HS20180205', 'LH201802', 'DiaLy', 2, 2020, 2021, 0, 0, 0, 0),
('HS20180205', 'LH201802', 'GDCD', 1, 2020, 2021, 0, 0, 0, 0),
('HS20180205', 'LH201802', 'GDCD', 2, 2019, 2020, 10, 10, 10, 10),
('HS20180205', 'LH201802', 'GDCD', 2, 2020, 2021, 0, 0, 0, 0),
('HS20180205', 'LH201802', 'GDQP', 1, 2020, 2021, 0, 0, 0, 0),
('HS20180205', 'LH201802', 'GDQP', 2, 2019, 2020, 10, 10, 10, 10),
('HS20180205', 'LH201802', 'GDQP', 2, 2020, 2021, 0, 0, 0, 0),
('HS20180205', 'LH201802', 'HoaHoc', 1, 2020, 2021, 0, 0, 0, 0),
('HS20180205', 'LH201802', 'HoaHoc', 2, 2019, 2020, 10, 10, 10, 10),
('HS20180205', 'LH201802', 'HoaHoc', 2, 2020, 2021, 0, 0, 0, 0),
('HS20180205', 'LH201802', 'LichSu', 1, 2020, 2021, 0, 0, 0, 0),
('HS20180205', 'LH201802', 'LichSu', 2, 2019, 2020, 10, 10, 10, 10),
('HS20180205', 'LH201802', 'LichSu', 2, 2020, 2021, 0, 0, 0, 0),
('HS20180205', 'LH201802', 'NguVan', 1, 2020, 2021, 0, 0, 0, 0),
('HS20180205', 'LH201802', 'NguVan', 2, 2019, 2020, 10, 10, 10, 10),
('HS20180205', 'LH201802', 'NguVan', 2, 2020, 2021, 0, 0, 0, 0),
('HS20180205', 'LH201802', 'SinhHoc', 1, 2020, 2021, 0, 0, 0, 0),
('HS20180205', 'LH201802', 'SinhHoc', 2, 2019, 2020, 10, 10, 10, 10),
('HS20180205', 'LH201802', 'SinhHoc', 2, 2020, 2021, 0, 0, 0, 0),
('HS20180205', 'LH201802', 'TheDuc', 1, 2020, 2021, 0, 0, 0, 0),
('HS20180205', 'LH201802', 'TheDuc', 2, 2019, 2020, 10, 10, 10, 10),
('HS20180205', 'LH201802', 'TheDuc', 2, 2020, 2021, 0, 0, 0, 0),
('HS20180205', 'LH201802', 'TinHoc', 1, 2020, 2021, 0, 0, 0, 0),
('HS20180205', 'LH201802', 'TinHoc', 2, 2019, 2020, 10, 10, 10, 10),
('HS20180205', 'LH201802', 'TinHoc', 2, 2020, 2021, 0, 0, 0, 0),
('HS20180205', 'LH201802', 'Toan', 1, 2020, 2021, 0, 0, 0, 0),
('HS20180205', 'LH201802', 'Toan', 2, 2019, 2020, 10, 10, 10, 10),
('HS20180205', 'LH201802', 'Toan', 2, 2020, 2021, 0, 0, 0, 0),
('HS20180205', 'LH201802', 'VatLy', 1, 2020, 2021, 0, 0, 0, 0),
('HS20180205', 'LH201802', 'VatLy', 2, 2019, 2020, 10, 10, 10, 10),
('HS20180205', 'LH201802', 'VatLy', 2, 2020, 2021, 0, 0, 0, 0),
('HS20180301', 'LH201803', 'AnhVan', 1, 2020, 2021, 0, 0, 0, 0),
('HS20180301', 'LH201803', 'AnhVan', 2, 2020, 2021, 0, 0, 0, 0),
('HS20180301', 'LH201803', 'CongNghe', 1, 2020, 2021, 0, 0, 0, 0),
('HS20180301', 'LH201803', 'CongNghe', 2, 2020, 2021, 0, 0, 0, 0),
('HS20180301', 'LH201803', 'DiaLy', 1, 2020, 2021, 0, 0, 0, 0),
('HS20180301', 'LH201803', 'DiaLy', 2, 2020, 2021, 0, 0, 0, 0),
('HS20180301', 'LH201803', 'GDCD', 1, 2020, 2021, 0, 0, 0, 0),
('HS20180301', 'LH201803', 'GDCD', 2, 2020, 2021, 0, 0, 0, 0),
('HS20180301', 'LH201803', 'GDQP', 1, 2020, 2021, 0, 0, 0, 0),
('HS20180301', 'LH201803', 'GDQP', 2, 2020, 2021, 0, 0, 0, 0),
('HS20180301', 'LH201803', 'HoaHoc', 1, 2020, 2021, 0, 0, 0, 0),
('HS20180301', 'LH201803', 'HoaHoc', 2, 2020, 2021, 0, 0, 0, 0),
('HS20180301', 'LH201803', 'LichSu', 1, 2020, 2021, 0, 0, 0, 0),
('HS20180301', 'LH201803', 'LichSu', 2, 2020, 2021, 0, 0, 0, 0),
('HS20180301', 'LH201803', 'NguVan', 1, 2020, 2021, 0, 0, 0, 0),
('HS20180301', 'LH201803', 'NguVan', 2, 2020, 2021, 0, 0, 0, 0),
('HS20180301', 'LH201803', 'SinhHoc', 1, 2020, 2021, 0, 0, 0, 0),
('HS20180301', 'LH201803', 'SinhHoc', 2, 2020, 2021, 0, 0, 0, 0),
('HS20180301', 'LH201803', 'TheDuc', 1, 2020, 2021, 0, 0, 0, 0),
('HS20180301', 'LH201803', 'TheDuc', 2, 2020, 2021, 0, 0, 0, 0),
('HS20180301', 'LH201803', 'TinHoc', 1, 2020, 2021, 0, 0, 0, 0),
('HS20180301', 'LH201803', 'TinHoc', 2, 2020, 2021, 0, 0, 0, 0),
('HS20180301', 'LH201803', 'Toan', 1, 2020, 2021, 0, 0, 0, 0),
('HS20180301', 'LH201803', 'Toan', 2, 2020, 2021, 0, 0, 0, 0),
('HS20180301', 'LH201803', 'VatLy', 1, 2020, 2021, 0, 0, 0, 0),
('HS20180301', 'LH201803', 'VatLy', 2, 2020, 2021, 0, 0, 0, 0),
('HS20180302', 'LH201803', 'AnhVan', 1, 2020, 2021, 0, 0, 0, 0),
('HS20180302', 'LH201803', 'AnhVan', 2, 2020, 2021, 0, 0, 0, 0),
('HS20180302', 'LH201803', 'CongNghe', 1, 2020, 2021, 0, 0, 0, 0),
('HS20180302', 'LH201803', 'CongNghe', 2, 2020, 2021, 0, 0, 0, 0),
('HS20180302', 'LH201803', 'DiaLy', 1, 2020, 2021, 0, 0, 0, 0),
('HS20180302', 'LH201803', 'DiaLy', 2, 2020, 2021, 0, 0, 0, 0),
('HS20180302', 'LH201803', 'GDCD', 1, 2020, 2021, 0, 0, 0, 0),
('HS20180302', 'LH201803', 'GDCD', 2, 2020, 2021, 0, 0, 0, 0),
('HS20180302', 'LH201803', 'GDQP', 1, 2020, 2021, 0, 0, 0, 0),
('HS20180302', 'LH201803', 'GDQP', 2, 2020, 2021, 0, 0, 0, 0),
('HS20180302', 'LH201803', 'HoaHoc', 1, 2020, 2021, 0, 0, 0, 0),
('HS20180302', 'LH201803', 'HoaHoc', 2, 2020, 2021, 0, 0, 0, 0),
('HS20180302', 'LH201803', 'LichSu', 1, 2020, 2021, 0, 0, 0, 0),
('HS20180302', 'LH201803', 'LichSu', 2, 2020, 2021, 0, 0, 0, 0),
('HS20180302', 'LH201803', 'NguVan', 1, 2020, 2021, 0, 0, 0, 0),
('HS20180302', 'LH201803', 'NguVan', 2, 2020, 2021, 0, 0, 0, 0),
('HS20180302', 'LH201803', 'SinhHoc', 1, 2020, 2021, 0, 0, 0, 0),
('HS20180302', 'LH201803', 'SinhHoc', 2, 2020, 2021, 0, 0, 0, 0),
('HS20180302', 'LH201803', 'TheDuc', 1, 2020, 2021, 0, 0, 0, 0),
('HS20180302', 'LH201803', 'TheDuc', 2, 2020, 2021, 0, 0, 0, 0),
('HS20180302', 'LH201803', 'TinHoc', 1, 2020, 2021, 0, 0, 0, 0),
('HS20180302', 'LH201803', 'TinHoc', 2, 2020, 2021, 0, 0, 0, 0),
('HS20180302', 'LH201803', 'Toan', 1, 2020, 2021, 0, 0, 0, 0),
('HS20180302', 'LH201803', 'Toan', 2, 2020, 2021, 0, 0, 0, 0),
('HS20180302', 'LH201803', 'VatLy', 1, 2020, 2021, 0, 0, 0, 0),
('HS20180302', 'LH201803', 'VatLy', 2, 2020, 2021, 0, 0, 0, 0),
('HS20180303', 'LH201803', 'AnhVan', 1, 2020, 2021, 0, 0, 0, 0),
('HS20180303', 'LH201803', 'AnhVan', 2, 2020, 2021, 0, 0, 0, 0),
('HS20180303', 'LH201803', 'CongNghe', 1, 2020, 2021, 0, 0, 0, 0),
('HS20180303', 'LH201803', 'CongNghe', 2, 2020, 2021, 0, 0, 0, 0),
('HS20180303', 'LH201803', 'DiaLy', 1, 2020, 2021, 0, 0, 0, 0),
('HS20180303', 'LH201803', 'DiaLy', 2, 2020, 2021, 0, 0, 0, 0),
('HS20180303', 'LH201803', 'GDCD', 1, 2020, 2021, 0, 0, 0, 0),
('HS20180303', 'LH201803', 'GDCD', 2, 2020, 2021, 0, 0, 0, 0),
('HS20180303', 'LH201803', 'GDQP', 1, 2020, 2021, 0, 0, 0, 0),
('HS20180303', 'LH201803', 'GDQP', 2, 2020, 2021, 0, 0, 0, 0),
('HS20180303', 'LH201803', 'HoaHoc', 1, 2020, 2021, 0, 0, 0, 0),
('HS20180303', 'LH201803', 'HoaHoc', 2, 2020, 2021, 0, 0, 0, 0),
('HS20180303', 'LH201803', 'LichSu', 1, 2020, 2021, 0, 0, 0, 0),
('HS20180303', 'LH201803', 'LichSu', 2, 2020, 2021, 0, 0, 0, 0),
('HS20180303', 'LH201803', 'NguVan', 1, 2020, 2021, 0, 0, 0, 0),
('HS20180303', 'LH201803', 'NguVan', 2, 2020, 2021, 0, 0, 0, 0),
('HS20180303', 'LH201803', 'SinhHoc', 1, 2020, 2021, 0, 0, 0, 0),
('HS20180303', 'LH201803', 'SinhHoc', 2, 2020, 2021, 0, 0, 0, 0),
('HS20180303', 'LH201803', 'TheDuc', 1, 2020, 2021, 0, 0, 0, 0),
('HS20180303', 'LH201803', 'TheDuc', 2, 2020, 2021, 0, 0, 0, 0),
('HS20180303', 'LH201803', 'TinHoc', 1, 2020, 2021, 0, 0, 0, 0),
('HS20180303', 'LH201803', 'TinHoc', 2, 2020, 2021, 0, 0, 0, 0),
('HS20180303', 'LH201803', 'Toan', 1, 2020, 2021, 0, 0, 0, 0),
('HS20180303', 'LH201803', 'Toan', 2, 2020, 2021, 0, 0, 0, 0),
('HS20180303', 'LH201803', 'VatLy', 1, 2020, 2021, 0, 0, 0, 0),
('HS20180303', 'LH201803', 'VatLy', 2, 2020, 2021, 0, 0, 0, 0),
('HS20180304', 'LH201803', 'AnhVan', 1, 2020, 2021, 0, 0, 0, 0),
('HS20180304', 'LH201803', 'AnhVan', 2, 2020, 2021, 0, 0, 0, 0),
('HS20180304', 'LH201803', 'CongNghe', 1, 2020, 2021, 0, 0, 0, 0),
('HS20180304', 'LH201803', 'CongNghe', 2, 2020, 2021, 0, 0, 0, 0),
('HS20180304', 'LH201803', 'DiaLy', 1, 2020, 2021, 0, 0, 0, 0),
('HS20180304', 'LH201803', 'DiaLy', 2, 2020, 2021, 0, 0, 0, 0),
('HS20180304', 'LH201803', 'GDCD', 1, 2020, 2021, 0, 0, 0, 0),
('HS20180304', 'LH201803', 'GDCD', 2, 2020, 2021, 0, 0, 0, 0),
('HS20180304', 'LH201803', 'GDQP', 1, 2020, 2021, 0, 0, 0, 0),
('HS20180304', 'LH201803', 'GDQP', 2, 2020, 2021, 0, 0, 0, 0),
('HS20180304', 'LH201803', 'HoaHoc', 1, 2020, 2021, 0, 0, 0, 0),
('HS20180304', 'LH201803', 'HoaHoc', 2, 2020, 2021, 0, 0, 0, 0),
('HS20180304', 'LH201803', 'LichSu', 1, 2020, 2021, 0, 0, 0, 0),
('HS20180304', 'LH201803', 'LichSu', 2, 2020, 2021, 0, 0, 0, 0),
('HS20180304', 'LH201803', 'NguVan', 1, 2020, 2021, 0, 0, 0, 0),
('HS20180304', 'LH201803', 'NguVan', 2, 2020, 2021, 0, 0, 0, 0),
('HS20180304', 'LH201803', 'SinhHoc', 1, 2020, 2021, 0, 0, 0, 0),
('HS20180304', 'LH201803', 'SinhHoc', 2, 2020, 2021, 0, 0, 0, 0),
('HS20180304', 'LH201803', 'TheDuc', 1, 2020, 2021, 0, 0, 0, 0),
('HS20180304', 'LH201803', 'TheDuc', 2, 2020, 2021, 0, 0, 0, 0),
('HS20180304', 'LH201803', 'TinHoc', 1, 2020, 2021, 0, 0, 0, 0),
('HS20180304', 'LH201803', 'TinHoc', 2, 2020, 2021, 0, 0, 0, 0),
('HS20180304', 'LH201803', 'Toan', 1, 2020, 2021, 0, 0, 0, 0),
('HS20180304', 'LH201803', 'Toan', 2, 2020, 2021, 0, 0, 0, 0),
('HS20180304', 'LH201803', 'VatLy', 1, 2020, 2021, 0, 0, 0, 0),
('HS20180304', 'LH201803', 'VatLy', 2, 2020, 2021, 0, 0, 0, 0),
('HS20180305', 'LH201803', 'AnhVan', 1, 2020, 2021, 0, 0, 0, 0),
('HS20180305', 'LH201803', 'AnhVan', 2, 2020, 2021, 0, 0, 0, 0),
('HS20180305', 'LH201803', 'CongNghe', 1, 2020, 2021, 0, 0, 0, 0),
('HS20180305', 'LH201803', 'CongNghe', 2, 2020, 2021, 0, 0, 0, 0),
('HS20180305', 'LH201803', 'DiaLy', 1, 2020, 2021, 0, 0, 0, 0),
('HS20180305', 'LH201803', 'DiaLy', 2, 2020, 2021, 0, 0, 0, 0),
('HS20180305', 'LH201803', 'GDCD', 1, 2020, 2021, 0, 0, 0, 0),
('HS20180305', 'LH201803', 'GDCD', 2, 2020, 2021, 0, 0, 0, 0),
('HS20180305', 'LH201803', 'GDQP', 1, 2020, 2021, 0, 0, 0, 0),
('HS20180305', 'LH201803', 'GDQP', 2, 2020, 2021, 0, 0, 0, 0),
('HS20180305', 'LH201803', 'HoaHoc', 1, 2020, 2021, 0, 0, 0, 0),
('HS20180305', 'LH201803', 'HoaHoc', 2, 2020, 2021, 0, 0, 0, 0),
('HS20180305', 'LH201803', 'LichSu', 1, 2020, 2021, 0, 0, 0, 0),
('HS20180305', 'LH201803', 'LichSu', 2, 2020, 2021, 0, 0, 0, 0),
('HS20180305', 'LH201803', 'NguVan', 1, 2020, 2021, 0, 0, 0, 0),
('HS20180305', 'LH201803', 'NguVan', 2, 2020, 2021, 0, 0, 0, 0),
('HS20180305', 'LH201803', 'SinhHoc', 1, 2020, 2021, 0, 0, 0, 0),
('HS20180305', 'LH201803', 'SinhHoc', 2, 2020, 2021, 0, 0, 0, 0),
('HS20180305', 'LH201803', 'TheDuc', 1, 2020, 2021, 0, 0, 0, 0),
('HS20180305', 'LH201803', 'TheDuc', 2, 2020, 2021, 0, 0, 0, 0),
('HS20180305', 'LH201803', 'TinHoc', 1, 2020, 2021, 0, 0, 0, 0),
('HS20180305', 'LH201803', 'TinHoc', 2, 2020, 2021, 0, 0, 0, 0),
('HS20180305', 'LH201803', 'Toan', 1, 2020, 2021, 0, 0, 0, 0),
('HS20180305', 'LH201803', 'Toan', 2, 2020, 2021, 0, 0, 0, 0),
('HS20180305', 'LH201803', 'VatLy', 1, 2020, 2021, 0, 0, 0, 0),
('HS20180305', 'LH201803', 'VatLy', 2, 2020, 2021, 0, 0, 0, 0),
('HS20180401', 'LH201804', 'AnhVan', 1, 2020, 2021, 0, 0, 0, 0),
('HS20180401', 'LH201804', 'AnhVan', 2, 2020, 2021, 0, 0, 0, 0),
('HS20180401', 'LH201804', 'CongNghe', 1, 2020, 2021, 0, 0, 0, 0),
('HS20180401', 'LH201804', 'CongNghe', 2, 2020, 2021, 0, 0, 0, 0),
('HS20180401', 'LH201804', 'DiaLy', 1, 2020, 2021, 0, 0, 0, 0),
('HS20180401', 'LH201804', 'DiaLy', 2, 2020, 2021, 0, 0, 0, 0),
('HS20180401', 'LH201804', 'GDCD', 1, 2020, 2021, 0, 0, 0, 0),
('HS20180401', 'LH201804', 'GDCD', 2, 2020, 2021, 0, 0, 0, 0),
('HS20180401', 'LH201804', 'GDQP', 1, 2020, 2021, 0, 0, 0, 0),
('HS20180401', 'LH201804', 'GDQP', 2, 2020, 2021, 0, 0, 0, 0),
('HS20180401', 'LH201804', 'HoaHoc', 1, 2020, 2021, 0, 0, 0, 0),
('HS20180401', 'LH201804', 'HoaHoc', 2, 2020, 2021, 0, 0, 0, 0),
('HS20180401', 'LH201804', 'LichSu', 1, 2020, 2021, 0, 0, 0, 0),
('HS20180401', 'LH201804', 'LichSu', 2, 2020, 2021, 0, 0, 0, 0),
('HS20180401', 'LH201804', 'NguVan', 1, 2020, 2021, 0, 0, 0, 0),
('HS20180401', 'LH201804', 'NguVan', 2, 2020, 2021, 0, 0, 0, 0),
('HS20180401', 'LH201804', 'SinhHoc', 1, 2020, 2021, 0, 0, 0, 0),
('HS20180401', 'LH201804', 'SinhHoc', 2, 2020, 2021, 0, 0, 0, 0),
('HS20180401', 'LH201804', 'TheDuc', 1, 2020, 2021, 0, 0, 0, 0),
('HS20180401', 'LH201804', 'TheDuc', 2, 2020, 2021, 0, 0, 0, 0),
('HS20180401', 'LH201804', 'TinHoc', 1, 2020, 2021, 0, 0, 0, 0),
('HS20180401', 'LH201804', 'TinHoc', 2, 2020, 2021, 0, 0, 0, 0),
('HS20180401', 'LH201804', 'Toan', 1, 2020, 2021, 0, 0, 0, 0),
('HS20180401', 'LH201804', 'Toan', 2, 2020, 2021, 0, 0, 0, 0),
('HS20180401', 'LH201804', 'VatLy', 1, 2020, 2021, 0, 0, 0, 0),
('HS20180401', 'LH201804', 'VatLy', 2, 2020, 2021, 0, 0, 0, 0),
('HS20180402', 'LH201804', 'AnhVan', 1, 2020, 2021, 0, 0, 0, 0),
('HS20180402', 'LH201804', 'AnhVan', 2, 2020, 2021, 0, 0, 0, 0),
('HS20180402', 'LH201804', 'CongNghe', 1, 2020, 2021, 0, 0, 0, 0),
('HS20180402', 'LH201804', 'CongNghe', 2, 2020, 2021, 0, 0, 0, 0),
('HS20180402', 'LH201804', 'DiaLy', 1, 2020, 2021, 0, 0, 0, 0),
('HS20180402', 'LH201804', 'DiaLy', 2, 2020, 2021, 0, 0, 0, 0),
('HS20180402', 'LH201804', 'GDCD', 1, 2020, 2021, 0, 0, 0, 0),
('HS20180402', 'LH201804', 'GDCD', 2, 2020, 2021, 0, 0, 0, 0),
('HS20180402', 'LH201804', 'GDQP', 1, 2020, 2021, 0, 0, 0, 0),
('HS20180402', 'LH201804', 'GDQP', 2, 2020, 2021, 0, 0, 0, 0),
('HS20180402', 'LH201804', 'HoaHoc', 1, 2020, 2021, 0, 0, 0, 0),
('HS20180402', 'LH201804', 'HoaHoc', 2, 2020, 2021, 0, 0, 0, 0),
('HS20180402', 'LH201804', 'LichSu', 1, 2020, 2021, 0, 0, 0, 0),
('HS20180402', 'LH201804', 'LichSu', 2, 2020, 2021, 0, 0, 0, 0),
('HS20180402', 'LH201804', 'NguVan', 1, 2020, 2021, 0, 0, 0, 0),
('HS20180402', 'LH201804', 'NguVan', 2, 2020, 2021, 0, 0, 0, 0),
('HS20180402', 'LH201804', 'SinhHoc', 1, 2020, 2021, 0, 0, 0, 0),
('HS20180402', 'LH201804', 'SinhHoc', 2, 2020, 2021, 0, 0, 0, 0),
('HS20180402', 'LH201804', 'TheDuc', 1, 2020, 2021, 0, 0, 0, 0),
('HS20180402', 'LH201804', 'TheDuc', 2, 2020, 2021, 0, 0, 0, 0),
('HS20180402', 'LH201804', 'TinHoc', 1, 2020, 2021, 0, 0, 0, 0),
('HS20180402', 'LH201804', 'TinHoc', 2, 2020, 2021, 0, 0, 0, 0),
('HS20180402', 'LH201804', 'Toan', 1, 2020, 2021, 0, 0, 0, 0),
('HS20180402', 'LH201804', 'Toan', 2, 2020, 2021, 0, 0, 0, 0),
('HS20180402', 'LH201804', 'VatLy', 1, 2020, 2021, 0, 0, 0, 0),
('HS20180402', 'LH201804', 'VatLy', 2, 2020, 2021, 0, 0, 0, 0),
('HS20180403', 'LH201804', 'AnhVan', 1, 2020, 2021, 0, 0, 0, 0),
('HS20180403', 'LH201804', 'AnhVan', 2, 2020, 2021, 0, 0, 0, 0),
('HS20180403', 'LH201804', 'CongNghe', 1, 2020, 2021, 0, 0, 0, 0),
('HS20180403', 'LH201804', 'CongNghe', 2, 2020, 2021, 0, 0, 0, 0),
('HS20180403', 'LH201804', 'DiaLy', 1, 2020, 2021, 0, 0, 0, 0),
('HS20180403', 'LH201804', 'DiaLy', 2, 2020, 2021, 0, 0, 0, 0),
('HS20180403', 'LH201804', 'GDCD', 1, 2020, 2021, 0, 0, 0, 0),
('HS20180403', 'LH201804', 'GDCD', 2, 2020, 2021, 0, 0, 0, 0),
('HS20180403', 'LH201804', 'GDQP', 1, 2020, 2021, 0, 0, 0, 0),
('HS20180403', 'LH201804', 'GDQP', 2, 2020, 2021, 0, 0, 0, 0),
('HS20180403', 'LH201804', 'HoaHoc', 1, 2020, 2021, 0, 0, 0, 0),
('HS20180403', 'LH201804', 'HoaHoc', 2, 2020, 2021, 0, 0, 0, 0),
('HS20180403', 'LH201804', 'LichSu', 1, 2020, 2021, 0, 0, 0, 0),
('HS20180403', 'LH201804', 'LichSu', 2, 2020, 2021, 0, 0, 0, 0),
('HS20180403', 'LH201804', 'NguVan', 1, 2020, 2021, 0, 0, 0, 0),
('HS20180403', 'LH201804', 'NguVan', 2, 2020, 2021, 0, 0, 0, 0),
('HS20180403', 'LH201804', 'SinhHoc', 1, 2020, 2021, 0, 0, 0, 0),
('HS20180403', 'LH201804', 'SinhHoc', 2, 2020, 2021, 0, 0, 0, 0),
('HS20180403', 'LH201804', 'TheDuc', 1, 2020, 2021, 0, 0, 0, 0),
('HS20180403', 'LH201804', 'TheDuc', 2, 2020, 2021, 0, 0, 0, 0),
('HS20180403', 'LH201804', 'TinHoc', 1, 2020, 2021, 0, 0, 0, 0),
('HS20180403', 'LH201804', 'TinHoc', 2, 2020, 2021, 0, 0, 0, 0),
('HS20180403', 'LH201804', 'Toan', 1, 2020, 2021, 0, 0, 0, 0),
('HS20180403', 'LH201804', 'Toan', 2, 2020, 2021, 0, 0, 0, 0),
('HS20180403', 'LH201804', 'VatLy', 1, 2020, 2021, 0, 0, 0, 0),
('HS20180403', 'LH201804', 'VatLy', 2, 2020, 2021, 0, 0, 0, 0),
('HS20180404', 'LH201804', 'AnhVan', 1, 2020, 2021, 0, 0, 0, 0),
('HS20180404', 'LH201804', 'AnhVan', 2, 2020, 2021, 0, 0, 0, 0),
('HS20180404', 'LH201804', 'CongNghe', 1, 2020, 2021, 0, 0, 0, 0),
('HS20180404', 'LH201804', 'CongNghe', 2, 2020, 2021, 0, 0, 0, 0),
('HS20180404', 'LH201804', 'DiaLy', 1, 2020, 2021, 0, 0, 0, 0),
('HS20180404', 'LH201804', 'DiaLy', 2, 2020, 2021, 0, 0, 0, 0),
('HS20180404', 'LH201804', 'GDCD', 1, 2020, 2021, 0, 0, 0, 0),
('HS20180404', 'LH201804', 'GDCD', 2, 2020, 2021, 0, 0, 0, 0),
('HS20180404', 'LH201804', 'GDQP', 1, 2020, 2021, 0, 0, 0, 0),
('HS20180404', 'LH201804', 'GDQP', 2, 2020, 2021, 0, 0, 0, 0),
('HS20180404', 'LH201804', 'HoaHoc', 1, 2020, 2021, 0, 0, 0, 0),
('HS20180404', 'LH201804', 'HoaHoc', 2, 2020, 2021, 0, 0, 0, 0),
('HS20180404', 'LH201804', 'LichSu', 1, 2020, 2021, 0, 0, 0, 0),
('HS20180404', 'LH201804', 'LichSu', 2, 2020, 2021, 0, 0, 0, 0),
('HS20180404', 'LH201804', 'NguVan', 1, 2020, 2021, 0, 0, 0, 0),
('HS20180404', 'LH201804', 'NguVan', 2, 2020, 2021, 0, 0, 0, 0),
('HS20180404', 'LH201804', 'SinhHoc', 1, 2020, 2021, 0, 0, 0, 0),
('HS20180404', 'LH201804', 'SinhHoc', 2, 2020, 2021, 0, 0, 0, 0),
('HS20180404', 'LH201804', 'TheDuc', 1, 2020, 2021, 0, 0, 0, 0),
('HS20180404', 'LH201804', 'TheDuc', 2, 2020, 2021, 0, 0, 0, 0),
('HS20180404', 'LH201804', 'TinHoc', 1, 2020, 2021, 0, 0, 0, 0),
('HS20180404', 'LH201804', 'TinHoc', 2, 2020, 2021, 0, 0, 0, 0),
('HS20180404', 'LH201804', 'Toan', 1, 2020, 2021, 0, 0, 0, 0),
('HS20180404', 'LH201804', 'Toan', 2, 2020, 2021, 0, 0, 0, 0),
('HS20180404', 'LH201804', 'VatLy', 1, 2020, 2021, 0, 0, 0, 0),
('HS20180404', 'LH201804', 'VatLy', 2, 2020, 2021, 0, 0, 0, 0),
('HS20180405', 'LH201804', 'AnhVan', 1, 2020, 2021, 0, 0, 0, 0),
('HS20180405', 'LH201804', 'AnhVan', 2, 2020, 2021, 0, 0, 0, 0),
('HS20180405', 'LH201804', 'CongNghe', 1, 2020, 2021, 0, 0, 0, 0),
('HS20180405', 'LH201804', 'CongNghe', 2, 2020, 2021, 0, 0, 0, 0),
('HS20180405', 'LH201804', 'DiaLy', 1, 2020, 2021, 0, 0, 0, 0),
('HS20180405', 'LH201804', 'DiaLy', 2, 2020, 2021, 0, 0, 0, 0),
('HS20180405', 'LH201804', 'GDCD', 1, 2020, 2021, 0, 0, 0, 0),
('HS20180405', 'LH201804', 'GDCD', 2, 2020, 2021, 0, 0, 0, 0),
('HS20180405', 'LH201804', 'GDQP', 1, 2020, 2021, 0, 0, 0, 0),
('HS20180405', 'LH201804', 'GDQP', 2, 2020, 2021, 0, 0, 0, 0),
('HS20180405', 'LH201804', 'HoaHoc', 1, 2020, 2021, 0, 0, 0, 0),
('HS20180405', 'LH201804', 'HoaHoc', 2, 2020, 2021, 0, 0, 0, 0),
('HS20180405', 'LH201804', 'LichSu', 1, 2020, 2021, 0, 0, 0, 0),
('HS20180405', 'LH201804', 'LichSu', 2, 2020, 2021, 0, 0, 0, 0),
('HS20180405', 'LH201804', 'NguVan', 1, 2020, 2021, 0, 0, 0, 0),
('HS20180405', 'LH201804', 'NguVan', 2, 2020, 2021, 0, 0, 0, 0),
('HS20180405', 'LH201804', 'SinhHoc', 1, 2020, 2021, 0, 0, 0, 0),
('HS20180405', 'LH201804', 'SinhHoc', 2, 2020, 2021, 0, 0, 0, 0),
('HS20180405', 'LH201804', 'TheDuc', 1, 2020, 2021, 0, 0, 0, 0),
('HS20180405', 'LH201804', 'TheDuc', 2, 2020, 2021, 0, 0, 0, 0),
('HS20180405', 'LH201804', 'TinHoc', 1, 2020, 2021, 0, 0, 0, 0),
('HS20180405', 'LH201804', 'TinHoc', 2, 2020, 2021, 0, 0, 0, 0),
('HS20180405', 'LH201804', 'Toan', 1, 2020, 2021, 0, 0, 0, 0),
('HS20180405', 'LH201804', 'Toan', 2, 2020, 2021, 0, 0, 0, 0),
('HS20180405', 'LH201804', 'VatLy', 1, 2020, 2021, 0, 0, 0, 0),
('HS20180405', 'LH201804', 'VatLy', 2, 2020, 2021, 0, 0, 0, 0),
('HS20190101', 'LH201901', 'AnhVan', 1, 2020, 2021, 0, 0, 0, 0),
('HS20190101', 'LH201901', 'AnhVan', 1, 2021, 2022, 0, 0, 0, 0),
('HS20190101', 'LH201901', 'AnhVan', 2, 2019, 2020, 10, 10, 10, 10),
('HS20190101', 'LH201901', 'AnhVan', 2, 2020, 2021, 0, 0, 0, 0),
('HS20190101', 'LH201901', 'CongNghe', 1, 2020, 2021, 0, 0, 0, 0),
('HS20190101', 'LH201901', 'CongNghe', 1, 2021, 2022, 0, 0, 0, 0),
('HS20190101', 'LH201901', 'CongNghe', 2, 2019, 2020, 10, 10, 10, 10),
('HS20190101', 'LH201901', 'CongNghe', 2, 2020, 2021, 0, 0, 0, 0),
('HS20190101', 'LH201901', 'DiaLy', 1, 2020, 2021, 0, 0, 0, 0),
('HS20190101', 'LH201901', 'DiaLy', 1, 2021, 2022, 0, 0, 0, 0),
('HS20190101', 'LH201901', 'DiaLy', 2, 2019, 2020, 10, 10, 10, 10),
('HS20190101', 'LH201901', 'DiaLy', 2, 2020, 2021, 0, 0, 0, 0),
('HS20190101', 'LH201901', 'GDCD', 1, 2020, 2021, 0, 0, 0, 0),
('HS20190101', 'LH201901', 'GDCD', 1, 2021, 2022, 0, 0, 0, 0),
('HS20190101', 'LH201901', 'GDCD', 2, 2019, 2020, 10, 10, 10, 10),
('HS20190101', 'LH201901', 'GDCD', 2, 2020, 2021, 0, 0, 0, 0),
('HS20190101', 'LH201901', 'GDQP', 1, 2020, 2021, 0, 0, 0, 0),
('HS20190101', 'LH201901', 'GDQP', 1, 2021, 2022, 0, 0, 0, 0),
('HS20190101', 'LH201901', 'GDQP', 2, 2019, 2020, 10, 10, 10, 10),
('HS20190101', 'LH201901', 'GDQP', 2, 2020, 2021, 0, 0, 0, 0),
('HS20190101', 'LH201901', 'HoaHoc', 1, 2020, 2021, 0, 0, 0, 0),
('HS20190101', 'LH201901', 'HoaHoc', 1, 2021, 2022, 0, 0, 0, 0),
('HS20190101', 'LH201901', 'HoaHoc', 2, 2019, 2020, 10, 10, 10, 10),
('HS20190101', 'LH201901', 'HoaHoc', 2, 2020, 2021, 0, 0, 0, 0),
('HS20190101', 'LH201901', 'LichSu', 1, 2020, 2021, 0, 0, 0, 0),
('HS20190101', 'LH201901', 'LichSu', 1, 2021, 2022, 0, 0, 0, 0),
('HS20190101', 'LH201901', 'LichSu', 2, 2019, 2020, 10, 10, 10, 10),
('HS20190101', 'LH201901', 'LichSu', 2, 2020, 2021, 0, 0, 0, 0),
('HS20190101', 'LH201901', 'NguVan', 1, 2020, 2021, 0, 0, 0, 0),
('HS20190101', 'LH201901', 'NguVan', 1, 2021, 2022, 0, 0, 0, 0),
('HS20190101', 'LH201901', 'NguVan', 2, 2019, 2020, 10, 10, 10, 10),
('HS20190101', 'LH201901', 'NguVan', 2, 2020, 2021, 0, 0, 0, 0),
('HS20190101', 'LH201901', 'SinhHoc', 1, 2020, 2021, 0, 0, 0, 0),
('HS20190101', 'LH201901', 'SinhHoc', 1, 2021, 2022, 0, 0, 0, 0),
('HS20190101', 'LH201901', 'SinhHoc', 2, 2019, 2020, 10, 10, 10, 10),
('HS20190101', 'LH201901', 'SinhHoc', 2, 2020, 2021, 0, 0, 0, 0),
('HS20190101', 'LH201901', 'TheDuc', 1, 2020, 2021, 0, 0, 0, 0),
('HS20190101', 'LH201901', 'TheDuc', 1, 2021, 2022, 0, 0, 0, 0),
('HS20190101', 'LH201901', 'TheDuc', 2, 2019, 2020, 10, 10, 10, 10),
('HS20190101', 'LH201901', 'TheDuc', 2, 2020, 2021, 0, 0, 0, 0),
('HS20190101', 'LH201901', 'TinHoc', 1, 2020, 2021, 0, 0, 0, 0),
('HS20190101', 'LH201901', 'TinHoc', 1, 2021, 2022, 0, 0, 0, 0),
('HS20190101', 'LH201901', 'TinHoc', 2, 2019, 2020, 10, 10, 10, 10),
('HS20190101', 'LH201901', 'TinHoc', 2, 2020, 2021, 0, 0, 0, 0),
('HS20190101', 'LH201901', 'Toan', 1, 2020, 2021, 0, 0, 0, 0),
('HS20190101', 'LH201901', 'Toan', 1, 2021, 2022, 0, 0, 0, 0),
('HS20190101', 'LH201901', 'Toan', 2, 2019, 2020, 10, 10, 10, 10),
('HS20190101', 'LH201901', 'Toan', 2, 2020, 2021, 0, 0, 0, 0),
('HS20190101', 'LH201901', 'VatLy', 1, 2020, 2021, 0, 0, 0, 0),
('HS20190101', 'LH201901', 'VatLy', 1, 2021, 2022, 0, 0, 0, 0),
('HS20190101', 'LH201901', 'VatLy', 2, 2019, 2020, 10, 10, 10, 10),
('HS20190101', 'LH201901', 'VatLy', 2, 2020, 2021, 0, 0, 0, 0),
('HS20190102', 'LH201901', 'AnhVan', 1, 2020, 2021, 0, 0, 0, 0),
('HS20190102', 'LH201901', 'AnhVan', 1, 2021, 2022, 0, 0, 0, 0),
('HS20190102', 'LH201901', 'AnhVan', 2, 2019, 2020, 10, 10, 10, 10),
('HS20190102', 'LH201901', 'AnhVan', 2, 2020, 2021, 0, 0, 0, 0),
('HS20190102', 'LH201901', 'CongNghe', 1, 2020, 2021, 0, 0, 0, 0),
('HS20190102', 'LH201901', 'CongNghe', 1, 2021, 2022, 0, 0, 0, 0),
('HS20190102', 'LH201901', 'CongNghe', 2, 2019, 2020, 10, 10, 10, 10),
('HS20190102', 'LH201901', 'CongNghe', 2, 2020, 2021, 0, 0, 0, 0),
('HS20190102', 'LH201901', 'DiaLy', 1, 2020, 2021, 0, 0, 0, 0),
('HS20190102', 'LH201901', 'DiaLy', 1, 2021, 2022, 0, 0, 0, 0),
('HS20190102', 'LH201901', 'DiaLy', 2, 2019, 2020, 10, 10, 10, 10),
('HS20190102', 'LH201901', 'DiaLy', 2, 2020, 2021, 0, 0, 0, 0),
('HS20190102', 'LH201901', 'GDCD', 1, 2020, 2021, 0, 0, 0, 0),
('HS20190102', 'LH201901', 'GDCD', 1, 2021, 2022, 0, 0, 0, 0),
('HS20190102', 'LH201901', 'GDCD', 2, 2019, 2020, 10, 10, 10, 10),
('HS20190102', 'LH201901', 'GDCD', 2, 2020, 2021, 0, 0, 0, 0),
('HS20190102', 'LH201901', 'GDQP', 1, 2020, 2021, 0, 0, 0, 0),
('HS20190102', 'LH201901', 'GDQP', 1, 2021, 2022, 0, 0, 0, 0),
('HS20190102', 'LH201901', 'GDQP', 2, 2019, 2020, 10, 10, 10, 10),
('HS20190102', 'LH201901', 'GDQP', 2, 2020, 2021, 0, 0, 0, 0),
('HS20190102', 'LH201901', 'HoaHoc', 1, 2020, 2021, 0, 0, 0, 0),
('HS20190102', 'LH201901', 'HoaHoc', 1, 2021, 2022, 0, 0, 0, 0),
('HS20190102', 'LH201901', 'HoaHoc', 2, 2019, 2020, 10, 10, 10, 10),
('HS20190102', 'LH201901', 'HoaHoc', 2, 2020, 2021, 0, 0, 0, 0),
('HS20190102', 'LH201901', 'LichSu', 1, 2020, 2021, 0, 0, 0, 0),
('HS20190102', 'LH201901', 'LichSu', 1, 2021, 2022, 0, 0, 0, 0),
('HS20190102', 'LH201901', 'LichSu', 2, 2019, 2020, 10, 10, 10, 10),
('HS20190102', 'LH201901', 'LichSu', 2, 2020, 2021, 0, 0, 0, 0),
('HS20190102', 'LH201901', 'NguVan', 1, 2020, 2021, 0, 0, 0, 0),
('HS20190102', 'LH201901', 'NguVan', 1, 2021, 2022, 0, 0, 0, 0),
('HS20190102', 'LH201901', 'NguVan', 2, 2019, 2020, 10, 10, 10, 10),
('HS20190102', 'LH201901', 'NguVan', 2, 2020, 2021, 0, 0, 0, 0),
('HS20190102', 'LH201901', 'SinhHoc', 1, 2020, 2021, 0, 0, 0, 0),
('HS20190102', 'LH201901', 'SinhHoc', 1, 2021, 2022, 0, 0, 0, 0),
('HS20190102', 'LH201901', 'SinhHoc', 2, 2019, 2020, 10, 10, 10, 10),
('HS20190102', 'LH201901', 'SinhHoc', 2, 2020, 2021, 0, 0, 0, 0),
('HS20190102', 'LH201901', 'TheDuc', 1, 2020, 2021, 0, 0, 0, 0),
('HS20190102', 'LH201901', 'TheDuc', 1, 2021, 2022, 0, 0, 0, 0),
('HS20190102', 'LH201901', 'TheDuc', 2, 2019, 2020, 10, 10, 10, 10),
('HS20190102', 'LH201901', 'TheDuc', 2, 2020, 2021, 0, 0, 0, 0),
('HS20190102', 'LH201901', 'TinHoc', 1, 2020, 2021, 0, 0, 0, 0),
('HS20190102', 'LH201901', 'TinHoc', 1, 2021, 2022, 0, 0, 0, 0),
('HS20190102', 'LH201901', 'TinHoc', 2, 2019, 2020, 10, 10, 10, 10),
('HS20190102', 'LH201901', 'TinHoc', 2, 2020, 2021, 0, 0, 0, 0),
('HS20190102', 'LH201901', 'Toan', 1, 2020, 2021, 0, 0, 0, 0),
('HS20190102', 'LH201901', 'Toan', 1, 2021, 2022, 0, 0, 0, 0),
('HS20190102', 'LH201901', 'Toan', 2, 2019, 2020, 10, 10, 10, 10),
('HS20190102', 'LH201901', 'Toan', 2, 2020, 2021, 0, 0, 0, 0),
('HS20190102', 'LH201901', 'VatLy', 1, 2020, 2021, 0, 0, 0, 0),
('HS20190102', 'LH201901', 'VatLy', 1, 2021, 2022, 0, 0, 0, 0),
('HS20190102', 'LH201901', 'VatLy', 2, 2019, 2020, 10, 10, 10, 10),
('HS20190102', 'LH201901', 'VatLy', 2, 2020, 2021, 0, 0, 0, 0),
('HS20190103', 'LH201901', 'AnhVan', 1, 2020, 2021, 0, 0, 0, 0),
('HS20190103', 'LH201901', 'AnhVan', 1, 2021, 2022, 0, 0, 0, 0),
('HS20190103', 'LH201901', 'AnhVan', 2, 2020, 2021, 0, 0, 0, 0),
('HS20190103', 'LH201901', 'CongNghe', 1, 2020, 2021, 0, 0, 0, 0),
('HS20190103', 'LH201901', 'CongNghe', 1, 2021, 2022, 0, 0, 0, 0),
('HS20190103', 'LH201901', 'CongNghe', 2, 2020, 2021, 0, 0, 0, 0),
('HS20190103', 'LH201901', 'DiaLy', 1, 2020, 2021, 0, 0, 0, 0),
('HS20190103', 'LH201901', 'DiaLy', 1, 2021, 2022, 0, 0, 0, 0),
('HS20190103', 'LH201901', 'DiaLy', 2, 2020, 2021, 0, 0, 0, 0),
('HS20190103', 'LH201901', 'GDCD', 1, 2020, 2021, 0, 0, 0, 0),
('HS20190103', 'LH201901', 'GDCD', 1, 2021, 2022, 0, 0, 0, 0),
('HS20190103', 'LH201901', 'GDCD', 2, 2020, 2021, 0, 0, 0, 0),
('HS20190103', 'LH201901', 'GDQP', 1, 2020, 2021, 0, 0, 0, 0),
('HS20190103', 'LH201901', 'GDQP', 1, 2021, 2022, 0, 0, 0, 0),
('HS20190103', 'LH201901', 'GDQP', 2, 2020, 2021, 0, 0, 0, 0),
('HS20190103', 'LH201901', 'HoaHoc', 1, 2020, 2021, 0, 0, 0, 0),
('HS20190103', 'LH201901', 'HoaHoc', 1, 2021, 2022, 0, 0, 0, 0),
('HS20190103', 'LH201901', 'HoaHoc', 2, 2020, 2021, 0, 0, 0, 0),
('HS20190103', 'LH201901', 'LichSu', 1, 2020, 2021, 0, 0, 0, 0),
('HS20190103', 'LH201901', 'LichSu', 1, 2021, 2022, 0, 0, 0, 0),
('HS20190103', 'LH201901', 'LichSu', 2, 2020, 2021, 0, 0, 0, 0),
('HS20190103', 'LH201901', 'NguVan', 1, 2020, 2021, 0, 0, 0, 0),
('HS20190103', 'LH201901', 'NguVan', 1, 2021, 2022, 0, 0, 0, 0),
('HS20190103', 'LH201901', 'NguVan', 2, 2020, 2021, 0, 0, 0, 0),
('HS20190103', 'LH201901', 'SinhHoc', 1, 2020, 2021, 0, 0, 0, 0),
('HS20190103', 'LH201901', 'SinhHoc', 1, 2021, 2022, 0, 0, 0, 0),
('HS20190103', 'LH201901', 'SinhHoc', 2, 2020, 2021, 0, 0, 0, 0),
('HS20190103', 'LH201901', 'TheDuc', 1, 2020, 2021, 0, 0, 0, 0),
('HS20190103', 'LH201901', 'TheDuc', 1, 2021, 2022, 0, 0, 0, 0),
('HS20190103', 'LH201901', 'TheDuc', 2, 2020, 2021, 0, 0, 0, 0),
('HS20190103', 'LH201901', 'TinHoc', 1, 2020, 2021, 0, 0, 0, 0),
('HS20190103', 'LH201901', 'TinHoc', 1, 2021, 2022, 0, 0, 0, 0);
INSERT INTO `diem` (`mahs`, `malop`, `mabm`, `mahk`, `nambd`, `namkt`, `cot1`, `cot2`, `cot3`, `cot4`) VALUES
('HS20190103', 'LH201901', 'TinHoc', 2, 2020, 2021, 0, 0, 0, 0),
('HS20190103', 'LH201901', 'Toan', 1, 2020, 2021, 0, 0, 0, 0),
('HS20190103', 'LH201901', 'Toan', 1, 2021, 2022, 0, 0, 0, 0),
('HS20190103', 'LH201901', 'Toan', 2, 2020, 2021, 0, 0, 0, 0),
('HS20190103', 'LH201901', 'VatLy', 1, 2020, 2021, 0, 0, 0, 0),
('HS20190103', 'LH201901', 'VatLy', 1, 2021, 2022, 0, 0, 0, 0),
('HS20190103', 'LH201901', 'VatLy', 2, 2020, 2021, 0, 0, 0, 0),
('HS20190104', 'LH201901', 'AnhVan', 1, 2020, 2021, 0, 0, 0, 0),
('HS20190104', 'LH201901', 'AnhVan', 1, 2021, 2022, 0, 0, 0, 0),
('HS20190104', 'LH201901', 'AnhVan', 2, 2020, 2021, 0, 0, 0, 0),
('HS20190104', 'LH201901', 'CongNghe', 1, 2020, 2021, 0, 0, 0, 0),
('HS20190104', 'LH201901', 'CongNghe', 1, 2021, 2022, 0, 0, 0, 0),
('HS20190104', 'LH201901', 'CongNghe', 2, 2020, 2021, 0, 0, 0, 0),
('HS20190104', 'LH201901', 'DiaLy', 1, 2020, 2021, 0, 0, 0, 0),
('HS20190104', 'LH201901', 'DiaLy', 1, 2021, 2022, 0, 0, 0, 0),
('HS20190104', 'LH201901', 'DiaLy', 2, 2020, 2021, 0, 0, 0, 0),
('HS20190104', 'LH201901', 'GDCD', 1, 2020, 2021, 0, 0, 0, 0),
('HS20190104', 'LH201901', 'GDCD', 1, 2021, 2022, 0, 0, 0, 0),
('HS20190104', 'LH201901', 'GDCD', 2, 2020, 2021, 0, 0, 0, 0),
('HS20190104', 'LH201901', 'GDQP', 1, 2020, 2021, 0, 0, 0, 0),
('HS20190104', 'LH201901', 'GDQP', 1, 2021, 2022, 0, 0, 0, 0),
('HS20190104', 'LH201901', 'GDQP', 2, 2020, 2021, 0, 0, 0, 0),
('HS20190104', 'LH201901', 'HoaHoc', 1, 2020, 2021, 0, 0, 0, 0),
('HS20190104', 'LH201901', 'HoaHoc', 1, 2021, 2022, 0, 0, 0, 0),
('HS20190104', 'LH201901', 'HoaHoc', 2, 2020, 2021, 0, 0, 0, 0),
('HS20190104', 'LH201901', 'LichSu', 1, 2020, 2021, 0, 0, 0, 0),
('HS20190104', 'LH201901', 'LichSu', 1, 2021, 2022, 0, 0, 0, 0),
('HS20190104', 'LH201901', 'LichSu', 2, 2020, 2021, 0, 0, 0, 0),
('HS20190104', 'LH201901', 'NguVan', 1, 2020, 2021, 0, 0, 0, 0),
('HS20190104', 'LH201901', 'NguVan', 1, 2021, 2022, 0, 0, 0, 0),
('HS20190104', 'LH201901', 'NguVan', 2, 2020, 2021, 0, 0, 0, 0),
('HS20190104', 'LH201901', 'SinhHoc', 1, 2020, 2021, 0, 0, 0, 0),
('HS20190104', 'LH201901', 'SinhHoc', 1, 2021, 2022, 0, 0, 0, 0),
('HS20190104', 'LH201901', 'SinhHoc', 2, 2020, 2021, 0, 0, 0, 0),
('HS20190104', 'LH201901', 'TheDuc', 1, 2020, 2021, 0, 0, 0, 0),
('HS20190104', 'LH201901', 'TheDuc', 1, 2021, 2022, 0, 0, 0, 0),
('HS20190104', 'LH201901', 'TheDuc', 2, 2020, 2021, 0, 0, 0, 0),
('HS20190104', 'LH201901', 'TinHoc', 1, 2020, 2021, 0, 0, 0, 0),
('HS20190104', 'LH201901', 'TinHoc', 1, 2021, 2022, 0, 0, 0, 0),
('HS20190104', 'LH201901', 'TinHoc', 2, 2020, 2021, 0, 0, 0, 0),
('HS20190104', 'LH201901', 'Toan', 1, 2020, 2021, 0, 0, 0, 0),
('HS20190104', 'LH201901', 'Toan', 1, 2021, 2022, 0, 0, 0, 0),
('HS20190104', 'LH201901', 'Toan', 2, 2020, 2021, 0, 0, 0, 0),
('HS20190104', 'LH201901', 'VatLy', 1, 2020, 2021, 0, 0, 0, 0),
('HS20190104', 'LH201901', 'VatLy', 1, 2021, 2022, 0, 0, 0, 0),
('HS20190104', 'LH201901', 'VatLy', 2, 2020, 2021, 0, 0, 0, 0),
('HS20190105', 'LH201901', 'AnhVan', 1, 2020, 2021, 0, 0, 0, 0),
('HS20190105', 'LH201901', 'AnhVan', 1, 2021, 2022, 0, 0, 0, 0),
('HS20190105', 'LH201901', 'AnhVan', 2, 2020, 2021, 0, 0, 0, 0),
('HS20190105', 'LH201901', 'CongNghe', 1, 2020, 2021, 0, 0, 0, 0),
('HS20190105', 'LH201901', 'CongNghe', 1, 2021, 2022, 0, 0, 0, 0),
('HS20190105', 'LH201901', 'CongNghe', 2, 2020, 2021, 0, 0, 0, 0),
('HS20190105', 'LH201901', 'DiaLy', 1, 2020, 2021, 0, 0, 0, 0),
('HS20190105', 'LH201901', 'DiaLy', 1, 2021, 2022, 0, 0, 0, 0),
('HS20190105', 'LH201901', 'DiaLy', 2, 2020, 2021, 0, 0, 0, 0),
('HS20190105', 'LH201901', 'GDCD', 1, 2020, 2021, 0, 0, 0, 0),
('HS20190105', 'LH201901', 'GDCD', 1, 2021, 2022, 0, 0, 0, 0),
('HS20190105', 'LH201901', 'GDCD', 2, 2020, 2021, 0, 0, 0, 0),
('HS20190105', 'LH201901', 'GDQP', 1, 2020, 2021, 0, 0, 0, 0),
('HS20190105', 'LH201901', 'GDQP', 1, 2021, 2022, 0, 0, 0, 0),
('HS20190105', 'LH201901', 'GDQP', 2, 2020, 2021, 0, 0, 0, 0),
('HS20190105', 'LH201901', 'HoaHoc', 1, 2020, 2021, 0, 0, 0, 0),
('HS20190105', 'LH201901', 'HoaHoc', 1, 2021, 2022, 0, 0, 0, 0),
('HS20190105', 'LH201901', 'HoaHoc', 2, 2020, 2021, 0, 0, 0, 0),
('HS20190105', 'LH201901', 'LichSu', 1, 2020, 2021, 0, 0, 0, 0),
('HS20190105', 'LH201901', 'LichSu', 1, 2021, 2022, 0, 0, 0, 0),
('HS20190105', 'LH201901', 'LichSu', 2, 2020, 2021, 0, 0, 0, 0),
('HS20190105', 'LH201901', 'NguVan', 1, 2020, 2021, 0, 0, 0, 0),
('HS20190105', 'LH201901', 'NguVan', 1, 2021, 2022, 0, 0, 0, 0),
('HS20190105', 'LH201901', 'NguVan', 2, 2020, 2021, 0, 0, 0, 0),
('HS20190105', 'LH201901', 'SinhHoc', 1, 2020, 2021, 0, 0, 0, 0),
('HS20190105', 'LH201901', 'SinhHoc', 1, 2021, 2022, 0, 0, 0, 0),
('HS20190105', 'LH201901', 'SinhHoc', 2, 2020, 2021, 0, 0, 0, 0),
('HS20190105', 'LH201901', 'TheDuc', 1, 2020, 2021, 0, 0, 0, 0),
('HS20190105', 'LH201901', 'TheDuc', 1, 2021, 2022, 0, 0, 0, 0),
('HS20190105', 'LH201901', 'TheDuc', 2, 2020, 2021, 0, 0, 0, 0),
('HS20190105', 'LH201901', 'TinHoc', 1, 2020, 2021, 0, 0, 0, 0),
('HS20190105', 'LH201901', 'TinHoc', 1, 2021, 2022, 0, 0, 0, 0),
('HS20190105', 'LH201901', 'TinHoc', 2, 2020, 2021, 0, 0, 0, 0),
('HS20190105', 'LH201901', 'Toan', 1, 2020, 2021, 0, 0, 0, 0),
('HS20190105', 'LH201901', 'Toan', 1, 2021, 2022, 0, 0, 0, 0),
('HS20190105', 'LH201901', 'Toan', 2, 2020, 2021, 0, 0, 0, 0),
('HS20190105', 'LH201901', 'VatLy', 1, 2020, 2021, 0, 0, 0, 0),
('HS20190105', 'LH201901', 'VatLy', 1, 2021, 2022, 0, 0, 0, 0),
('HS20190105', 'LH201901', 'VatLy', 2, 2020, 2021, 0, 0, 0, 0),
('HS20190201', 'LH201902', 'AnhVan', 1, 2020, 2021, 0, 0, 0, 0),
('HS20190201', 'LH201902', 'AnhVan', 1, 2021, 2022, 0, 0, 0, 0),
('HS20190201', 'LH201902', 'AnhVan', 2, 2020, 2021, 0, 0, 0, 0),
('HS20190201', 'LH201902', 'CongNghe', 1, 2020, 2021, 0, 0, 0, 0),
('HS20190201', 'LH201902', 'CongNghe', 1, 2021, 2022, 0, 0, 0, 0),
('HS20190201', 'LH201902', 'CongNghe', 2, 2020, 2021, 0, 0, 0, 0),
('HS20190201', 'LH201902', 'DiaLy', 1, 2020, 2021, 0, 0, 0, 0),
('HS20190201', 'LH201902', 'DiaLy', 1, 2021, 2022, 0, 0, 0, 0),
('HS20190201', 'LH201902', 'DiaLy', 2, 2020, 2021, 0, 0, 0, 0),
('HS20190201', 'LH201902', 'GDCD', 1, 2020, 2021, 0, 0, 0, 0),
('HS20190201', 'LH201902', 'GDCD', 1, 2021, 2022, 0, 0, 0, 0),
('HS20190201', 'LH201902', 'GDCD', 2, 2020, 2021, 0, 0, 0, 0),
('HS20190201', 'LH201902', 'GDQP', 1, 2020, 2021, 0, 0, 0, 0),
('HS20190201', 'LH201902', 'GDQP', 1, 2021, 2022, 0, 0, 0, 0),
('HS20190201', 'LH201902', 'GDQP', 2, 2020, 2021, 0, 0, 0, 0),
('HS20190201', 'LH201902', 'HoaHoc', 1, 2020, 2021, 0, 0, 0, 0),
('HS20190201', 'LH201902', 'HoaHoc', 1, 2021, 2022, 0, 0, 0, 0),
('HS20190201', 'LH201902', 'HoaHoc', 2, 2020, 2021, 0, 0, 0, 0),
('HS20190201', 'LH201902', 'LichSu', 1, 2020, 2021, 0, 0, 0, 0),
('HS20190201', 'LH201902', 'LichSu', 1, 2021, 2022, 0, 0, 0, 0),
('HS20190201', 'LH201902', 'LichSu', 2, 2020, 2021, 0, 0, 0, 0),
('HS20190201', 'LH201902', 'NguVan', 1, 2020, 2021, 0, 0, 0, 0),
('HS20190201', 'LH201902', 'NguVan', 1, 2021, 2022, 0, 0, 0, 0),
('HS20190201', 'LH201902', 'NguVan', 2, 2020, 2021, 0, 0, 0, 0),
('HS20190201', 'LH201902', 'SinhHoc', 1, 2020, 2021, 0, 0, 0, 0),
('HS20190201', 'LH201902', 'SinhHoc', 1, 2021, 2022, 0, 0, 0, 0),
('HS20190201', 'LH201902', 'SinhHoc', 2, 2020, 2021, 0, 0, 0, 0),
('HS20190201', 'LH201902', 'TheDuc', 1, 2020, 2021, 0, 0, 0, 0),
('HS20190201', 'LH201902', 'TheDuc', 1, 2021, 2022, 0, 0, 0, 0),
('HS20190201', 'LH201902', 'TheDuc', 2, 2020, 2021, 0, 0, 0, 0),
('HS20190201', 'LH201902', 'TinHoc', 1, 2020, 2021, 0, 0, 0, 0),
('HS20190201', 'LH201902', 'TinHoc', 1, 2021, 2022, 0, 0, 0, 0),
('HS20190201', 'LH201902', 'TinHoc', 2, 2020, 2021, 0, 0, 0, 0),
('HS20190201', 'LH201902', 'Toan', 1, 2020, 2021, 0, 0, 0, 0),
('HS20190201', 'LH201902', 'Toan', 1, 2021, 2022, 0, 0, 0, 0),
('HS20190201', 'LH201902', 'Toan', 2, 2020, 2021, 0, 0, 0, 0),
('HS20190201', 'LH201902', 'VatLy', 1, 2020, 2021, 0, 0, 0, 0),
('HS20190201', 'LH201902', 'VatLy', 1, 2021, 2022, 0, 0, 0, 0),
('HS20190201', 'LH201902', 'VatLy', 2, 2020, 2021, 0, 0, 0, 0),
('HS20190202', 'LH201902', 'AnhVan', 1, 2020, 2021, 0, 0, 0, 0),
('HS20190202', 'LH201902', 'AnhVan', 1, 2021, 2022, 0, 0, 0, 0),
('HS20190202', 'LH201902', 'AnhVan', 2, 2020, 2021, 0, 0, 0, 0),
('HS20190202', 'LH201902', 'CongNghe', 1, 2020, 2021, 0, 0, 0, 0),
('HS20190202', 'LH201902', 'CongNghe', 1, 2021, 2022, 0, 0, 0, 0),
('HS20190202', 'LH201902', 'CongNghe', 2, 2020, 2021, 0, 0, 0, 0),
('HS20190202', 'LH201902', 'DiaLy', 1, 2020, 2021, 0, 0, 0, 0),
('HS20190202', 'LH201902', 'DiaLy', 1, 2021, 2022, 0, 0, 0, 0),
('HS20190202', 'LH201902', 'DiaLy', 2, 2020, 2021, 0, 0, 0, 0),
('HS20190202', 'LH201902', 'GDCD', 1, 2020, 2021, 0, 0, 0, 0),
('HS20190202', 'LH201902', 'GDCD', 1, 2021, 2022, 0, 0, 0, 0),
('HS20190202', 'LH201902', 'GDCD', 2, 2020, 2021, 0, 0, 0, 0),
('HS20190202', 'LH201902', 'GDQP', 1, 2020, 2021, 0, 0, 0, 0),
('HS20190202', 'LH201902', 'GDQP', 1, 2021, 2022, 0, 0, 0, 0),
('HS20190202', 'LH201902', 'GDQP', 2, 2020, 2021, 0, 0, 0, 0),
('HS20190202', 'LH201902', 'HoaHoc', 1, 2020, 2021, 0, 0, 0, 0),
('HS20190202', 'LH201902', 'HoaHoc', 1, 2021, 2022, 0, 0, 0, 0),
('HS20190202', 'LH201902', 'HoaHoc', 2, 2020, 2021, 0, 0, 0, 0),
('HS20190202', 'LH201902', 'LichSu', 1, 2020, 2021, 0, 0, 0, 0),
('HS20190202', 'LH201902', 'LichSu', 1, 2021, 2022, 0, 0, 0, 0),
('HS20190202', 'LH201902', 'LichSu', 2, 2020, 2021, 0, 0, 0, 0),
('HS20190202', 'LH201902', 'NguVan', 1, 2020, 2021, 0, 0, 0, 0),
('HS20190202', 'LH201902', 'NguVan', 1, 2021, 2022, 0, 0, 0, 0),
('HS20190202', 'LH201902', 'NguVan', 2, 2020, 2021, 0, 0, 0, 0),
('HS20190202', 'LH201902', 'SinhHoc', 1, 2020, 2021, 0, 0, 0, 0),
('HS20190202', 'LH201902', 'SinhHoc', 1, 2021, 2022, 0, 0, 0, 0),
('HS20190202', 'LH201902', 'SinhHoc', 2, 2020, 2021, 0, 0, 0, 0),
('HS20190202', 'LH201902', 'TheDuc', 1, 2020, 2021, 0, 0, 0, 0),
('HS20190202', 'LH201902', 'TheDuc', 1, 2021, 2022, 0, 0, 0, 0),
('HS20190202', 'LH201902', 'TheDuc', 2, 2020, 2021, 0, 0, 0, 0),
('HS20190202', 'LH201902', 'TinHoc', 1, 2020, 2021, 0, 0, 0, 0),
('HS20190202', 'LH201902', 'TinHoc', 1, 2021, 2022, 0, 0, 0, 0),
('HS20190202', 'LH201902', 'TinHoc', 2, 2020, 2021, 0, 0, 0, 0),
('HS20190202', 'LH201902', 'Toan', 1, 2020, 2021, 0, 0, 0, 0),
('HS20190202', 'LH201902', 'Toan', 1, 2021, 2022, 0, 0, 0, 0),
('HS20190202', 'LH201902', 'Toan', 2, 2020, 2021, 0, 0, 0, 0),
('HS20190202', 'LH201902', 'VatLy', 1, 2020, 2021, 0, 0, 0, 0),
('HS20190202', 'LH201902', 'VatLy', 1, 2021, 2022, 0, 0, 0, 0),
('HS20190202', 'LH201902', 'VatLy', 2, 2020, 2021, 0, 0, 0, 0),
('HS20190203', 'LH201902', 'AnhVan', 1, 2020, 2021, 0, 0, 0, 0),
('HS20190203', 'LH201902', 'AnhVan', 1, 2021, 2022, 0, 0, 0, 0),
('HS20190203', 'LH201902', 'AnhVan', 2, 2020, 2021, 0, 0, 0, 0),
('HS20190203', 'LH201902', 'CongNghe', 1, 2020, 2021, 0, 0, 0, 0),
('HS20190203', 'LH201902', 'CongNghe', 1, 2021, 2022, 0, 0, 0, 0),
('HS20190203', 'LH201902', 'CongNghe', 2, 2020, 2021, 0, 0, 0, 0),
('HS20190203', 'LH201902', 'DiaLy', 1, 2020, 2021, 0, 0, 0, 0),
('HS20190203', 'LH201902', 'DiaLy', 1, 2021, 2022, 0, 0, 0, 0),
('HS20190203', 'LH201902', 'DiaLy', 2, 2020, 2021, 0, 0, 0, 0),
('HS20190203', 'LH201902', 'GDCD', 1, 2020, 2021, 0, 0, 0, 0),
('HS20190203', 'LH201902', 'GDCD', 1, 2021, 2022, 0, 0, 0, 0),
('HS20190203', 'LH201902', 'GDCD', 2, 2020, 2021, 0, 0, 0, 0),
('HS20190203', 'LH201902', 'GDQP', 1, 2020, 2021, 0, 0, 0, 0),
('HS20190203', 'LH201902', 'GDQP', 1, 2021, 2022, 0, 0, 0, 0),
('HS20190203', 'LH201902', 'GDQP', 2, 2020, 2021, 0, 0, 0, 0),
('HS20190203', 'LH201902', 'HoaHoc', 1, 2020, 2021, 0, 0, 0, 0),
('HS20190203', 'LH201902', 'HoaHoc', 1, 2021, 2022, 0, 0, 0, 0),
('HS20190203', 'LH201902', 'HoaHoc', 2, 2020, 2021, 0, 0, 0, 0),
('HS20190203', 'LH201902', 'LichSu', 1, 2020, 2021, 0, 0, 0, 0),
('HS20190203', 'LH201902', 'LichSu', 1, 2021, 2022, 0, 0, 0, 0),
('HS20190203', 'LH201902', 'LichSu', 2, 2020, 2021, 0, 0, 0, 0),
('HS20190203', 'LH201902', 'NguVan', 1, 2020, 2021, 0, 0, 0, 0),
('HS20190203', 'LH201902', 'NguVan', 1, 2021, 2022, 0, 0, 0, 0),
('HS20190203', 'LH201902', 'NguVan', 2, 2020, 2021, 0, 0, 0, 0),
('HS20190203', 'LH201902', 'SinhHoc', 1, 2020, 2021, 0, 0, 0, 0),
('HS20190203', 'LH201902', 'SinhHoc', 1, 2021, 2022, 0, 0, 0, 0),
('HS20190203', 'LH201902', 'SinhHoc', 2, 2020, 2021, 0, 0, 0, 0),
('HS20190203', 'LH201902', 'TheDuc', 1, 2020, 2021, 0, 0, 0, 0),
('HS20190203', 'LH201902', 'TheDuc', 1, 2021, 2022, 0, 0, 0, 0),
('HS20190203', 'LH201902', 'TheDuc', 2, 2020, 2021, 0, 0, 0, 0),
('HS20190203', 'LH201902', 'TinHoc', 1, 2020, 2021, 0, 0, 0, 0),
('HS20190203', 'LH201902', 'TinHoc', 1, 2021, 2022, 0, 0, 0, 0),
('HS20190203', 'LH201902', 'TinHoc', 2, 2020, 2021, 0, 0, 0, 0),
('HS20190203', 'LH201902', 'Toan', 1, 2020, 2021, 0, 0, 0, 0),
('HS20190203', 'LH201902', 'Toan', 1, 2021, 2022, 0, 0, 0, 0),
('HS20190203', 'LH201902', 'Toan', 2, 2020, 2021, 0, 0, 0, 0),
('HS20190203', 'LH201902', 'VatLy', 1, 2020, 2021, 0, 0, 0, 0),
('HS20190203', 'LH201902', 'VatLy', 1, 2021, 2022, 0, 0, 0, 0),
('HS20190203', 'LH201902', 'VatLy', 2, 2020, 2021, 0, 0, 0, 0),
('HS20190204', 'LH201902', 'AnhVan', 1, 2020, 2021, 0, 0, 0, 0),
('HS20190204', 'LH201902', 'AnhVan', 1, 2021, 2022, 0, 0, 0, 0),
('HS20190204', 'LH201902', 'AnhVan', 2, 2020, 2021, 0, 0, 0, 0),
('HS20190204', 'LH201902', 'CongNghe', 1, 2020, 2021, 0, 0, 0, 0),
('HS20190204', 'LH201902', 'CongNghe', 1, 2021, 2022, 0, 0, 0, 0),
('HS20190204', 'LH201902', 'CongNghe', 2, 2020, 2021, 0, 0, 0, 0),
('HS20190204', 'LH201902', 'DiaLy', 1, 2020, 2021, 0, 0, 0, 0),
('HS20190204', 'LH201902', 'DiaLy', 1, 2021, 2022, 0, 0, 0, 0),
('HS20190204', 'LH201902', 'DiaLy', 2, 2020, 2021, 0, 0, 0, 0),
('HS20190204', 'LH201902', 'GDCD', 1, 2020, 2021, 0, 0, 0, 0),
('HS20190204', 'LH201902', 'GDCD', 1, 2021, 2022, 0, 0, 0, 0),
('HS20190204', 'LH201902', 'GDCD', 2, 2020, 2021, 0, 0, 0, 0),
('HS20190204', 'LH201902', 'GDQP', 1, 2020, 2021, 0, 0, 0, 0),
('HS20190204', 'LH201902', 'GDQP', 1, 2021, 2022, 0, 0, 0, 0),
('HS20190204', 'LH201902', 'GDQP', 2, 2020, 2021, 0, 0, 0, 0),
('HS20190204', 'LH201902', 'HoaHoc', 1, 2020, 2021, 0, 0, 0, 0),
('HS20190204', 'LH201902', 'HoaHoc', 1, 2021, 2022, 0, 0, 0, 0),
('HS20190204', 'LH201902', 'HoaHoc', 2, 2020, 2021, 0, 0, 0, 0),
('HS20190204', 'LH201902', 'LichSu', 1, 2020, 2021, 0, 0, 0, 0),
('HS20190204', 'LH201902', 'LichSu', 1, 2021, 2022, 0, 0, 0, 0),
('HS20190204', 'LH201902', 'LichSu', 2, 2020, 2021, 0, 0, 0, 0),
('HS20190204', 'LH201902', 'NguVan', 1, 2020, 2021, 0, 0, 0, 0),
('HS20190204', 'LH201902', 'NguVan', 1, 2021, 2022, 0, 0, 0, 0),
('HS20190204', 'LH201902', 'NguVan', 2, 2020, 2021, 0, 0, 0, 0),
('HS20190204', 'LH201902', 'SinhHoc', 1, 2020, 2021, 0, 0, 0, 0),
('HS20190204', 'LH201902', 'SinhHoc', 1, 2021, 2022, 0, 0, 0, 0),
('HS20190204', 'LH201902', 'SinhHoc', 2, 2020, 2021, 0, 0, 0, 0),
('HS20190204', 'LH201902', 'TheDuc', 1, 2020, 2021, 0, 0, 0, 0),
('HS20190204', 'LH201902', 'TheDuc', 1, 2021, 2022, 0, 0, 0, 0),
('HS20190204', 'LH201902', 'TheDuc', 2, 2020, 2021, 0, 0, 0, 0),
('HS20190204', 'LH201902', 'TinHoc', 1, 2020, 2021, 0, 0, 0, 0),
('HS20190204', 'LH201902', 'TinHoc', 1, 2021, 2022, 0, 0, 0, 0),
('HS20190204', 'LH201902', 'TinHoc', 2, 2020, 2021, 0, 0, 0, 0),
('HS20190204', 'LH201902', 'Toan', 1, 2020, 2021, 0, 0, 0, 0),
('HS20190204', 'LH201902', 'Toan', 1, 2021, 2022, 0, 0, 0, 0),
('HS20190204', 'LH201902', 'Toan', 2, 2020, 2021, 0, 0, 0, 0),
('HS20190204', 'LH201902', 'VatLy', 1, 2020, 2021, 0, 0, 0, 0),
('HS20190204', 'LH201902', 'VatLy', 1, 2021, 2022, 0, 0, 0, 0),
('HS20190204', 'LH201902', 'VatLy', 2, 2020, 2021, 0, 0, 0, 0),
('HS20190205', 'LH201902', 'AnhVan', 1, 2020, 2021, 0, 0, 0, 0),
('HS20190205', 'LH201902', 'AnhVan', 1, 2021, 2022, 0, 0, 0, 0),
('HS20190205', 'LH201902', 'AnhVan', 2, 2020, 2021, 0, 0, 0, 0),
('HS20190205', 'LH201902', 'CongNghe', 1, 2020, 2021, 0, 0, 0, 0),
('HS20190205', 'LH201902', 'CongNghe', 1, 2021, 2022, 0, 0, 0, 0),
('HS20190205', 'LH201902', 'CongNghe', 2, 2020, 2021, 0, 0, 0, 0),
('HS20190205', 'LH201902', 'DiaLy', 1, 2020, 2021, 0, 0, 0, 0),
('HS20190205', 'LH201902', 'DiaLy', 1, 2021, 2022, 0, 0, 0, 0),
('HS20190205', 'LH201902', 'DiaLy', 2, 2020, 2021, 0, 0, 0, 0),
('HS20190205', 'LH201902', 'GDCD', 1, 2020, 2021, 0, 0, 0, 0),
('HS20190205', 'LH201902', 'GDCD', 1, 2021, 2022, 0, 0, 0, 0),
('HS20190205', 'LH201902', 'GDCD', 2, 2020, 2021, 0, 0, 0, 0),
('HS20190205', 'LH201902', 'GDQP', 1, 2020, 2021, 0, 0, 0, 0),
('HS20190205', 'LH201902', 'GDQP', 1, 2021, 2022, 0, 0, 0, 0),
('HS20190205', 'LH201902', 'GDQP', 2, 2020, 2021, 0, 0, 0, 0),
('HS20190205', 'LH201902', 'HoaHoc', 1, 2020, 2021, 0, 0, 0, 0),
('HS20190205', 'LH201902', 'HoaHoc', 1, 2021, 2022, 0, 0, 0, 0),
('HS20190205', 'LH201902', 'HoaHoc', 2, 2020, 2021, 0, 0, 0, 0),
('HS20190205', 'LH201902', 'LichSu', 1, 2020, 2021, 0, 0, 0, 0),
('HS20190205', 'LH201902', 'LichSu', 1, 2021, 2022, 0, 0, 0, 0),
('HS20190205', 'LH201902', 'LichSu', 2, 2020, 2021, 0, 0, 0, 0),
('HS20190205', 'LH201902', 'NguVan', 1, 2020, 2021, 0, 0, 0, 0),
('HS20190205', 'LH201902', 'NguVan', 1, 2021, 2022, 0, 0, 0, 0),
('HS20190205', 'LH201902', 'NguVan', 2, 2020, 2021, 0, 0, 0, 0),
('HS20190205', 'LH201902', 'SinhHoc', 1, 2020, 2021, 0, 0, 0, 0),
('HS20190205', 'LH201902', 'SinhHoc', 1, 2021, 2022, 0, 0, 0, 0),
('HS20190205', 'LH201902', 'SinhHoc', 2, 2020, 2021, 0, 0, 0, 0),
('HS20190205', 'LH201902', 'TheDuc', 1, 2020, 2021, 0, 0, 0, 0),
('HS20190205', 'LH201902', 'TheDuc', 1, 2021, 2022, 0, 0, 0, 0),
('HS20190205', 'LH201902', 'TheDuc', 2, 2020, 2021, 0, 0, 0, 0),
('HS20190205', 'LH201902', 'TinHoc', 1, 2020, 2021, 0, 0, 0, 0),
('HS20190205', 'LH201902', 'TinHoc', 1, 2021, 2022, 0, 0, 0, 0),
('HS20190205', 'LH201902', 'TinHoc', 2, 2020, 2021, 0, 0, 0, 0),
('HS20190205', 'LH201902', 'Toan', 1, 2020, 2021, 0, 0, 0, 0),
('HS20190205', 'LH201902', 'Toan', 1, 2021, 2022, 0, 0, 0, 0),
('HS20190205', 'LH201902', 'Toan', 2, 2020, 2021, 0, 0, 0, 0),
('HS20190205', 'LH201902', 'VatLy', 1, 2020, 2021, 0, 0, 0, 0),
('HS20190205', 'LH201902', 'VatLy', 1, 2021, 2022, 0, 0, 0, 0),
('HS20190205', 'LH201902', 'VatLy', 2, 2020, 2021, 0, 0, 0, 0),
('HS20190301', 'LH201903', 'AnhVan', 1, 2020, 2021, 0, 0, 0, 0),
('HS20190301', 'LH201903', 'AnhVan', 1, 2021, 2022, 0, 0, 0, 0),
('HS20190301', 'LH201903', 'AnhVan', 2, 2020, 2021, 0, 0, 0, 0),
('HS20190301', 'LH201903', 'CongNghe', 1, 2020, 2021, 0, 0, 0, 0),
('HS20190301', 'LH201903', 'CongNghe', 1, 2021, 2022, 0, 0, 0, 0),
('HS20190301', 'LH201903', 'CongNghe', 2, 2020, 2021, 0, 0, 0, 0),
('HS20190301', 'LH201903', 'DiaLy', 1, 2020, 2021, 0, 0, 0, 0),
('HS20190301', 'LH201903', 'DiaLy', 1, 2021, 2022, 0, 0, 0, 0),
('HS20190301', 'LH201903', 'DiaLy', 2, 2020, 2021, 0, 0, 0, 0),
('HS20190301', 'LH201903', 'GDCD', 1, 2020, 2021, 0, 0, 0, 0),
('HS20190301', 'LH201903', 'GDCD', 1, 2021, 2022, 0, 0, 0, 0),
('HS20190301', 'LH201903', 'GDCD', 2, 2020, 2021, 0, 0, 0, 0),
('HS20190301', 'LH201903', 'GDQP', 1, 2020, 2021, 0, 0, 0, 0),
('HS20190301', 'LH201903', 'GDQP', 1, 2021, 2022, 0, 0, 0, 0),
('HS20190301', 'LH201903', 'GDQP', 2, 2020, 2021, 0, 0, 0, 0),
('HS20190301', 'LH201903', 'HoaHoc', 1, 2020, 2021, 0, 0, 0, 0),
('HS20190301', 'LH201903', 'HoaHoc', 1, 2021, 2022, 0, 0, 0, 0),
('HS20190301', 'LH201903', 'HoaHoc', 2, 2020, 2021, 0, 0, 0, 0),
('HS20190301', 'LH201903', 'LichSu', 1, 2020, 2021, 0, 0, 0, 0),
('HS20190301', 'LH201903', 'LichSu', 1, 2021, 2022, 0, 0, 0, 0),
('HS20190301', 'LH201903', 'LichSu', 2, 2020, 2021, 0, 0, 0, 0),
('HS20190301', 'LH201903', 'NguVan', 1, 2020, 2021, 0, 0, 0, 0),
('HS20190301', 'LH201903', 'NguVan', 1, 2021, 2022, 0, 0, 0, 0),
('HS20190301', 'LH201903', 'NguVan', 2, 2020, 2021, 0, 0, 0, 0),
('HS20190301', 'LH201903', 'SinhHoc', 1, 2020, 2021, 0, 0, 0, 0),
('HS20190301', 'LH201903', 'SinhHoc', 1, 2021, 2022, 0, 0, 0, 0),
('HS20190301', 'LH201903', 'SinhHoc', 2, 2020, 2021, 0, 0, 0, 0),
('HS20190301', 'LH201903', 'TheDuc', 1, 2020, 2021, 0, 0, 0, 0),
('HS20190301', 'LH201903', 'TheDuc', 1, 2021, 2022, 0, 0, 0, 0),
('HS20190301', 'LH201903', 'TheDuc', 2, 2020, 2021, 0, 0, 0, 0),
('HS20190301', 'LH201903', 'TinHoc', 1, 2020, 2021, 0, 0, 0, 0),
('HS20190301', 'LH201903', 'TinHoc', 1, 2021, 2022, 0, 0, 0, 0),
('HS20190301', 'LH201903', 'TinHoc', 2, 2020, 2021, 0, 0, 0, 0),
('HS20190301', 'LH201903', 'Toan', 1, 2020, 2021, 0, 0, 0, 0),
('HS20190301', 'LH201903', 'Toan', 1, 2021, 2022, 0, 0, 0, 0),
('HS20190301', 'LH201903', 'Toan', 2, 2020, 2021, 0, 0, 0, 0),
('HS20190301', 'LH201903', 'VatLy', 1, 2020, 2021, 0, 0, 0, 0),
('HS20190301', 'LH201903', 'VatLy', 1, 2021, 2022, 0, 0, 0, 0),
('HS20190301', 'LH201903', 'VatLy', 2, 2020, 2021, 0, 0, 0, 0),
('HS20190302', 'LH201903', 'AnhVan', 1, 2020, 2021, 0, 0, 0, 0),
('HS20190302', 'LH201903', 'AnhVan', 1, 2021, 2022, 0, 0, 0, 0),
('HS20190302', 'LH201903', 'AnhVan', 2, 2020, 2021, 0, 0, 0, 0),
('HS20190302', 'LH201903', 'CongNghe', 1, 2020, 2021, 0, 0, 0, 0),
('HS20190302', 'LH201903', 'CongNghe', 1, 2021, 2022, 0, 0, 0, 0),
('HS20190302', 'LH201903', 'CongNghe', 2, 2020, 2021, 0, 0, 0, 0),
('HS20190302', 'LH201903', 'DiaLy', 1, 2020, 2021, 0, 0, 0, 0),
('HS20190302', 'LH201903', 'DiaLy', 1, 2021, 2022, 0, 0, 0, 0),
('HS20190302', 'LH201903', 'DiaLy', 2, 2020, 2021, 0, 0, 0, 0),
('HS20190302', 'LH201903', 'GDCD', 1, 2020, 2021, 0, 0, 0, 0),
('HS20190302', 'LH201903', 'GDCD', 1, 2021, 2022, 0, 0, 0, 0),
('HS20190302', 'LH201903', 'GDCD', 2, 2020, 2021, 0, 0, 0, 0),
('HS20190302', 'LH201903', 'GDQP', 1, 2020, 2021, 0, 0, 0, 0),
('HS20190302', 'LH201903', 'GDQP', 1, 2021, 2022, 0, 0, 0, 0),
('HS20190302', 'LH201903', 'GDQP', 2, 2020, 2021, 0, 0, 0, 0),
('HS20190302', 'LH201903', 'HoaHoc', 1, 2020, 2021, 0, 0, 0, 0),
('HS20190302', 'LH201903', 'HoaHoc', 1, 2021, 2022, 0, 0, 0, 0),
('HS20190302', 'LH201903', 'HoaHoc', 2, 2020, 2021, 0, 0, 0, 0),
('HS20190302', 'LH201903', 'LichSu', 1, 2020, 2021, 0, 0, 0, 0),
('HS20190302', 'LH201903', 'LichSu', 1, 2021, 2022, 0, 0, 0, 0),
('HS20190302', 'LH201903', 'LichSu', 2, 2020, 2021, 0, 0, 0, 0),
('HS20190302', 'LH201903', 'NguVan', 1, 2020, 2021, 0, 0, 0, 0),
('HS20190302', 'LH201903', 'NguVan', 1, 2021, 2022, 0, 0, 0, 0),
('HS20190302', 'LH201903', 'NguVan', 2, 2020, 2021, 0, 0, 0, 0),
('HS20190302', 'LH201903', 'SinhHoc', 1, 2020, 2021, 0, 0, 0, 0),
('HS20190302', 'LH201903', 'SinhHoc', 1, 2021, 2022, 0, 0, 0, 0),
('HS20190302', 'LH201903', 'SinhHoc', 2, 2020, 2021, 0, 0, 0, 0),
('HS20190302', 'LH201903', 'TheDuc', 1, 2020, 2021, 0, 0, 0, 0),
('HS20190302', 'LH201903', 'TheDuc', 1, 2021, 2022, 0, 0, 0, 0),
('HS20190302', 'LH201903', 'TheDuc', 2, 2020, 2021, 0, 0, 0, 0),
('HS20190302', 'LH201903', 'TinHoc', 1, 2020, 2021, 0, 0, 0, 0),
('HS20190302', 'LH201903', 'TinHoc', 1, 2021, 2022, 0, 0, 0, 0),
('HS20190302', 'LH201903', 'TinHoc', 2, 2020, 2021, 0, 0, 0, 0),
('HS20190302', 'LH201903', 'Toan', 1, 2020, 2021, 0, 0, 0, 0),
('HS20190302', 'LH201903', 'Toan', 1, 2021, 2022, 0, 0, 0, 0),
('HS20190302', 'LH201903', 'Toan', 2, 2020, 2021, 0, 0, 0, 0),
('HS20190302', 'LH201903', 'VatLy', 1, 2020, 2021, 0, 0, 0, 0),
('HS20190302', 'LH201903', 'VatLy', 1, 2021, 2022, 0, 0, 0, 0),
('HS20190302', 'LH201903', 'VatLy', 2, 2020, 2021, 0, 0, 0, 0),
('HS20190303', 'LH201903', 'AnhVan', 1, 2020, 2021, 0, 0, 0, 0),
('HS20190303', 'LH201903', 'AnhVan', 1, 2021, 2022, 0, 0, 0, 0),
('HS20190303', 'LH201903', 'AnhVan', 2, 2020, 2021, 0, 0, 0, 0),
('HS20190303', 'LH201903', 'CongNghe', 1, 2020, 2021, 0, 0, 0, 0),
('HS20190303', 'LH201903', 'CongNghe', 1, 2021, 2022, 0, 0, 0, 0),
('HS20190303', 'LH201903', 'CongNghe', 2, 2020, 2021, 0, 0, 0, 0),
('HS20190303', 'LH201903', 'DiaLy', 1, 2020, 2021, 0, 0, 0, 0),
('HS20190303', 'LH201903', 'DiaLy', 1, 2021, 2022, 0, 0, 0, 0),
('HS20190303', 'LH201903', 'DiaLy', 2, 2020, 2021, 0, 0, 0, 0),
('HS20190303', 'LH201903', 'GDCD', 1, 2020, 2021, 0, 0, 0, 0),
('HS20190303', 'LH201903', 'GDCD', 1, 2021, 2022, 0, 0, 0, 0),
('HS20190303', 'LH201903', 'GDCD', 2, 2020, 2021, 0, 0, 0, 0),
('HS20190303', 'LH201903', 'GDQP', 1, 2020, 2021, 0, 0, 0, 0),
('HS20190303', 'LH201903', 'GDQP', 1, 2021, 2022, 0, 0, 0, 0),
('HS20190303', 'LH201903', 'GDQP', 2, 2020, 2021, 0, 0, 0, 0),
('HS20190303', 'LH201903', 'HoaHoc', 1, 2020, 2021, 0, 0, 0, 0),
('HS20190303', 'LH201903', 'HoaHoc', 1, 2021, 2022, 0, 0, 0, 0),
('HS20190303', 'LH201903', 'HoaHoc', 2, 2020, 2021, 0, 0, 0, 0),
('HS20190303', 'LH201903', 'LichSu', 1, 2020, 2021, 0, 0, 0, 0),
('HS20190303', 'LH201903', 'LichSu', 1, 2021, 2022, 0, 0, 0, 0),
('HS20190303', 'LH201903', 'LichSu', 2, 2020, 2021, 0, 0, 0, 0),
('HS20190303', 'LH201903', 'NguVan', 1, 2020, 2021, 0, 0, 0, 0),
('HS20190303', 'LH201903', 'NguVan', 1, 2021, 2022, 0, 0, 0, 0),
('HS20190303', 'LH201903', 'NguVan', 2, 2020, 2021, 0, 0, 0, 0),
('HS20190303', 'LH201903', 'SinhHoc', 1, 2020, 2021, 0, 0, 0, 0),
('HS20190303', 'LH201903', 'SinhHoc', 1, 2021, 2022, 0, 0, 0, 0),
('HS20190303', 'LH201903', 'SinhHoc', 2, 2020, 2021, 0, 0, 0, 0),
('HS20190303', 'LH201903', 'TheDuc', 1, 2020, 2021, 0, 0, 0, 0),
('HS20190303', 'LH201903', 'TheDuc', 1, 2021, 2022, 0, 0, 0, 0),
('HS20190303', 'LH201903', 'TheDuc', 2, 2020, 2021, 0, 0, 0, 0),
('HS20190303', 'LH201903', 'TinHoc', 1, 2020, 2021, 0, 0, 0, 0),
('HS20190303', 'LH201903', 'TinHoc', 1, 2021, 2022, 0, 0, 0, 0),
('HS20190303', 'LH201903', 'TinHoc', 2, 2020, 2021, 0, 0, 0, 0),
('HS20190303', 'LH201903', 'Toan', 1, 2020, 2021, 0, 0, 0, 0),
('HS20190303', 'LH201903', 'Toan', 1, 2021, 2022, 0, 0, 0, 0),
('HS20190303', 'LH201903', 'Toan', 2, 2020, 2021, 0, 0, 0, 0),
('HS20190303', 'LH201903', 'VatLy', 1, 2020, 2021, 0, 0, 0, 0),
('HS20190303', 'LH201903', 'VatLy', 1, 2021, 2022, 0, 0, 0, 0),
('HS20190303', 'LH201903', 'VatLy', 2, 2020, 2021, 0, 0, 0, 0),
('HS20190304', 'LH201903', 'AnhVan', 1, 2020, 2021, 0, 0, 0, 0),
('HS20190304', 'LH201903', 'AnhVan', 1, 2021, 2022, 0, 0, 0, 0),
('HS20190304', 'LH201903', 'AnhVan', 2, 2020, 2021, 0, 0, 0, 0),
('HS20190304', 'LH201903', 'CongNghe', 1, 2020, 2021, 0, 0, 0, 0),
('HS20190304', 'LH201903', 'CongNghe', 1, 2021, 2022, 0, 0, 0, 0),
('HS20190304', 'LH201903', 'CongNghe', 2, 2020, 2021, 0, 0, 0, 0),
('HS20190304', 'LH201903', 'DiaLy', 1, 2020, 2021, 0, 0, 0, 0),
('HS20190304', 'LH201903', 'DiaLy', 1, 2021, 2022, 0, 0, 0, 0),
('HS20190304', 'LH201903', 'DiaLy', 2, 2020, 2021, 0, 0, 0, 0),
('HS20190304', 'LH201903', 'GDCD', 1, 2020, 2021, 0, 0, 0, 0),
('HS20190304', 'LH201903', 'GDCD', 1, 2021, 2022, 0, 0, 0, 0),
('HS20190304', 'LH201903', 'GDCD', 2, 2020, 2021, 0, 0, 0, 0),
('HS20190304', 'LH201903', 'GDQP', 1, 2020, 2021, 0, 0, 0, 0),
('HS20190304', 'LH201903', 'GDQP', 1, 2021, 2022, 0, 0, 0, 0),
('HS20190304', 'LH201903', 'GDQP', 2, 2020, 2021, 0, 0, 0, 0),
('HS20190304', 'LH201903', 'HoaHoc', 1, 2020, 2021, 0, 0, 0, 0),
('HS20190304', 'LH201903', 'HoaHoc', 1, 2021, 2022, 0, 0, 0, 0),
('HS20190304', 'LH201903', 'HoaHoc', 2, 2020, 2021, 0, 0, 0, 0),
('HS20190304', 'LH201903', 'LichSu', 1, 2020, 2021, 0, 0, 0, 0),
('HS20190304', 'LH201903', 'LichSu', 1, 2021, 2022, 0, 0, 0, 0),
('HS20190304', 'LH201903', 'LichSu', 2, 2020, 2021, 0, 0, 0, 0),
('HS20190304', 'LH201903', 'NguVan', 1, 2020, 2021, 0, 0, 0, 0),
('HS20190304', 'LH201903', 'NguVan', 1, 2021, 2022, 0, 0, 0, 0),
('HS20190304', 'LH201903', 'NguVan', 2, 2020, 2021, 0, 0, 0, 0),
('HS20190304', 'LH201903', 'SinhHoc', 1, 2020, 2021, 0, 0, 0, 0),
('HS20190304', 'LH201903', 'SinhHoc', 1, 2021, 2022, 0, 0, 0, 0),
('HS20190304', 'LH201903', 'SinhHoc', 2, 2020, 2021, 0, 0, 0, 0),
('HS20190304', 'LH201903', 'TheDuc', 1, 2020, 2021, 0, 0, 0, 0),
('HS20190304', 'LH201903', 'TheDuc', 1, 2021, 2022, 0, 0, 0, 0),
('HS20190304', 'LH201903', 'TheDuc', 2, 2020, 2021, 0, 0, 0, 0),
('HS20190304', 'LH201903', 'TinHoc', 1, 2020, 2021, 0, 0, 0, 0),
('HS20190304', 'LH201903', 'TinHoc', 1, 2021, 2022, 0, 0, 0, 0),
('HS20190304', 'LH201903', 'TinHoc', 2, 2020, 2021, 0, 0, 0, 0),
('HS20190304', 'LH201903', 'Toan', 1, 2020, 2021, 0, 0, 0, 0),
('HS20190304', 'LH201903', 'Toan', 1, 2021, 2022, 0, 0, 0, 0),
('HS20190304', 'LH201903', 'Toan', 2, 2020, 2021, 0, 0, 0, 0),
('HS20190304', 'LH201903', 'VatLy', 1, 2020, 2021, 0, 0, 0, 0),
('HS20190304', 'LH201903', 'VatLy', 1, 2021, 2022, 0, 0, 0, 0),
('HS20190304', 'LH201903', 'VatLy', 2, 2020, 2021, 0, 0, 0, 0),
('HS20190305', 'LH201903', 'AnhVan', 1, 2020, 2021, 0, 0, 0, 0),
('HS20190305', 'LH201903', 'AnhVan', 1, 2021, 2022, 0, 0, 0, 0),
('HS20190305', 'LH201903', 'AnhVan', 2, 2020, 2021, 0, 0, 0, 0),
('HS20190305', 'LH201903', 'CongNghe', 1, 2020, 2021, 0, 0, 0, 0),
('HS20190305', 'LH201903', 'CongNghe', 1, 2021, 2022, 0, 0, 0, 0),
('HS20190305', 'LH201903', 'CongNghe', 2, 2020, 2021, 0, 0, 0, 0),
('HS20190305', 'LH201903', 'DiaLy', 1, 2020, 2021, 0, 0, 0, 0),
('HS20190305', 'LH201903', 'DiaLy', 1, 2021, 2022, 0, 0, 0, 0),
('HS20190305', 'LH201903', 'DiaLy', 2, 2020, 2021, 0, 0, 0, 0),
('HS20190305', 'LH201903', 'GDCD', 1, 2020, 2021, 0, 0, 0, 0),
('HS20190305', 'LH201903', 'GDCD', 1, 2021, 2022, 0, 0, 0, 0),
('HS20190305', 'LH201903', 'GDCD', 2, 2020, 2021, 0, 0, 0, 0),
('HS20190305', 'LH201903', 'GDQP', 1, 2020, 2021, 0, 0, 0, 0),
('HS20190305', 'LH201903', 'GDQP', 1, 2021, 2022, 0, 0, 0, 0),
('HS20190305', 'LH201903', 'GDQP', 2, 2020, 2021, 0, 0, 0, 0),
('HS20190305', 'LH201903', 'HoaHoc', 1, 2020, 2021, 0, 0, 0, 0),
('HS20190305', 'LH201903', 'HoaHoc', 1, 2021, 2022, 0, 0, 0, 0),
('HS20190305', 'LH201903', 'HoaHoc', 2, 2020, 2021, 0, 0, 0, 0),
('HS20190305', 'LH201903', 'LichSu', 1, 2020, 2021, 0, 0, 0, 0),
('HS20190305', 'LH201903', 'LichSu', 1, 2021, 2022, 0, 0, 0, 0),
('HS20190305', 'LH201903', 'LichSu', 2, 2020, 2021, 0, 0, 0, 0),
('HS20190305', 'LH201903', 'NguVan', 1, 2020, 2021, 0, 0, 0, 0),
('HS20190305', 'LH201903', 'NguVan', 1, 2021, 2022, 0, 0, 0, 0),
('HS20190305', 'LH201903', 'NguVan', 2, 2020, 2021, 0, 0, 0, 0),
('HS20190305', 'LH201903', 'SinhHoc', 1, 2020, 2021, 0, 0, 0, 0),
('HS20190305', 'LH201903', 'SinhHoc', 1, 2021, 2022, 0, 0, 0, 0),
('HS20190305', 'LH201903', 'SinhHoc', 2, 2020, 2021, 0, 0, 0, 0),
('HS20190305', 'LH201903', 'TheDuc', 1, 2020, 2021, 0, 0, 0, 0),
('HS20190305', 'LH201903', 'TheDuc', 1, 2021, 2022, 0, 0, 0, 0),
('HS20190305', 'LH201903', 'TheDuc', 2, 2020, 2021, 0, 0, 0, 0),
('HS20190305', 'LH201903', 'TinHoc', 1, 2020, 2021, 0, 0, 0, 0),
('HS20190305', 'LH201903', 'TinHoc', 1, 2021, 2022, 0, 0, 0, 0),
('HS20190305', 'LH201903', 'TinHoc', 2, 2020, 2021, 0, 0, 0, 0),
('HS20190305', 'LH201903', 'Toan', 1, 2020, 2021, 0, 0, 0, 0),
('HS20190305', 'LH201903', 'Toan', 1, 2021, 2022, 0, 0, 0, 0),
('HS20190305', 'LH201903', 'Toan', 2, 2020, 2021, 0, 0, 0, 0),
('HS20190305', 'LH201903', 'VatLy', 1, 2020, 2021, 0, 0, 0, 0),
('HS20190305', 'LH201903', 'VatLy', 1, 2021, 2022, 0, 0, 0, 0),
('HS20190305', 'LH201903', 'VatLy', 2, 2020, 2021, 0, 0, 0, 0),
('HS20190401', 'LH201904', 'AnhVan', 1, 2020, 2021, 0, 0, 0, 0),
('HS20190401', 'LH201904', 'AnhVan', 1, 2021, 2022, 0, 0, 0, 0),
('HS20190401', 'LH201904', 'AnhVan', 2, 2020, 2021, 0, 0, 0, 0),
('HS20190401', 'LH201904', 'CongNghe', 1, 2020, 2021, 0, 0, 0, 0),
('HS20190401', 'LH201904', 'CongNghe', 1, 2021, 2022, 0, 0, 0, 0),
('HS20190401', 'LH201904', 'CongNghe', 2, 2020, 2021, 0, 0, 0, 0),
('HS20190401', 'LH201904', 'DiaLy', 1, 2020, 2021, 0, 0, 0, 0),
('HS20190401', 'LH201904', 'DiaLy', 1, 2021, 2022, 0, 0, 0, 0),
('HS20190401', 'LH201904', 'DiaLy', 2, 2020, 2021, 0, 0, 0, 0),
('HS20190401', 'LH201904', 'GDCD', 1, 2020, 2021, 0, 0, 0, 0),
('HS20190401', 'LH201904', 'GDCD', 1, 2021, 2022, 0, 0, 0, 0),
('HS20190401', 'LH201904', 'GDCD', 2, 2020, 2021, 0, 0, 0, 0),
('HS20190401', 'LH201904', 'GDQP', 1, 2020, 2021, 0, 0, 0, 0),
('HS20190401', 'LH201904', 'GDQP', 1, 2021, 2022, 0, 0, 0, 0),
('HS20190401', 'LH201904', 'GDQP', 2, 2020, 2021, 0, 0, 0, 0),
('HS20190401', 'LH201904', 'HoaHoc', 1, 2020, 2021, 0, 0, 0, 0),
('HS20190401', 'LH201904', 'HoaHoc', 1, 2021, 2022, 0, 0, 0, 0),
('HS20190401', 'LH201904', 'HoaHoc', 2, 2020, 2021, 0, 0, 0, 0),
('HS20190401', 'LH201904', 'LichSu', 1, 2020, 2021, 0, 0, 0, 0),
('HS20190401', 'LH201904', 'LichSu', 1, 2021, 2022, 0, 0, 0, 0),
('HS20190401', 'LH201904', 'LichSu', 2, 2020, 2021, 0, 0, 0, 0),
('HS20190401', 'LH201904', 'NguVan', 1, 2020, 2021, 0, 0, 0, 0),
('HS20190401', 'LH201904', 'NguVan', 1, 2021, 2022, 0, 0, 0, 0),
('HS20190401', 'LH201904', 'NguVan', 2, 2020, 2021, 0, 0, 0, 0),
('HS20190401', 'LH201904', 'SinhHoc', 1, 2020, 2021, 0, 0, 0, 0),
('HS20190401', 'LH201904', 'SinhHoc', 1, 2021, 2022, 0, 0, 0, 0),
('HS20190401', 'LH201904', 'SinhHoc', 2, 2020, 2021, 0, 0, 0, 0),
('HS20190401', 'LH201904', 'TheDuc', 1, 2020, 2021, 0, 0, 0, 0),
('HS20190401', 'LH201904', 'TheDuc', 1, 2021, 2022, 0, 0, 0, 0),
('HS20190401', 'LH201904', 'TheDuc', 2, 2020, 2021, 0, 0, 0, 0),
('HS20190401', 'LH201904', 'TinHoc', 1, 2020, 2021, 0, 0, 0, 0),
('HS20190401', 'LH201904', 'TinHoc', 1, 2021, 2022, 0, 0, 0, 0),
('HS20190401', 'LH201904', 'TinHoc', 2, 2020, 2021, 0, 0, 0, 0),
('HS20190401', 'LH201904', 'Toan', 1, 2020, 2021, 0, 0, 0, 0),
('HS20190401', 'LH201904', 'Toan', 1, 2021, 2022, 0, 0, 0, 0),
('HS20190401', 'LH201904', 'Toan', 2, 2020, 2021, 0, 0, 0, 0),
('HS20190401', 'LH201904', 'VatLy', 1, 2020, 2021, 0, 0, 0, 0),
('HS20190401', 'LH201904', 'VatLy', 1, 2021, 2022, 0, 0, 0, 0),
('HS20190401', 'LH201904', 'VatLy', 2, 2020, 2021, 0, 0, 0, 0),
('HS20190402', 'LH201904', 'AnhVan', 1, 2020, 2021, 0, 0, 0, 0),
('HS20190402', 'LH201904', 'AnhVan', 1, 2021, 2022, 0, 0, 0, 0),
('HS20190402', 'LH201904', 'AnhVan', 2, 2020, 2021, 0, 0, 0, 0),
('HS20190402', 'LH201904', 'CongNghe', 1, 2020, 2021, 0, 0, 0, 0),
('HS20190402', 'LH201904', 'CongNghe', 1, 2021, 2022, 0, 0, 0, 0),
('HS20190402', 'LH201904', 'CongNghe', 2, 2020, 2021, 0, 0, 0, 0),
('HS20190402', 'LH201904', 'DiaLy', 1, 2020, 2021, 0, 0, 0, 0),
('HS20190402', 'LH201904', 'DiaLy', 1, 2021, 2022, 0, 0, 0, 0),
('HS20190402', 'LH201904', 'DiaLy', 2, 2020, 2021, 0, 0, 0, 0),
('HS20190402', 'LH201904', 'GDCD', 1, 2020, 2021, 0, 0, 0, 0),
('HS20190402', 'LH201904', 'GDCD', 1, 2021, 2022, 0, 0, 0, 0),
('HS20190402', 'LH201904', 'GDCD', 2, 2020, 2021, 0, 0, 0, 0),
('HS20190402', 'LH201904', 'GDQP', 1, 2020, 2021, 0, 0, 0, 0),
('HS20190402', 'LH201904', 'GDQP', 1, 2021, 2022, 0, 0, 0, 0),
('HS20190402', 'LH201904', 'GDQP', 2, 2020, 2021, 0, 0, 0, 0),
('HS20190402', 'LH201904', 'HoaHoc', 1, 2020, 2021, 0, 0, 0, 0),
('HS20190402', 'LH201904', 'HoaHoc', 1, 2021, 2022, 0, 0, 0, 0),
('HS20190402', 'LH201904', 'HoaHoc', 2, 2020, 2021, 0, 0, 0, 0),
('HS20190402', 'LH201904', 'LichSu', 1, 2020, 2021, 0, 0, 0, 0),
('HS20190402', 'LH201904', 'LichSu', 1, 2021, 2022, 0, 0, 0, 0),
('HS20190402', 'LH201904', 'LichSu', 2, 2020, 2021, 0, 0, 0, 0),
('HS20190402', 'LH201904', 'NguVan', 1, 2020, 2021, 0, 0, 0, 0),
('HS20190402', 'LH201904', 'NguVan', 1, 2021, 2022, 0, 0, 0, 0),
('HS20190402', 'LH201904', 'NguVan', 2, 2020, 2021, 0, 0, 0, 0),
('HS20190402', 'LH201904', 'SinhHoc', 1, 2020, 2021, 0, 0, 0, 0),
('HS20190402', 'LH201904', 'SinhHoc', 1, 2021, 2022, 0, 0, 0, 0),
('HS20190402', 'LH201904', 'SinhHoc', 2, 2020, 2021, 0, 0, 0, 0),
('HS20190402', 'LH201904', 'TheDuc', 1, 2020, 2021, 0, 0, 0, 0),
('HS20190402', 'LH201904', 'TheDuc', 1, 2021, 2022, 0, 0, 0, 0),
('HS20190402', 'LH201904', 'TheDuc', 2, 2020, 2021, 0, 0, 0, 0),
('HS20190402', 'LH201904', 'TinHoc', 1, 2020, 2021, 0, 0, 0, 0),
('HS20190402', 'LH201904', 'TinHoc', 1, 2021, 2022, 0, 0, 0, 0),
('HS20190402', 'LH201904', 'TinHoc', 2, 2020, 2021, 0, 0, 0, 0),
('HS20190402', 'LH201904', 'Toan', 1, 2020, 2021, 0, 0, 0, 0),
('HS20190402', 'LH201904', 'Toan', 1, 2021, 2022, 0, 0, 0, 0),
('HS20190402', 'LH201904', 'Toan', 2, 2020, 2021, 0, 0, 0, 0),
('HS20190402', 'LH201904', 'VatLy', 1, 2020, 2021, 0, 0, 0, 0),
('HS20190402', 'LH201904', 'VatLy', 1, 2021, 2022, 0, 0, 0, 0),
('HS20190402', 'LH201904', 'VatLy', 2, 2020, 2021, 0, 0, 0, 0),
('HS20190403', 'LH201904', 'AnhVan', 1, 2020, 2021, 0, 0, 0, 0),
('HS20190403', 'LH201904', 'AnhVan', 1, 2021, 2022, 0, 0, 0, 0),
('HS20190403', 'LH201904', 'AnhVan', 2, 2020, 2021, 0, 0, 0, 0),
('HS20190403', 'LH201904', 'CongNghe', 1, 2020, 2021, 0, 0, 0, 0),
('HS20190403', 'LH201904', 'CongNghe', 1, 2021, 2022, 0, 0, 0, 0),
('HS20190403', 'LH201904', 'CongNghe', 2, 2020, 2021, 0, 0, 0, 0),
('HS20190403', 'LH201904', 'DiaLy', 1, 2020, 2021, 0, 0, 0, 0),
('HS20190403', 'LH201904', 'DiaLy', 1, 2021, 2022, 0, 0, 0, 0),
('HS20190403', 'LH201904', 'DiaLy', 2, 2020, 2021, 0, 0, 0, 0),
('HS20190403', 'LH201904', 'GDCD', 1, 2020, 2021, 0, 0, 0, 0),
('HS20190403', 'LH201904', 'GDCD', 1, 2021, 2022, 0, 0, 0, 0),
('HS20190403', 'LH201904', 'GDCD', 2, 2020, 2021, 0, 0, 0, 0),
('HS20190403', 'LH201904', 'GDQP', 1, 2020, 2021, 0, 0, 0, 0),
('HS20190403', 'LH201904', 'GDQP', 1, 2021, 2022, 0, 0, 0, 0),
('HS20190403', 'LH201904', 'GDQP', 2, 2020, 2021, 0, 0, 0, 0),
('HS20190403', 'LH201904', 'HoaHoc', 1, 2020, 2021, 0, 0, 0, 0),
('HS20190403', 'LH201904', 'HoaHoc', 1, 2021, 2022, 0, 0, 0, 0),
('HS20190403', 'LH201904', 'HoaHoc', 2, 2020, 2021, 0, 0, 0, 0),
('HS20190403', 'LH201904', 'LichSu', 1, 2020, 2021, 0, 0, 0, 0),
('HS20190403', 'LH201904', 'LichSu', 1, 2021, 2022, 0, 0, 0, 0),
('HS20190403', 'LH201904', 'LichSu', 2, 2020, 2021, 0, 0, 0, 0),
('HS20190403', 'LH201904', 'NguVan', 1, 2020, 2021, 0, 0, 0, 0),
('HS20190403', 'LH201904', 'NguVan', 1, 2021, 2022, 0, 0, 0, 0),
('HS20190403', 'LH201904', 'NguVan', 2, 2020, 2021, 0, 0, 0, 0),
('HS20190403', 'LH201904', 'SinhHoc', 1, 2020, 2021, 0, 0, 0, 0),
('HS20190403', 'LH201904', 'SinhHoc', 1, 2021, 2022, 0, 0, 0, 0),
('HS20190403', 'LH201904', 'SinhHoc', 2, 2020, 2021, 0, 0, 0, 0),
('HS20190403', 'LH201904', 'TheDuc', 1, 2020, 2021, 0, 0, 0, 0),
('HS20190403', 'LH201904', 'TheDuc', 1, 2021, 2022, 0, 0, 0, 0),
('HS20190403', 'LH201904', 'TheDuc', 2, 2020, 2021, 0, 0, 0, 0),
('HS20190403', 'LH201904', 'TinHoc', 1, 2020, 2021, 0, 0, 0, 0),
('HS20190403', 'LH201904', 'TinHoc', 1, 2021, 2022, 0, 0, 0, 0),
('HS20190403', 'LH201904', 'TinHoc', 2, 2020, 2021, 0, 0, 0, 0),
('HS20190403', 'LH201904', 'Toan', 1, 2020, 2021, 0, 0, 0, 0),
('HS20190403', 'LH201904', 'Toan', 1, 2021, 2022, 0, 0, 0, 0),
('HS20190403', 'LH201904', 'Toan', 2, 2020, 2021, 0, 0, 0, 0),
('HS20190403', 'LH201904', 'VatLy', 1, 2020, 2021, 0, 0, 0, 0),
('HS20190403', 'LH201904', 'VatLy', 1, 2021, 2022, 0, 0, 0, 0),
('HS20190403', 'LH201904', 'VatLy', 2, 2020, 2021, 0, 0, 0, 0),
('HS20190404', 'LH201904', 'AnhVan', 1, 2020, 2021, 0, 0, 0, 0),
('HS20190404', 'LH201904', 'AnhVan', 1, 2021, 2022, 0, 0, 0, 0),
('HS20190404', 'LH201904', 'AnhVan', 2, 2020, 2021, 0, 0, 0, 0),
('HS20190404', 'LH201904', 'CongNghe', 1, 2020, 2021, 0, 0, 0, 0),
('HS20190404', 'LH201904', 'CongNghe', 1, 2021, 2022, 0, 0, 0, 0),
('HS20190404', 'LH201904', 'CongNghe', 2, 2020, 2021, 0, 0, 0, 0),
('HS20190404', 'LH201904', 'DiaLy', 1, 2020, 2021, 0, 0, 0, 0),
('HS20190404', 'LH201904', 'DiaLy', 1, 2021, 2022, 0, 0, 0, 0),
('HS20190404', 'LH201904', 'DiaLy', 2, 2020, 2021, 0, 0, 0, 0),
('HS20190404', 'LH201904', 'GDCD', 1, 2020, 2021, 0, 0, 0, 0),
('HS20190404', 'LH201904', 'GDCD', 1, 2021, 2022, 0, 0, 0, 0),
('HS20190404', 'LH201904', 'GDCD', 2, 2020, 2021, 0, 0, 0, 0),
('HS20190404', 'LH201904', 'GDQP', 1, 2020, 2021, 0, 0, 0, 0),
('HS20190404', 'LH201904', 'GDQP', 1, 2021, 2022, 0, 0, 0, 0),
('HS20190404', 'LH201904', 'GDQP', 2, 2020, 2021, 0, 0, 0, 0),
('HS20190404', 'LH201904', 'HoaHoc', 1, 2020, 2021, 0, 0, 0, 0),
('HS20190404', 'LH201904', 'HoaHoc', 1, 2021, 2022, 0, 0, 0, 0),
('HS20190404', 'LH201904', 'HoaHoc', 2, 2020, 2021, 0, 0, 0, 0),
('HS20190404', 'LH201904', 'LichSu', 1, 2020, 2021, 0, 0, 0, 0),
('HS20190404', 'LH201904', 'LichSu', 1, 2021, 2022, 0, 0, 0, 0),
('HS20190404', 'LH201904', 'LichSu', 2, 2020, 2021, 0, 0, 0, 0),
('HS20190404', 'LH201904', 'NguVan', 1, 2020, 2021, 0, 0, 0, 0),
('HS20190404', 'LH201904', 'NguVan', 1, 2021, 2022, 0, 0, 0, 0),
('HS20190404', 'LH201904', 'NguVan', 2, 2020, 2021, 0, 0, 0, 0),
('HS20190404', 'LH201904', 'SinhHoc', 1, 2020, 2021, 0, 0, 0, 0),
('HS20190404', 'LH201904', 'SinhHoc', 1, 2021, 2022, 0, 0, 0, 0),
('HS20190404', 'LH201904', 'SinhHoc', 2, 2020, 2021, 0, 0, 0, 0),
('HS20190404', 'LH201904', 'TheDuc', 1, 2020, 2021, 0, 0, 0, 0),
('HS20190404', 'LH201904', 'TheDuc', 1, 2021, 2022, 0, 0, 0, 0),
('HS20190404', 'LH201904', 'TheDuc', 2, 2020, 2021, 0, 0, 0, 0),
('HS20190404', 'LH201904', 'TinHoc', 1, 2020, 2021, 0, 0, 0, 0),
('HS20190404', 'LH201904', 'TinHoc', 1, 2021, 2022, 0, 0, 0, 0),
('HS20190404', 'LH201904', 'TinHoc', 2, 2020, 2021, 0, 0, 0, 0),
('HS20190404', 'LH201904', 'Toan', 1, 2020, 2021, 0, 0, 0, 0),
('HS20190404', 'LH201904', 'Toan', 1, 2021, 2022, 0, 0, 0, 0),
('HS20190404', 'LH201904', 'Toan', 2, 2020, 2021, 0, 0, 0, 0),
('HS20190404', 'LH201904', 'VatLy', 1, 2020, 2021, 0, 0, 0, 0),
('HS20190404', 'LH201904', 'VatLy', 1, 2021, 2022, 0, 0, 0, 0),
('HS20190404', 'LH201904', 'VatLy', 2, 2020, 2021, 0, 0, 0, 0),
('HS20190405', 'LH201904', 'AnhVan', 1, 2020, 2021, 0, 0, 0, 0),
('HS20190405', 'LH201904', 'AnhVan', 1, 2021, 2022, 0, 0, 0, 0),
('HS20190405', 'LH201904', 'AnhVan', 2, 2020, 2021, 0, 0, 0, 0),
('HS20190405', 'LH201904', 'CongNghe', 1, 2020, 2021, 0, 0, 0, 0),
('HS20190405', 'LH201904', 'CongNghe', 1, 2021, 2022, 0, 0, 0, 0),
('HS20190405', 'LH201904', 'CongNghe', 2, 2020, 2021, 0, 0, 0, 0),
('HS20190405', 'LH201904', 'DiaLy', 1, 2020, 2021, 0, 0, 0, 0),
('HS20190405', 'LH201904', 'DiaLy', 1, 2021, 2022, 0, 0, 0, 0),
('HS20190405', 'LH201904', 'DiaLy', 2, 2020, 2021, 0, 0, 0, 0),
('HS20190405', 'LH201904', 'GDCD', 1, 2020, 2021, 0, 0, 0, 0),
('HS20190405', 'LH201904', 'GDCD', 1, 2021, 2022, 0, 0, 0, 0),
('HS20190405', 'LH201904', 'GDCD', 2, 2020, 2021, 0, 0, 0, 0),
('HS20190405', 'LH201904', 'GDQP', 1, 2020, 2021, 0, 0, 0, 0),
('HS20190405', 'LH201904', 'GDQP', 1, 2021, 2022, 0, 0, 0, 0),
('HS20190405', 'LH201904', 'GDQP', 2, 2020, 2021, 0, 0, 0, 0),
('HS20190405', 'LH201904', 'HoaHoc', 1, 2020, 2021, 0, 0, 0, 0),
('HS20190405', 'LH201904', 'HoaHoc', 1, 2021, 2022, 0, 0, 0, 0),
('HS20190405', 'LH201904', 'HoaHoc', 2, 2020, 2021, 0, 0, 0, 0),
('HS20190405', 'LH201904', 'LichSu', 1, 2020, 2021, 0, 0, 0, 0),
('HS20190405', 'LH201904', 'LichSu', 1, 2021, 2022, 0, 0, 0, 0),
('HS20190405', 'LH201904', 'LichSu', 2, 2020, 2021, 0, 0, 0, 0),
('HS20190405', 'LH201904', 'NguVan', 1, 2020, 2021, 0, 0, 0, 0),
('HS20190405', 'LH201904', 'NguVan', 1, 2021, 2022, 0, 0, 0, 0),
('HS20190405', 'LH201904', 'NguVan', 2, 2020, 2021, 0, 0, 0, 0),
('HS20190405', 'LH201904', 'SinhHoc', 1, 2020, 2021, 0, 0, 0, 0),
('HS20190405', 'LH201904', 'SinhHoc', 1, 2021, 2022, 0, 0, 0, 0),
('HS20190405', 'LH201904', 'SinhHoc', 2, 2020, 2021, 0, 0, 0, 0),
('HS20190405', 'LH201904', 'TheDuc', 1, 2020, 2021, 0, 0, 0, 0),
('HS20190405', 'LH201904', 'TheDuc', 1, 2021, 2022, 0, 0, 0, 0),
('HS20190405', 'LH201904', 'TheDuc', 2, 2020, 2021, 0, 0, 0, 0),
('HS20190405', 'LH201904', 'TinHoc', 1, 2020, 2021, 0, 0, 0, 0),
('HS20190405', 'LH201904', 'TinHoc', 1, 2021, 2022, 0, 0, 0, 0),
('HS20190405', 'LH201904', 'TinHoc', 2, 2020, 2021, 0, 0, 0, 0),
('HS20190405', 'LH201904', 'Toan', 1, 2020, 2021, 0, 0, 0, 0),
('HS20190405', 'LH201904', 'Toan', 1, 2021, 2022, 0, 0, 0, 0),
('HS20190405', 'LH201904', 'Toan', 2, 2020, 2021, 0, 0, 0, 0),
('HS20190405', 'LH201904', 'VatLy', 1, 2020, 2021, 0, 0, 0, 0),
('HS20190405', 'LH201904', 'VatLy', 1, 2021, 2022, 0, 0, 0, 0),
('HS20190405', 'LH201904', 'VatLy', 2, 2020, 2021, 0, 0, 0, 0),
('HS20200101', 'LH202001', 'AnhVan', 1, 2020, 2021, 0, 0, 0, 0),
('HS20200101', 'LH202001', 'AnhVan', 1, 2021, 2022, 0, 0, 0, 0),
('HS20200101', 'LH202001', 'AnhVan', 2, 2020, 2021, 0, 0, 0, 0),
('HS20200101', 'LH202001', 'CongNghe', 1, 2020, 2021, 0, 0, 0, 0),
('HS20200101', 'LH202001', 'CongNghe', 1, 2021, 2022, 0, 0, 0, 0),
('HS20200101', 'LH202001', 'CongNghe', 2, 2020, 2021, 0, 0, 0, 0),
('HS20200101', 'LH202001', 'DiaLy', 1, 2020, 2021, 0, 0, 0, 0),
('HS20200101', 'LH202001', 'DiaLy', 1, 2021, 2022, 0, 0, 0, 0),
('HS20200101', 'LH202001', 'DiaLy', 2, 2020, 2021, 0, 0, 0, 0),
('HS20200101', 'LH202001', 'GDCD', 1, 2020, 2021, 0, 0, 0, 0),
('HS20200101', 'LH202001', 'GDCD', 1, 2021, 2022, 0, 0, 0, 0),
('HS20200101', 'LH202001', 'GDCD', 2, 2020, 2021, 0, 0, 0, 0),
('HS20200101', 'LH202001', 'GDQP', 1, 2020, 2021, 0, 0, 0, 0),
('HS20200101', 'LH202001', 'GDQP', 1, 2021, 2022, 0, 0, 0, 0),
('HS20200101', 'LH202001', 'GDQP', 2, 2020, 2021, 0, 0, 0, 0),
('HS20200101', 'LH202001', 'HoaHoc', 1, 2020, 2021, 0, 0, 0, 0),
('HS20200101', 'LH202001', 'HoaHoc', 1, 2021, 2022, 0, 0, 0, 0),
('HS20200101', 'LH202001', 'HoaHoc', 2, 2020, 2021, 0, 0, 0, 0),
('HS20200101', 'LH202001', 'LichSu', 1, 2020, 2021, 0, 0, 0, 0),
('HS20200101', 'LH202001', 'LichSu', 1, 2021, 2022, 0, 0, 0, 0),
('HS20200101', 'LH202001', 'LichSu', 2, 2020, 2021, 0, 0, 0, 0),
('HS20200101', 'LH202001', 'NguVan', 1, 2020, 2021, 0, 0, 0, 0),
('HS20200101', 'LH202001', 'NguVan', 1, 2021, 2022, 0, 0, 0, 0),
('HS20200101', 'LH202001', 'NguVan', 2, 2020, 2021, 0, 0, 0, 0),
('HS20200101', 'LH202001', 'SinhHoc', 1, 2020, 2021, 0, 0, 0, 0),
('HS20200101', 'LH202001', 'SinhHoc', 1, 2021, 2022, 0, 0, 0, 0),
('HS20200101', 'LH202001', 'SinhHoc', 2, 2020, 2021, 0, 0, 0, 0),
('HS20200101', 'LH202001', 'TheDuc', 1, 2020, 2021, 0, 0, 0, 0),
('HS20200101', 'LH202001', 'TheDuc', 1, 2021, 2022, 0, 0, 0, 0),
('HS20200101', 'LH202001', 'TheDuc', 2, 2020, 2021, 0, 0, 0, 0),
('HS20200101', 'LH202001', 'TinHoc', 1, 2020, 2021, 0, 0, 0, 0),
('HS20200101', 'LH202001', 'TinHoc', 1, 2021, 2022, 0, 0, 0, 0),
('HS20200101', 'LH202001', 'TinHoc', 2, 2020, 2021, 0, 0, 0, 0),
('HS20200101', 'LH202001', 'Toan', 1, 2020, 2021, 0, 0, 0, 0),
('HS20200101', 'LH202001', 'Toan', 1, 2021, 2022, 0, 0, 0, 0),
('HS20200101', 'LH202001', 'Toan', 2, 2020, 2021, 0, 0, 0, 0),
('HS20200101', 'LH202001', 'VatLy', 1, 2020, 2021, 0, 0, 0, 0),
('HS20200101', 'LH202001', 'VatLy', 1, 2021, 2022, 0, 0, 0, 0),
('HS20200101', 'LH202001', 'VatLy', 2, 2020, 2021, 0, 0, 0, 0),
('HS20200102', 'LH202001', 'AnhVan', 1, 2020, 2021, 0, 0, 0, 0),
('HS20200102', 'LH202001', 'AnhVan', 1, 2021, 2022, 0, 0, 0, 0),
('HS20200102', 'LH202001', 'AnhVan', 2, 2020, 2021, 0, 0, 0, 0),
('HS20200102', 'LH202001', 'CongNghe', 1, 2020, 2021, 0, 0, 0, 0),
('HS20200102', 'LH202001', 'CongNghe', 1, 2021, 2022, 0, 0, 0, 0),
('HS20200102', 'LH202001', 'CongNghe', 2, 2020, 2021, 0, 0, 0, 0),
('HS20200102', 'LH202001', 'DiaLy', 1, 2020, 2021, 0, 0, 0, 0),
('HS20200102', 'LH202001', 'DiaLy', 1, 2021, 2022, 0, 0, 0, 0),
('HS20200102', 'LH202001', 'DiaLy', 2, 2020, 2021, 0, 0, 0, 0),
('HS20200102', 'LH202001', 'GDCD', 1, 2020, 2021, 0, 0, 0, 0),
('HS20200102', 'LH202001', 'GDCD', 1, 2021, 2022, 0, 0, 0, 0),
('HS20200102', 'LH202001', 'GDCD', 2, 2020, 2021, 0, 0, 0, 0),
('HS20200102', 'LH202001', 'GDQP', 1, 2020, 2021, 0, 0, 0, 0),
('HS20200102', 'LH202001', 'GDQP', 1, 2021, 2022, 0, 0, 0, 0),
('HS20200102', 'LH202001', 'GDQP', 2, 2020, 2021, 0, 0, 0, 0),
('HS20200102', 'LH202001', 'HoaHoc', 1, 2020, 2021, 0, 0, 0, 0),
('HS20200102', 'LH202001', 'HoaHoc', 1, 2021, 2022, 0, 0, 0, 0),
('HS20200102', 'LH202001', 'HoaHoc', 2, 2020, 2021, 0, 0, 0, 0),
('HS20200102', 'LH202001', 'LichSu', 1, 2020, 2021, 0, 0, 0, 0),
('HS20200102', 'LH202001', 'LichSu', 1, 2021, 2022, 0, 0, 0, 0),
('HS20200102', 'LH202001', 'LichSu', 2, 2020, 2021, 0, 0, 0, 0),
('HS20200102', 'LH202001', 'NguVan', 1, 2020, 2021, 0, 0, 0, 0),
('HS20200102', 'LH202001', 'NguVan', 1, 2021, 2022, 0, 0, 0, 0),
('HS20200102', 'LH202001', 'NguVan', 2, 2020, 2021, 0, 0, 0, 0),
('HS20200102', 'LH202001', 'SinhHoc', 1, 2020, 2021, 0, 0, 0, 0),
('HS20200102', 'LH202001', 'SinhHoc', 1, 2021, 2022, 0, 0, 0, 0),
('HS20200102', 'LH202001', 'SinhHoc', 2, 2020, 2021, 0, 0, 0, 0),
('HS20200102', 'LH202001', 'TheDuc', 1, 2020, 2021, 0, 0, 0, 0),
('HS20200102', 'LH202001', 'TheDuc', 1, 2021, 2022, 0, 0, 0, 0),
('HS20200102', 'LH202001', 'TheDuc', 2, 2020, 2021, 0, 0, 0, 0),
('HS20200102', 'LH202001', 'TinHoc', 1, 2020, 2021, 0, 0, 0, 0),
('HS20200102', 'LH202001', 'TinHoc', 1, 2021, 2022, 0, 0, 0, 0),
('HS20200102', 'LH202001', 'TinHoc', 2, 2020, 2021, 0, 0, 0, 0),
('HS20200102', 'LH202001', 'Toan', 1, 2020, 2021, 0, 0, 0, 0),
('HS20200102', 'LH202001', 'Toan', 1, 2021, 2022, 0, 0, 0, 0),
('HS20200102', 'LH202001', 'Toan', 2, 2020, 2021, 0, 0, 0, 0),
('HS20200102', 'LH202001', 'VatLy', 1, 2020, 2021, 0, 0, 0, 0),
('HS20200102', 'LH202001', 'VatLy', 1, 2021, 2022, 0, 0, 0, 0),
('HS20200102', 'LH202001', 'VatLy', 2, 2020, 2021, 0, 0, 0, 0),
('HS20200103', 'LH202001', 'AnhVan', 1, 2020, 2021, 0, 0, 0, 0),
('HS20200103', 'LH202001', 'AnhVan', 1, 2021, 2022, 0, 0, 0, 0),
('HS20200103', 'LH202001', 'AnhVan', 2, 2020, 2021, 0, 0, 0, 0),
('HS20200103', 'LH202001', 'CongNghe', 1, 2020, 2021, 0, 0, 0, 0),
('HS20200103', 'LH202001', 'CongNghe', 1, 2021, 2022, 0, 0, 0, 0),
('HS20200103', 'LH202001', 'CongNghe', 2, 2020, 2021, 0, 0, 0, 0),
('HS20200103', 'LH202001', 'DiaLy', 1, 2020, 2021, 0, 0, 0, 0),
('HS20200103', 'LH202001', 'DiaLy', 1, 2021, 2022, 0, 0, 0, 0),
('HS20200103', 'LH202001', 'DiaLy', 2, 2020, 2021, 0, 0, 0, 0),
('HS20200103', 'LH202001', 'GDCD', 1, 2020, 2021, 0, 0, 0, 0),
('HS20200103', 'LH202001', 'GDCD', 1, 2021, 2022, 0, 0, 0, 0),
('HS20200103', 'LH202001', 'GDCD', 2, 2020, 2021, 0, 0, 0, 0),
('HS20200103', 'LH202001', 'GDQP', 1, 2020, 2021, 0, 0, 0, 0),
('HS20200103', 'LH202001', 'GDQP', 1, 2021, 2022, 0, 0, 0, 0),
('HS20200103', 'LH202001', 'GDQP', 2, 2020, 2021, 0, 0, 0, 0),
('HS20200103', 'LH202001', 'HoaHoc', 1, 2020, 2021, 0, 0, 0, 0),
('HS20200103', 'LH202001', 'HoaHoc', 1, 2021, 2022, 0, 0, 0, 0),
('HS20200103', 'LH202001', 'HoaHoc', 2, 2020, 2021, 0, 0, 0, 0),
('HS20200103', 'LH202001', 'LichSu', 1, 2020, 2021, 0, 0, 0, 0),
('HS20200103', 'LH202001', 'LichSu', 1, 2021, 2022, 0, 0, 0, 0),
('HS20200103', 'LH202001', 'LichSu', 2, 2020, 2021, 0, 0, 0, 0),
('HS20200103', 'LH202001', 'NguVan', 1, 2020, 2021, 0, 0, 0, 0),
('HS20200103', 'LH202001', 'NguVan', 1, 2021, 2022, 0, 0, 0, 0),
('HS20200103', 'LH202001', 'NguVan', 2, 2020, 2021, 0, 0, 0, 0),
('HS20200103', 'LH202001', 'SinhHoc', 1, 2020, 2021, 0, 0, 0, 0),
('HS20200103', 'LH202001', 'SinhHoc', 1, 2021, 2022, 0, 0, 0, 0),
('HS20200103', 'LH202001', 'SinhHoc', 2, 2020, 2021, 0, 0, 0, 0),
('HS20200103', 'LH202001', 'TheDuc', 1, 2020, 2021, 0, 0, 0, 0),
('HS20200103', 'LH202001', 'TheDuc', 1, 2021, 2022, 0, 0, 0, 0),
('HS20200103', 'LH202001', 'TheDuc', 2, 2020, 2021, 0, 0, 0, 0),
('HS20200103', 'LH202001', 'TinHoc', 1, 2020, 2021, 0, 0, 0, 0),
('HS20200103', 'LH202001', 'TinHoc', 1, 2021, 2022, 0, 0, 0, 0),
('HS20200103', 'LH202001', 'TinHoc', 2, 2020, 2021, 0, 0, 0, 0),
('HS20200103', 'LH202001', 'Toan', 1, 2020, 2021, 0, 0, 0, 0),
('HS20200103', 'LH202001', 'Toan', 1, 2021, 2022, 0, 0, 0, 0),
('HS20200103', 'LH202001', 'Toan', 2, 2020, 2021, 0, 0, 0, 0),
('HS20200103', 'LH202001', 'VatLy', 1, 2020, 2021, 0, 0, 0, 0),
('HS20200103', 'LH202001', 'VatLy', 1, 2021, 2022, 0, 0, 0, 0),
('HS20200103', 'LH202001', 'VatLy', 2, 2020, 2021, 0, 0, 0, 0),
('HS20200104', 'LH202001', 'AnhVan', 1, 2020, 2021, 0, 0, 0, 0),
('HS20200104', 'LH202001', 'AnhVan', 1, 2021, 2022, 0, 0, 0, 0),
('HS20200104', 'LH202001', 'AnhVan', 2, 2020, 2021, 0, 0, 0, 0),
('HS20200104', 'LH202001', 'CongNghe', 1, 2020, 2021, 0, 0, 0, 0),
('HS20200104', 'LH202001', 'CongNghe', 1, 2021, 2022, 0, 0, 0, 0),
('HS20200104', 'LH202001', 'CongNghe', 2, 2020, 2021, 0, 0, 0, 0),
('HS20200104', 'LH202001', 'DiaLy', 1, 2020, 2021, 0, 0, 0, 0),
('HS20200104', 'LH202001', 'DiaLy', 1, 2021, 2022, 0, 0, 0, 0),
('HS20200104', 'LH202001', 'DiaLy', 2, 2020, 2021, 0, 0, 0, 0);
INSERT INTO `diem` (`mahs`, `malop`, `mabm`, `mahk`, `nambd`, `namkt`, `cot1`, `cot2`, `cot3`, `cot4`) VALUES
('HS20200104', 'LH202001', 'GDCD', 1, 2020, 2021, 0, 0, 0, 0),
('HS20200104', 'LH202001', 'GDCD', 1, 2021, 2022, 0, 0, 0, 0),
('HS20200104', 'LH202001', 'GDCD', 2, 2020, 2021, 0, 0, 0, 0),
('HS20200104', 'LH202001', 'GDQP', 1, 2020, 2021, 0, 0, 0, 0),
('HS20200104', 'LH202001', 'GDQP', 1, 2021, 2022, 0, 0, 0, 0),
('HS20200104', 'LH202001', 'GDQP', 2, 2020, 2021, 0, 0, 0, 0),
('HS20200104', 'LH202001', 'HoaHoc', 1, 2020, 2021, 0, 0, 0, 0),
('HS20200104', 'LH202001', 'HoaHoc', 1, 2021, 2022, 0, 0, 0, 0),
('HS20200104', 'LH202001', 'HoaHoc', 2, 2020, 2021, 0, 0, 0, 0),
('HS20200104', 'LH202001', 'LichSu', 1, 2020, 2021, 0, 0, 0, 0),
('HS20200104', 'LH202001', 'LichSu', 1, 2021, 2022, 0, 0, 0, 0),
('HS20200104', 'LH202001', 'LichSu', 2, 2020, 2021, 0, 0, 0, 0),
('HS20200104', 'LH202001', 'NguVan', 1, 2020, 2021, 0, 0, 0, 0),
('HS20200104', 'LH202001', 'NguVan', 1, 2021, 2022, 0, 0, 0, 0),
('HS20200104', 'LH202001', 'NguVan', 2, 2020, 2021, 0, 0, 0, 0),
('HS20200104', 'LH202001', 'SinhHoc', 1, 2020, 2021, 0, 0, 0, 0),
('HS20200104', 'LH202001', 'SinhHoc', 1, 2021, 2022, 0, 0, 0, 0),
('HS20200104', 'LH202001', 'SinhHoc', 2, 2020, 2021, 0, 0, 0, 0),
('HS20200104', 'LH202001', 'TheDuc', 1, 2020, 2021, 0, 0, 0, 0),
('HS20200104', 'LH202001', 'TheDuc', 1, 2021, 2022, 0, 0, 0, 0),
('HS20200104', 'LH202001', 'TheDuc', 2, 2020, 2021, 0, 0, 0, 0),
('HS20200104', 'LH202001', 'TinHoc', 1, 2020, 2021, 0, 0, 0, 0),
('HS20200104', 'LH202001', 'TinHoc', 1, 2021, 2022, 0, 0, 0, 0),
('HS20200104', 'LH202001', 'TinHoc', 2, 2020, 2021, 0, 0, 0, 0),
('HS20200104', 'LH202001', 'Toan', 1, 2020, 2021, 0, 0, 0, 0),
('HS20200104', 'LH202001', 'Toan', 1, 2021, 2022, 0, 0, 0, 0),
('HS20200104', 'LH202001', 'Toan', 2, 2020, 2021, 0, 0, 0, 0),
('HS20200104', 'LH202001', 'VatLy', 1, 2020, 2021, 0, 0, 0, 0),
('HS20200104', 'LH202001', 'VatLy', 1, 2021, 2022, 0, 0, 0, 0),
('HS20200104', 'LH202001', 'VatLy', 2, 2020, 2021, 0, 0, 0, 0),
('HS20200105', 'LH202001', 'AnhVan', 1, 2020, 2021, 0, 0, 0, 0),
('HS20200105', 'LH202001', 'AnhVan', 1, 2021, 2022, 0, 0, 0, 0),
('HS20200105', 'LH202001', 'AnhVan', 2, 2020, 2021, 0, 0, 0, 0),
('HS20200105', 'LH202001', 'CongNghe', 1, 2020, 2021, 0, 0, 0, 0),
('HS20200105', 'LH202001', 'CongNghe', 1, 2021, 2022, 0, 0, 0, 0),
('HS20200105', 'LH202001', 'CongNghe', 2, 2020, 2021, 0, 0, 0, 0),
('HS20200105', 'LH202001', 'DiaLy', 1, 2020, 2021, 0, 0, 0, 0),
('HS20200105', 'LH202001', 'DiaLy', 1, 2021, 2022, 0, 0, 0, 0),
('HS20200105', 'LH202001', 'DiaLy', 2, 2020, 2021, 0, 0, 0, 0),
('HS20200105', 'LH202001', 'GDCD', 1, 2020, 2021, 0, 0, 0, 0),
('HS20200105', 'LH202001', 'GDCD', 1, 2021, 2022, 0, 0, 0, 0),
('HS20200105', 'LH202001', 'GDCD', 2, 2020, 2021, 0, 0, 0, 0),
('HS20200105', 'LH202001', 'GDQP', 1, 2020, 2021, 0, 0, 0, 0),
('HS20200105', 'LH202001', 'GDQP', 1, 2021, 2022, 0, 0, 0, 0),
('HS20200105', 'LH202001', 'GDQP', 2, 2020, 2021, 0, 0, 0, 0),
('HS20200105', 'LH202001', 'HoaHoc', 1, 2020, 2021, 0, 0, 0, 0),
('HS20200105', 'LH202001', 'HoaHoc', 1, 2021, 2022, 0, 0, 0, 0),
('HS20200105', 'LH202001', 'HoaHoc', 2, 2020, 2021, 0, 0, 0, 0),
('HS20200105', 'LH202001', 'LichSu', 1, 2020, 2021, 0, 0, 0, 0),
('HS20200105', 'LH202001', 'LichSu', 1, 2021, 2022, 0, 0, 0, 0),
('HS20200105', 'LH202001', 'LichSu', 2, 2020, 2021, 0, 0, 0, 0),
('HS20200105', 'LH202001', 'NguVan', 1, 2020, 2021, 0, 0, 0, 0),
('HS20200105', 'LH202001', 'NguVan', 1, 2021, 2022, 0, 0, 0, 0),
('HS20200105', 'LH202001', 'NguVan', 2, 2020, 2021, 0, 0, 0, 0),
('HS20200105', 'LH202001', 'SinhHoc', 1, 2020, 2021, 0, 0, 0, 0),
('HS20200105', 'LH202001', 'SinhHoc', 1, 2021, 2022, 0, 0, 0, 0),
('HS20200105', 'LH202001', 'SinhHoc', 2, 2020, 2021, 0, 0, 0, 0),
('HS20200105', 'LH202001', 'TheDuc', 1, 2020, 2021, 0, 0, 0, 0),
('HS20200105', 'LH202001', 'TheDuc', 1, 2021, 2022, 0, 0, 0, 0),
('HS20200105', 'LH202001', 'TheDuc', 2, 2020, 2021, 0, 0, 0, 0),
('HS20200105', 'LH202001', 'TinHoc', 1, 2020, 2021, 0, 0, 0, 0),
('HS20200105', 'LH202001', 'TinHoc', 1, 2021, 2022, 0, 0, 0, 0),
('HS20200105', 'LH202001', 'TinHoc', 2, 2020, 2021, 0, 0, 0, 0),
('HS20200105', 'LH202001', 'Toan', 1, 2020, 2021, 0, 0, 0, 0),
('HS20200105', 'LH202001', 'Toan', 1, 2021, 2022, 0, 0, 0, 0),
('HS20200105', 'LH202001', 'Toan', 2, 2020, 2021, 0, 0, 0, 0),
('HS20200105', 'LH202001', 'VatLy', 1, 2020, 2021, 0, 0, 0, 0),
('HS20200105', 'LH202001', 'VatLy', 1, 2021, 2022, 0, 0, 0, 0),
('HS20200105', 'LH202001', 'VatLy', 2, 2020, 2021, 0, 0, 0, 0),
('HS20200201', 'LH202002', 'AnhVan', 1, 2020, 2021, 0, 0, 0, 0),
('HS20200201', 'LH202002', 'AnhVan', 1, 2021, 2022, 0, 0, 0, 0),
('HS20200201', 'LH202002', 'AnhVan', 2, 2020, 2021, 0, 0, 0, 0),
('HS20200201', 'LH202002', 'CongNghe', 1, 2020, 2021, 0, 0, 0, 0),
('HS20200201', 'LH202002', 'CongNghe', 1, 2021, 2022, 0, 0, 0, 0),
('HS20200201', 'LH202002', 'CongNghe', 2, 2020, 2021, 0, 0, 0, 0),
('HS20200201', 'LH202002', 'DiaLy', 1, 2020, 2021, 0, 0, 0, 0),
('HS20200201', 'LH202002', 'DiaLy', 1, 2021, 2022, 0, 0, 0, 0),
('HS20200201', 'LH202002', 'DiaLy', 2, 2020, 2021, 0, 0, 0, 0),
('HS20200201', 'LH202002', 'GDCD', 1, 2020, 2021, 0, 0, 0, 0),
('HS20200201', 'LH202002', 'GDCD', 1, 2021, 2022, 0, 0, 0, 0),
('HS20200201', 'LH202002', 'GDCD', 2, 2020, 2021, 0, 0, 0, 0),
('HS20200201', 'LH202002', 'GDQP', 1, 2020, 2021, 0, 0, 0, 0),
('HS20200201', 'LH202002', 'GDQP', 1, 2021, 2022, 0, 0, 0, 0),
('HS20200201', 'LH202002', 'GDQP', 2, 2020, 2021, 0, 0, 0, 0),
('HS20200201', 'LH202002', 'HoaHoc', 1, 2020, 2021, 0, 0, 0, 0),
('HS20200201', 'LH202002', 'HoaHoc', 1, 2021, 2022, 0, 0, 0, 0),
('HS20200201', 'LH202002', 'HoaHoc', 2, 2020, 2021, 0, 0, 0, 0),
('HS20200201', 'LH202002', 'LichSu', 1, 2020, 2021, 0, 0, 0, 0),
('HS20200201', 'LH202002', 'LichSu', 1, 2021, 2022, 0, 0, 0, 0),
('HS20200201', 'LH202002', 'LichSu', 2, 2020, 2021, 0, 0, 0, 0),
('HS20200201', 'LH202002', 'NguVan', 1, 2020, 2021, 0, 0, 0, 0),
('HS20200201', 'LH202002', 'NguVan', 1, 2021, 2022, 0, 0, 0, 0),
('HS20200201', 'LH202002', 'NguVan', 2, 2020, 2021, 0, 0, 0, 0),
('HS20200201', 'LH202002', 'SinhHoc', 1, 2020, 2021, 0, 0, 0, 0),
('HS20200201', 'LH202002', 'SinhHoc', 1, 2021, 2022, 0, 0, 0, 0),
('HS20200201', 'LH202002', 'SinhHoc', 2, 2020, 2021, 0, 0, 0, 0),
('HS20200201', 'LH202002', 'TheDuc', 1, 2020, 2021, 0, 0, 0, 0),
('HS20200201', 'LH202002', 'TheDuc', 1, 2021, 2022, 0, 0, 0, 0),
('HS20200201', 'LH202002', 'TheDuc', 2, 2020, 2021, 0, 0, 0, 0),
('HS20200201', 'LH202002', 'TinHoc', 1, 2020, 2021, 0, 0, 0, 0),
('HS20200201', 'LH202002', 'TinHoc', 1, 2021, 2022, 0, 0, 0, 0),
('HS20200201', 'LH202002', 'TinHoc', 2, 2020, 2021, 0, 0, 0, 0),
('HS20200201', 'LH202002', 'Toan', 1, 2020, 2021, 0, 0, 0, 0),
('HS20200201', 'LH202002', 'Toan', 1, 2021, 2022, 0, 0, 0, 0),
('HS20200201', 'LH202002', 'Toan', 2, 2020, 2021, 0, 0, 0, 0),
('HS20200201', 'LH202002', 'VatLy', 1, 2020, 2021, 0, 0, 0, 0),
('HS20200201', 'LH202002', 'VatLy', 1, 2021, 2022, 0, 0, 0, 0),
('HS20200201', 'LH202002', 'VatLy', 2, 2020, 2021, 0, 0, 0, 0),
('HS20200202', 'LH202002', 'AnhVan', 1, 2020, 2021, 0, 0, 0, 0),
('HS20200202', 'LH202002', 'AnhVan', 1, 2021, 2022, 0, 0, 0, 0),
('HS20200202', 'LH202002', 'AnhVan', 2, 2020, 2021, 0, 0, 0, 0),
('HS20200202', 'LH202002', 'CongNghe', 1, 2020, 2021, 0, 0, 0, 0),
('HS20200202', 'LH202002', 'CongNghe', 1, 2021, 2022, 0, 0, 0, 0),
('HS20200202', 'LH202002', 'CongNghe', 2, 2020, 2021, 0, 0, 0, 0),
('HS20200202', 'LH202002', 'DiaLy', 1, 2020, 2021, 0, 0, 0, 0),
('HS20200202', 'LH202002', 'DiaLy', 1, 2021, 2022, 0, 0, 0, 0),
('HS20200202', 'LH202002', 'DiaLy', 2, 2020, 2021, 0, 0, 0, 0),
('HS20200202', 'LH202002', 'GDCD', 1, 2020, 2021, 0, 0, 0, 0),
('HS20200202', 'LH202002', 'GDCD', 1, 2021, 2022, 0, 0, 0, 0),
('HS20200202', 'LH202002', 'GDCD', 2, 2020, 2021, 0, 0, 0, 0),
('HS20200202', 'LH202002', 'GDQP', 1, 2020, 2021, 0, 0, 0, 0),
('HS20200202', 'LH202002', 'GDQP', 1, 2021, 2022, 0, 0, 0, 0),
('HS20200202', 'LH202002', 'GDQP', 2, 2020, 2021, 0, 0, 0, 0),
('HS20200202', 'LH202002', 'HoaHoc', 1, 2020, 2021, 0, 0, 0, 0),
('HS20200202', 'LH202002', 'HoaHoc', 1, 2021, 2022, 0, 0, 0, 0),
('HS20200202', 'LH202002', 'HoaHoc', 2, 2020, 2021, 0, 0, 0, 0),
('HS20200202', 'LH202002', 'LichSu', 1, 2020, 2021, 0, 0, 0, 0),
('HS20200202', 'LH202002', 'LichSu', 1, 2021, 2022, 0, 0, 0, 0),
('HS20200202', 'LH202002', 'LichSu', 2, 2020, 2021, 0, 0, 0, 0),
('HS20200202', 'LH202002', 'NguVan', 1, 2020, 2021, 0, 0, 0, 0),
('HS20200202', 'LH202002', 'NguVan', 1, 2021, 2022, 0, 0, 0, 0),
('HS20200202', 'LH202002', 'NguVan', 2, 2020, 2021, 0, 0, 0, 0),
('HS20200202', 'LH202002', 'SinhHoc', 1, 2020, 2021, 0, 0, 0, 0),
('HS20200202', 'LH202002', 'SinhHoc', 1, 2021, 2022, 0, 0, 0, 0),
('HS20200202', 'LH202002', 'SinhHoc', 2, 2020, 2021, 0, 0, 0, 0),
('HS20200202', 'LH202002', 'TheDuc', 1, 2020, 2021, 0, 0, 0, 0),
('HS20200202', 'LH202002', 'TheDuc', 1, 2021, 2022, 0, 0, 0, 0),
('HS20200202', 'LH202002', 'TheDuc', 2, 2020, 2021, 0, 0, 0, 0),
('HS20200202', 'LH202002', 'TinHoc', 1, 2020, 2021, 0, 0, 0, 0),
('HS20200202', 'LH202002', 'TinHoc', 1, 2021, 2022, 0, 0, 0, 0),
('HS20200202', 'LH202002', 'TinHoc', 2, 2020, 2021, 0, 0, 0, 0),
('HS20200202', 'LH202002', 'Toan', 1, 2020, 2021, 0, 0, 0, 0),
('HS20200202', 'LH202002', 'Toan', 1, 2021, 2022, 0, 0, 0, 0),
('HS20200202', 'LH202002', 'Toan', 2, 2020, 2021, 0, 0, 0, 0),
('HS20200202', 'LH202002', 'VatLy', 1, 2020, 2021, 0, 0, 0, 0),
('HS20200202', 'LH202002', 'VatLy', 1, 2021, 2022, 0, 0, 0, 0),
('HS20200202', 'LH202002', 'VatLy', 2, 2020, 2021, 0, 0, 0, 0),
('HS20200203', 'LH202002', 'AnhVan', 1, 2020, 2021, 0, 0, 0, 0),
('HS20200203', 'LH202002', 'AnhVan', 1, 2021, 2022, 0, 0, 0, 0),
('HS20200203', 'LH202002', 'AnhVan', 2, 2020, 2021, 0, 0, 0, 0),
('HS20200203', 'LH202002', 'CongNghe', 1, 2020, 2021, 0, 0, 0, 0),
('HS20200203', 'LH202002', 'CongNghe', 1, 2021, 2022, 0, 0, 0, 0),
('HS20200203', 'LH202002', 'CongNghe', 2, 2020, 2021, 0, 0, 0, 0),
('HS20200203', 'LH202002', 'DiaLy', 1, 2020, 2021, 0, 0, 0, 0),
('HS20200203', 'LH202002', 'DiaLy', 1, 2021, 2022, 0, 0, 0, 0),
('HS20200203', 'LH202002', 'DiaLy', 2, 2020, 2021, 0, 0, 0, 0),
('HS20200203', 'LH202002', 'GDCD', 1, 2020, 2021, 0, 0, 0, 0),
('HS20200203', 'LH202002', 'GDCD', 1, 2021, 2022, 0, 0, 0, 0),
('HS20200203', 'LH202002', 'GDCD', 2, 2020, 2021, 0, 0, 0, 0),
('HS20200203', 'LH202002', 'GDQP', 1, 2020, 2021, 0, 0, 0, 0),
('HS20200203', 'LH202002', 'GDQP', 1, 2021, 2022, 0, 0, 0, 0),
('HS20200203', 'LH202002', 'GDQP', 2, 2020, 2021, 0, 0, 0, 0),
('HS20200203', 'LH202002', 'HoaHoc', 1, 2020, 2021, 0, 0, 0, 0),
('HS20200203', 'LH202002', 'HoaHoc', 1, 2021, 2022, 0, 0, 0, 0),
('HS20200203', 'LH202002', 'HoaHoc', 2, 2020, 2021, 0, 0, 0, 0),
('HS20200203', 'LH202002', 'LichSu', 1, 2020, 2021, 0, 0, 0, 0),
('HS20200203', 'LH202002', 'LichSu', 1, 2021, 2022, 0, 0, 0, 0),
('HS20200203', 'LH202002', 'LichSu', 2, 2020, 2021, 0, 0, 0, 0),
('HS20200203', 'LH202002', 'NguVan', 1, 2020, 2021, 0, 0, 0, 0),
('HS20200203', 'LH202002', 'NguVan', 1, 2021, 2022, 0, 0, 0, 0),
('HS20200203', 'LH202002', 'NguVan', 2, 2020, 2021, 0, 0, 0, 0),
('HS20200203', 'LH202002', 'SinhHoc', 1, 2020, 2021, 0, 0, 0, 0),
('HS20200203', 'LH202002', 'SinhHoc', 1, 2021, 2022, 0, 0, 0, 0),
('HS20200203', 'LH202002', 'SinhHoc', 2, 2020, 2021, 0, 0, 0, 0),
('HS20200203', 'LH202002', 'TheDuc', 1, 2020, 2021, 0, 0, 0, 0),
('HS20200203', 'LH202002', 'TheDuc', 1, 2021, 2022, 0, 0, 0, 0),
('HS20200203', 'LH202002', 'TheDuc', 2, 2020, 2021, 0, 0, 0, 0),
('HS20200203', 'LH202002', 'TinHoc', 1, 2020, 2021, 0, 0, 0, 0),
('HS20200203', 'LH202002', 'TinHoc', 1, 2021, 2022, 0, 0, 0, 0),
('HS20200203', 'LH202002', 'TinHoc', 2, 2020, 2021, 0, 0, 0, 0),
('HS20200203', 'LH202002', 'Toan', 1, 2020, 2021, 0, 0, 0, 0),
('HS20200203', 'LH202002', 'Toan', 1, 2021, 2022, 0, 0, 0, 0),
('HS20200203', 'LH202002', 'Toan', 2, 2020, 2021, 0, 0, 0, 0),
('HS20200203', 'LH202002', 'VatLy', 1, 2020, 2021, 0, 0, 0, 0),
('HS20200203', 'LH202002', 'VatLy', 1, 2021, 2022, 0, 0, 0, 0),
('HS20200203', 'LH202002', 'VatLy', 2, 2020, 2021, 0, 0, 0, 0),
('HS20200204', 'LH202002', 'AnhVan', 1, 2020, 2021, 0, 0, 0, 0),
('HS20200204', 'LH202002', 'AnhVan', 1, 2021, 2022, 0, 0, 0, 0),
('HS20200204', 'LH202002', 'AnhVan', 2, 2020, 2021, 0, 0, 0, 0),
('HS20200204', 'LH202002', 'CongNghe', 1, 2020, 2021, 0, 0, 0, 0),
('HS20200204', 'LH202002', 'CongNghe', 1, 2021, 2022, 0, 0, 0, 0),
('HS20200204', 'LH202002', 'CongNghe', 2, 2020, 2021, 0, 0, 0, 0),
('HS20200204', 'LH202002', 'DiaLy', 1, 2020, 2021, 0, 0, 0, 0),
('HS20200204', 'LH202002', 'DiaLy', 1, 2021, 2022, 0, 0, 0, 0),
('HS20200204', 'LH202002', 'DiaLy', 2, 2020, 2021, 0, 0, 0, 0),
('HS20200204', 'LH202002', 'GDCD', 1, 2020, 2021, 0, 0, 0, 0),
('HS20200204', 'LH202002', 'GDCD', 1, 2021, 2022, 0, 0, 0, 0),
('HS20200204', 'LH202002', 'GDCD', 2, 2020, 2021, 0, 0, 0, 0),
('HS20200204', 'LH202002', 'GDQP', 1, 2020, 2021, 0, 0, 0, 0),
('HS20200204', 'LH202002', 'GDQP', 1, 2021, 2022, 0, 0, 0, 0),
('HS20200204', 'LH202002', 'GDQP', 2, 2020, 2021, 0, 0, 0, 0),
('HS20200204', 'LH202002', 'HoaHoc', 1, 2020, 2021, 0, 0, 0, 0),
('HS20200204', 'LH202002', 'HoaHoc', 1, 2021, 2022, 0, 0, 0, 0),
('HS20200204', 'LH202002', 'HoaHoc', 2, 2020, 2021, 0, 0, 0, 0),
('HS20200204', 'LH202002', 'LichSu', 1, 2020, 2021, 0, 0, 0, 0),
('HS20200204', 'LH202002', 'LichSu', 1, 2021, 2022, 0, 0, 0, 0),
('HS20200204', 'LH202002', 'LichSu', 2, 2020, 2021, 0, 0, 0, 0),
('HS20200204', 'LH202002', 'NguVan', 1, 2020, 2021, 0, 0, 0, 0),
('HS20200204', 'LH202002', 'NguVan', 1, 2021, 2022, 0, 0, 0, 0),
('HS20200204', 'LH202002', 'NguVan', 2, 2020, 2021, 0, 0, 0, 0),
('HS20200204', 'LH202002', 'SinhHoc', 1, 2020, 2021, 0, 0, 0, 0),
('HS20200204', 'LH202002', 'SinhHoc', 1, 2021, 2022, 0, 0, 0, 0),
('HS20200204', 'LH202002', 'SinhHoc', 2, 2020, 2021, 0, 0, 0, 0),
('HS20200204', 'LH202002', 'TheDuc', 1, 2020, 2021, 0, 0, 0, 0),
('HS20200204', 'LH202002', 'TheDuc', 1, 2021, 2022, 0, 0, 0, 0),
('HS20200204', 'LH202002', 'TheDuc', 2, 2020, 2021, 0, 0, 0, 0),
('HS20200204', 'LH202002', 'TinHoc', 1, 2020, 2021, 0, 0, 0, 0),
('HS20200204', 'LH202002', 'TinHoc', 1, 2021, 2022, 0, 0, 0, 0),
('HS20200204', 'LH202002', 'TinHoc', 2, 2020, 2021, 0, 0, 0, 0),
('HS20200204', 'LH202002', 'Toan', 1, 2020, 2021, 0, 0, 0, 0),
('HS20200204', 'LH202002', 'Toan', 1, 2021, 2022, 0, 0, 0, 0),
('HS20200204', 'LH202002', 'Toan', 2, 2020, 2021, 0, 0, 0, 0),
('HS20200204', 'LH202002', 'VatLy', 1, 2020, 2021, 0, 0, 0, 0),
('HS20200204', 'LH202002', 'VatLy', 1, 2021, 2022, 0, 0, 0, 0),
('HS20200204', 'LH202002', 'VatLy', 2, 2020, 2021, 0, 0, 0, 0),
('HS20200205', 'LH202002', 'AnhVan', 1, 2020, 2021, 0, 0, 0, 0),
('HS20200205', 'LH202002', 'AnhVan', 1, 2021, 2022, 0, 0, 0, 0),
('HS20200205', 'LH202002', 'AnhVan', 2, 2020, 2021, 0, 0, 0, 0),
('HS20200205', 'LH202002', 'CongNghe', 1, 2020, 2021, 0, 0, 0, 0),
('HS20200205', 'LH202002', 'CongNghe', 1, 2021, 2022, 0, 0, 0, 0),
('HS20200205', 'LH202002', 'CongNghe', 2, 2020, 2021, 0, 0, 0, 0),
('HS20200205', 'LH202002', 'DiaLy', 1, 2020, 2021, 0, 0, 0, 0),
('HS20200205', 'LH202002', 'DiaLy', 1, 2021, 2022, 0, 0, 0, 0),
('HS20200205', 'LH202002', 'DiaLy', 2, 2020, 2021, 0, 0, 0, 0),
('HS20200205', 'LH202002', 'GDCD', 1, 2020, 2021, 0, 0, 0, 0),
('HS20200205', 'LH202002', 'GDCD', 1, 2021, 2022, 0, 0, 0, 0),
('HS20200205', 'LH202002', 'GDCD', 2, 2020, 2021, 0, 0, 0, 0),
('HS20200205', 'LH202002', 'GDQP', 1, 2020, 2021, 0, 0, 0, 0),
('HS20200205', 'LH202002', 'GDQP', 1, 2021, 2022, 0, 0, 0, 0),
('HS20200205', 'LH202002', 'GDQP', 2, 2020, 2021, 0, 0, 0, 0),
('HS20200205', 'LH202002', 'HoaHoc', 1, 2020, 2021, 0, 0, 0, 0),
('HS20200205', 'LH202002', 'HoaHoc', 1, 2021, 2022, 0, 0, 0, 0),
('HS20200205', 'LH202002', 'HoaHoc', 2, 2020, 2021, 0, 0, 0, 0),
('HS20200205', 'LH202002', 'LichSu', 1, 2020, 2021, 0, 0, 0, 0),
('HS20200205', 'LH202002', 'LichSu', 1, 2021, 2022, 0, 0, 0, 0),
('HS20200205', 'LH202002', 'LichSu', 2, 2020, 2021, 0, 0, 0, 0),
('HS20200205', 'LH202002', 'NguVan', 1, 2020, 2021, 0, 0, 0, 0),
('HS20200205', 'LH202002', 'NguVan', 1, 2021, 2022, 0, 0, 0, 0),
('HS20200205', 'LH202002', 'NguVan', 2, 2020, 2021, 0, 0, 0, 0),
('HS20200205', 'LH202002', 'SinhHoc', 1, 2020, 2021, 0, 0, 0, 0),
('HS20200205', 'LH202002', 'SinhHoc', 1, 2021, 2022, 0, 0, 0, 0),
('HS20200205', 'LH202002', 'SinhHoc', 2, 2020, 2021, 0, 0, 0, 0),
('HS20200205', 'LH202002', 'TheDuc', 1, 2020, 2021, 0, 0, 0, 0),
('HS20200205', 'LH202002', 'TheDuc', 1, 2021, 2022, 0, 0, 0, 0),
('HS20200205', 'LH202002', 'TheDuc', 2, 2020, 2021, 0, 0, 0, 0),
('HS20200205', 'LH202002', 'TinHoc', 1, 2020, 2021, 0, 0, 0, 0),
('HS20200205', 'LH202002', 'TinHoc', 1, 2021, 2022, 0, 0, 0, 0),
('HS20200205', 'LH202002', 'TinHoc', 2, 2020, 2021, 0, 0, 0, 0),
('HS20200205', 'LH202002', 'Toan', 1, 2020, 2021, 0, 0, 0, 0),
('HS20200205', 'LH202002', 'Toan', 1, 2021, 2022, 0, 0, 0, 0),
('HS20200205', 'LH202002', 'Toan', 2, 2020, 2021, 0, 0, 0, 0),
('HS20200205', 'LH202002', 'VatLy', 1, 2020, 2021, 0, 0, 0, 0),
('HS20200205', 'LH202002', 'VatLy', 1, 2021, 2022, 0, 0, 0, 0),
('HS20200205', 'LH202002', 'VatLy', 2, 2020, 2021, 0, 0, 0, 0),
('HS20200301', 'LH202003', 'AnhVan', 1, 2020, 2021, 0, 0, 0, 0),
('HS20200301', 'LH202003', 'AnhVan', 1, 2021, 2022, 0, 0, 0, 0),
('HS20200301', 'LH202003', 'AnhVan', 2, 2020, 2021, 0, 0, 0, 0),
('HS20200301', 'LH202003', 'CongNghe', 1, 2020, 2021, 0, 0, 0, 0),
('HS20200301', 'LH202003', 'CongNghe', 1, 2021, 2022, 0, 0, 0, 0),
('HS20200301', 'LH202003', 'CongNghe', 2, 2020, 2021, 0, 0, 0, 0),
('HS20200301', 'LH202003', 'DiaLy', 1, 2020, 2021, 0, 0, 0, 0),
('HS20200301', 'LH202003', 'DiaLy', 1, 2021, 2022, 0, 0, 0, 0),
('HS20200301', 'LH202003', 'DiaLy', 2, 2020, 2021, 0, 0, 0, 0),
('HS20200301', 'LH202003', 'GDCD', 1, 2020, 2021, 0, 0, 0, 0),
('HS20200301', 'LH202003', 'GDCD', 1, 2021, 2022, 0, 0, 0, 0),
('HS20200301', 'LH202003', 'GDCD', 2, 2020, 2021, 0, 0, 0, 0),
('HS20200301', 'LH202003', 'GDQP', 1, 2020, 2021, 0, 0, 0, 0),
('HS20200301', 'LH202003', 'GDQP', 1, 2021, 2022, 0, 0, 0, 0),
('HS20200301', 'LH202003', 'GDQP', 2, 2020, 2021, 0, 0, 0, 0),
('HS20200301', 'LH202003', 'HoaHoc', 1, 2020, 2021, 0, 0, 0, 0),
('HS20200301', 'LH202003', 'HoaHoc', 1, 2021, 2022, 0, 0, 0, 0),
('HS20200301', 'LH202003', 'HoaHoc', 2, 2020, 2021, 0, 0, 0, 0),
('HS20200301', 'LH202003', 'LichSu', 1, 2020, 2021, 0, 0, 0, 0),
('HS20200301', 'LH202003', 'LichSu', 1, 2021, 2022, 0, 0, 0, 0),
('HS20200301', 'LH202003', 'LichSu', 2, 2020, 2021, 0, 0, 0, 0),
('HS20200301', 'LH202003', 'NguVan', 1, 2020, 2021, 0, 0, 0, 0),
('HS20200301', 'LH202003', 'NguVan', 1, 2021, 2022, 0, 0, 0, 0),
('HS20200301', 'LH202003', 'NguVan', 2, 2020, 2021, 0, 0, 0, 0),
('HS20200301', 'LH202003', 'SinhHoc', 1, 2020, 2021, 0, 0, 0, 0),
('HS20200301', 'LH202003', 'SinhHoc', 1, 2021, 2022, 0, 0, 0, 0),
('HS20200301', 'LH202003', 'SinhHoc', 2, 2020, 2021, 0, 0, 0, 0),
('HS20200301', 'LH202003', 'TheDuc', 1, 2020, 2021, 0, 0, 0, 0),
('HS20200301', 'LH202003', 'TheDuc', 1, 2021, 2022, 0, 0, 0, 0),
('HS20200301', 'LH202003', 'TheDuc', 2, 2020, 2021, 0, 0, 0, 0),
('HS20200301', 'LH202003', 'TinHoc', 1, 2020, 2021, 0, 0, 0, 0),
('HS20200301', 'LH202003', 'TinHoc', 1, 2021, 2022, 0, 0, 0, 0),
('HS20200301', 'LH202003', 'TinHoc', 2, 2020, 2021, 0, 0, 0, 0),
('HS20200301', 'LH202003', 'Toan', 1, 2020, 2021, 0, 0, 0, 0),
('HS20200301', 'LH202003', 'Toan', 1, 2021, 2022, 0, 0, 0, 0),
('HS20200301', 'LH202003', 'Toan', 2, 2020, 2021, 0, 0, 0, 0),
('HS20200301', 'LH202003', 'VatLy', 1, 2020, 2021, 0, 0, 0, 0),
('HS20200301', 'LH202003', 'VatLy', 1, 2021, 2022, 0, 0, 0, 0),
('HS20200301', 'LH202003', 'VatLy', 2, 2020, 2021, 0, 0, 0, 0),
('HS20200302', 'LH202003', 'AnhVan', 1, 2020, 2021, 0, 0, 0, 0),
('HS20200302', 'LH202003', 'AnhVan', 1, 2021, 2022, 0, 0, 0, 0),
('HS20200302', 'LH202003', 'AnhVan', 2, 2020, 2021, 0, 0, 0, 0),
('HS20200302', 'LH202003', 'CongNghe', 1, 2020, 2021, 0, 0, 0, 0),
('HS20200302', 'LH202003', 'CongNghe', 1, 2021, 2022, 0, 0, 0, 0),
('HS20200302', 'LH202003', 'CongNghe', 2, 2020, 2021, 0, 0, 0, 0),
('HS20200302', 'LH202003', 'DiaLy', 1, 2020, 2021, 0, 0, 0, 0),
('HS20200302', 'LH202003', 'DiaLy', 1, 2021, 2022, 0, 0, 0, 0),
('HS20200302', 'LH202003', 'DiaLy', 2, 2020, 2021, 0, 0, 0, 0),
('HS20200302', 'LH202003', 'GDCD', 1, 2020, 2021, 0, 0, 0, 0),
('HS20200302', 'LH202003', 'GDCD', 1, 2021, 2022, 0, 0, 0, 0),
('HS20200302', 'LH202003', 'GDCD', 2, 2020, 2021, 0, 0, 0, 0),
('HS20200302', 'LH202003', 'GDQP', 1, 2020, 2021, 0, 0, 0, 0),
('HS20200302', 'LH202003', 'GDQP', 1, 2021, 2022, 0, 0, 0, 0),
('HS20200302', 'LH202003', 'GDQP', 2, 2020, 2021, 0, 0, 0, 0),
('HS20200302', 'LH202003', 'HoaHoc', 1, 2020, 2021, 0, 0, 0, 0),
('HS20200302', 'LH202003', 'HoaHoc', 1, 2021, 2022, 0, 0, 0, 0),
('HS20200302', 'LH202003', 'HoaHoc', 2, 2020, 2021, 0, 0, 0, 0),
('HS20200302', 'LH202003', 'LichSu', 1, 2020, 2021, 0, 0, 0, 0),
('HS20200302', 'LH202003', 'LichSu', 1, 2021, 2022, 0, 0, 0, 0),
('HS20200302', 'LH202003', 'LichSu', 2, 2020, 2021, 0, 0, 0, 0),
('HS20200302', 'LH202003', 'NguVan', 1, 2020, 2021, 0, 0, 0, 0),
('HS20200302', 'LH202003', 'NguVan', 1, 2021, 2022, 0, 0, 0, 0),
('HS20200302', 'LH202003', 'NguVan', 2, 2020, 2021, 0, 0, 0, 0),
('HS20200302', 'LH202003', 'SinhHoc', 1, 2020, 2021, 0, 0, 0, 0),
('HS20200302', 'LH202003', 'SinhHoc', 1, 2021, 2022, 0, 0, 0, 0),
('HS20200302', 'LH202003', 'SinhHoc', 2, 2020, 2021, 0, 0, 0, 0),
('HS20200302', 'LH202003', 'TheDuc', 1, 2020, 2021, 0, 0, 0, 0),
('HS20200302', 'LH202003', 'TheDuc', 1, 2021, 2022, 0, 0, 0, 0),
('HS20200302', 'LH202003', 'TheDuc', 2, 2020, 2021, 0, 0, 0, 0),
('HS20200302', 'LH202003', 'TinHoc', 1, 2020, 2021, 0, 0, 0, 0),
('HS20200302', 'LH202003', 'TinHoc', 1, 2021, 2022, 0, 0, 0, 0),
('HS20200302', 'LH202003', 'TinHoc', 2, 2020, 2021, 0, 0, 0, 0),
('HS20200302', 'LH202003', 'Toan', 1, 2020, 2021, 0, 0, 0, 0),
('HS20200302', 'LH202003', 'Toan', 1, 2021, 2022, 0, 0, 0, 0),
('HS20200302', 'LH202003', 'Toan', 2, 2020, 2021, 0, 0, 0, 0),
('HS20200302', 'LH202003', 'VatLy', 1, 2020, 2021, 0, 0, 0, 0),
('HS20200302', 'LH202003', 'VatLy', 1, 2021, 2022, 0, 0, 0, 0),
('HS20200302', 'LH202003', 'VatLy', 2, 2020, 2021, 0, 0, 0, 0),
('HS20200303', 'LH202003', 'AnhVan', 1, 2020, 2021, 0, 0, 0, 0),
('HS20200303', 'LH202003', 'AnhVan', 1, 2021, 2022, 0, 0, 0, 0),
('HS20200303', 'LH202003', 'AnhVan', 2, 2020, 2021, 0, 0, 0, 0),
('HS20200303', 'LH202003', 'CongNghe', 1, 2020, 2021, 0, 0, 0, 0),
('HS20200303', 'LH202003', 'CongNghe', 1, 2021, 2022, 0, 0, 0, 0),
('HS20200303', 'LH202003', 'CongNghe', 2, 2020, 2021, 0, 0, 0, 0),
('HS20200303', 'LH202003', 'DiaLy', 1, 2020, 2021, 0, 0, 0, 0),
('HS20200303', 'LH202003', 'DiaLy', 1, 2021, 2022, 0, 0, 0, 0),
('HS20200303', 'LH202003', 'DiaLy', 2, 2020, 2021, 0, 0, 0, 0),
('HS20200303', 'LH202003', 'GDCD', 1, 2020, 2021, 0, 0, 0, 0),
('HS20200303', 'LH202003', 'GDCD', 1, 2021, 2022, 0, 0, 0, 0),
('HS20200303', 'LH202003', 'GDCD', 2, 2020, 2021, 0, 0, 0, 0),
('HS20200303', 'LH202003', 'GDQP', 1, 2020, 2021, 0, 0, 0, 0),
('HS20200303', 'LH202003', 'GDQP', 1, 2021, 2022, 0, 0, 0, 0),
('HS20200303', 'LH202003', 'GDQP', 2, 2020, 2021, 0, 0, 0, 0),
('HS20200303', 'LH202003', 'HoaHoc', 1, 2020, 2021, 0, 0, 0, 0),
('HS20200303', 'LH202003', 'HoaHoc', 1, 2021, 2022, 0, 0, 0, 0),
('HS20200303', 'LH202003', 'HoaHoc', 2, 2020, 2021, 0, 0, 0, 0),
('HS20200303', 'LH202003', 'LichSu', 1, 2020, 2021, 0, 0, 0, 0),
('HS20200303', 'LH202003', 'LichSu', 1, 2021, 2022, 0, 0, 0, 0),
('HS20200303', 'LH202003', 'LichSu', 2, 2020, 2021, 0, 0, 0, 0),
('HS20200303', 'LH202003', 'NguVan', 1, 2020, 2021, 0, 0, 0, 0),
('HS20200303', 'LH202003', 'NguVan', 1, 2021, 2022, 0, 0, 0, 0),
('HS20200303', 'LH202003', 'NguVan', 2, 2020, 2021, 0, 0, 0, 0),
('HS20200303', 'LH202003', 'SinhHoc', 1, 2020, 2021, 0, 0, 0, 0),
('HS20200303', 'LH202003', 'SinhHoc', 1, 2021, 2022, 0, 0, 0, 0),
('HS20200303', 'LH202003', 'SinhHoc', 2, 2020, 2021, 0, 0, 0, 0),
('HS20200303', 'LH202003', 'TheDuc', 1, 2020, 2021, 0, 0, 0, 0),
('HS20200303', 'LH202003', 'TheDuc', 1, 2021, 2022, 0, 0, 0, 0),
('HS20200303', 'LH202003', 'TheDuc', 2, 2020, 2021, 0, 0, 0, 0),
('HS20200303', 'LH202003', 'TinHoc', 1, 2020, 2021, 0, 0, 0, 0),
('HS20200303', 'LH202003', 'TinHoc', 1, 2021, 2022, 0, 0, 0, 0),
('HS20200303', 'LH202003', 'TinHoc', 2, 2020, 2021, 0, 0, 0, 0),
('HS20200303', 'LH202003', 'Toan', 1, 2020, 2021, 0, 0, 0, 0),
('HS20200303', 'LH202003', 'Toan', 1, 2021, 2022, 0, 0, 0, 0),
('HS20200303', 'LH202003', 'Toan', 2, 2020, 2021, 0, 0, 0, 0),
('HS20200303', 'LH202003', 'VatLy', 1, 2020, 2021, 0, 0, 0, 0),
('HS20200303', 'LH202003', 'VatLy', 1, 2021, 2022, 0, 0, 0, 0),
('HS20200303', 'LH202003', 'VatLy', 2, 2020, 2021, 0, 0, 0, 0),
('HS20200304', 'LH202003', 'AnhVan', 1, 2020, 2021, 0, 0, 0, 0),
('HS20200304', 'LH202003', 'AnhVan', 1, 2021, 2022, 0, 0, 0, 0),
('HS20200304', 'LH202003', 'AnhVan', 2, 2020, 2021, 0, 0, 0, 0),
('HS20200304', 'LH202003', 'CongNghe', 1, 2020, 2021, 0, 0, 0, 0),
('HS20200304', 'LH202003', 'CongNghe', 1, 2021, 2022, 0, 0, 0, 0),
('HS20200304', 'LH202003', 'CongNghe', 2, 2020, 2021, 0, 0, 0, 0),
('HS20200304', 'LH202003', 'DiaLy', 1, 2020, 2021, 0, 0, 0, 0),
('HS20200304', 'LH202003', 'DiaLy', 1, 2021, 2022, 0, 0, 0, 0),
('HS20200304', 'LH202003', 'DiaLy', 2, 2020, 2021, 0, 0, 0, 0),
('HS20200304', 'LH202003', 'GDCD', 1, 2020, 2021, 0, 0, 0, 0),
('HS20200304', 'LH202003', 'GDCD', 1, 2021, 2022, 0, 0, 0, 0),
('HS20200304', 'LH202003', 'GDCD', 2, 2020, 2021, 0, 0, 0, 0),
('HS20200304', 'LH202003', 'GDQP', 1, 2020, 2021, 0, 0, 0, 0),
('HS20200304', 'LH202003', 'GDQP', 1, 2021, 2022, 0, 0, 0, 0),
('HS20200304', 'LH202003', 'GDQP', 2, 2020, 2021, 0, 0, 0, 0),
('HS20200304', 'LH202003', 'HoaHoc', 1, 2020, 2021, 0, 0, 0, 0),
('HS20200304', 'LH202003', 'HoaHoc', 1, 2021, 2022, 0, 0, 0, 0),
('HS20200304', 'LH202003', 'HoaHoc', 2, 2020, 2021, 0, 0, 0, 0),
('HS20200304', 'LH202003', 'LichSu', 1, 2020, 2021, 0, 0, 0, 0),
('HS20200304', 'LH202003', 'LichSu', 1, 2021, 2022, 0, 0, 0, 0),
('HS20200304', 'LH202003', 'LichSu', 2, 2020, 2021, 0, 0, 0, 0),
('HS20200304', 'LH202003', 'NguVan', 1, 2020, 2021, 0, 0, 0, 0),
('HS20200304', 'LH202003', 'NguVan', 1, 2021, 2022, 0, 0, 0, 0),
('HS20200304', 'LH202003', 'NguVan', 2, 2020, 2021, 0, 0, 0, 0),
('HS20200304', 'LH202003', 'SinhHoc', 1, 2020, 2021, 0, 0, 0, 0),
('HS20200304', 'LH202003', 'SinhHoc', 1, 2021, 2022, 0, 0, 0, 0),
('HS20200304', 'LH202003', 'SinhHoc', 2, 2020, 2021, 0, 0, 0, 0),
('HS20200304', 'LH202003', 'TheDuc', 1, 2020, 2021, 0, 0, 0, 0),
('HS20200304', 'LH202003', 'TheDuc', 1, 2021, 2022, 0, 0, 0, 0),
('HS20200304', 'LH202003', 'TheDuc', 2, 2020, 2021, 0, 0, 0, 0),
('HS20200304', 'LH202003', 'TinHoc', 1, 2020, 2021, 0, 0, 0, 0),
('HS20200304', 'LH202003', 'TinHoc', 1, 2021, 2022, 0, 0, 0, 0),
('HS20200304', 'LH202003', 'TinHoc', 2, 2020, 2021, 0, 0, 0, 0),
('HS20200304', 'LH202003', 'Toan', 1, 2020, 2021, 0, 0, 0, 0),
('HS20200304', 'LH202003', 'Toan', 1, 2021, 2022, 0, 0, 0, 0),
('HS20200304', 'LH202003', 'Toan', 2, 2020, 2021, 0, 0, 0, 0),
('HS20200304', 'LH202003', 'VatLy', 1, 2020, 2021, 0, 0, 0, 0),
('HS20200304', 'LH202003', 'VatLy', 1, 2021, 2022, 0, 0, 0, 0),
('HS20200304', 'LH202003', 'VatLy', 2, 2020, 2021, 0, 0, 0, 0),
('HS20200305', 'LH202003', 'AnhVan', 1, 2020, 2021, 0, 0, 0, 0),
('HS20200305', 'LH202003', 'AnhVan', 1, 2021, 2022, 0, 0, 0, 0),
('HS20200305', 'LH202003', 'AnhVan', 2, 2020, 2021, 0, 0, 0, 0),
('HS20200305', 'LH202003', 'CongNghe', 1, 2020, 2021, 0, 0, 0, 0),
('HS20200305', 'LH202003', 'CongNghe', 1, 2021, 2022, 0, 0, 0, 0),
('HS20200305', 'LH202003', 'CongNghe', 2, 2020, 2021, 0, 0, 0, 0),
('HS20200305', 'LH202003', 'DiaLy', 1, 2020, 2021, 0, 0, 0, 0),
('HS20200305', 'LH202003', 'DiaLy', 1, 2021, 2022, 0, 0, 0, 0),
('HS20200305', 'LH202003', 'DiaLy', 2, 2020, 2021, 0, 0, 0, 0),
('HS20200305', 'LH202003', 'GDCD', 1, 2020, 2021, 0, 0, 0, 0),
('HS20200305', 'LH202003', 'GDCD', 1, 2021, 2022, 0, 0, 0, 0),
('HS20200305', 'LH202003', 'GDCD', 2, 2020, 2021, 0, 0, 0, 0),
('HS20200305', 'LH202003', 'GDQP', 1, 2020, 2021, 0, 0, 0, 0),
('HS20200305', 'LH202003', 'GDQP', 1, 2021, 2022, 0, 0, 0, 0),
('HS20200305', 'LH202003', 'GDQP', 2, 2020, 2021, 0, 0, 0, 0),
('HS20200305', 'LH202003', 'HoaHoc', 1, 2020, 2021, 0, 0, 0, 0),
('HS20200305', 'LH202003', 'HoaHoc', 1, 2021, 2022, 0, 0, 0, 0),
('HS20200305', 'LH202003', 'HoaHoc', 2, 2020, 2021, 0, 0, 0, 0),
('HS20200305', 'LH202003', 'LichSu', 1, 2020, 2021, 0, 0, 0, 0),
('HS20200305', 'LH202003', 'LichSu', 1, 2021, 2022, 0, 0, 0, 0),
('HS20200305', 'LH202003', 'LichSu', 2, 2020, 2021, 0, 0, 0, 0),
('HS20200305', 'LH202003', 'NguVan', 1, 2020, 2021, 0, 0, 0, 0),
('HS20200305', 'LH202003', 'NguVan', 1, 2021, 2022, 0, 0, 0, 0),
('HS20200305', 'LH202003', 'NguVan', 2, 2020, 2021, 0, 0, 0, 0),
('HS20200305', 'LH202003', 'SinhHoc', 1, 2020, 2021, 0, 0, 0, 0),
('HS20200305', 'LH202003', 'SinhHoc', 1, 2021, 2022, 0, 0, 0, 0),
('HS20200305', 'LH202003', 'SinhHoc', 2, 2020, 2021, 0, 0, 0, 0),
('HS20200305', 'LH202003', 'TheDuc', 1, 2020, 2021, 0, 0, 0, 0),
('HS20200305', 'LH202003', 'TheDuc', 1, 2021, 2022, 0, 0, 0, 0),
('HS20200305', 'LH202003', 'TheDuc', 2, 2020, 2021, 0, 0, 0, 0),
('HS20200305', 'LH202003', 'TinHoc', 1, 2020, 2021, 0, 0, 0, 0),
('HS20200305', 'LH202003', 'TinHoc', 1, 2021, 2022, 0, 0, 0, 0),
('HS20200305', 'LH202003', 'TinHoc', 2, 2020, 2021, 0, 0, 0, 0),
('HS20200305', 'LH202003', 'Toan', 1, 2020, 2021, 0, 0, 0, 0),
('HS20200305', 'LH202003', 'Toan', 1, 2021, 2022, 0, 0, 0, 0),
('HS20200305', 'LH202003', 'Toan', 2, 2020, 2021, 0, 0, 0, 0),
('HS20200305', 'LH202003', 'VatLy', 1, 2020, 2021, 0, 0, 0, 0),
('HS20200305', 'LH202003', 'VatLy', 1, 2021, 2022, 0, 0, 0, 0),
('HS20200305', 'LH202003', 'VatLy', 2, 2020, 2021, 0, 0, 0, 0),
('HS20200401', 'LH202004', 'AnhVan', 1, 2020, 2021, 0, 0, 0, 0),
('HS20200401', 'LH202004', 'AnhVan', 1, 2021, 2022, 0, 0, 0, 0),
('HS20200401', 'LH202004', 'AnhVan', 2, 2020, 2021, 0, 0, 0, 0),
('HS20200401', 'LH202004', 'CongNghe', 1, 2020, 2021, 0, 0, 0, 0),
('HS20200401', 'LH202004', 'CongNghe', 1, 2021, 2022, 0, 0, 0, 0),
('HS20200401', 'LH202004', 'CongNghe', 2, 2020, 2021, 0, 0, 0, 0),
('HS20200401', 'LH202004', 'DiaLy', 1, 2020, 2021, 0, 0, 0, 0),
('HS20200401', 'LH202004', 'DiaLy', 1, 2021, 2022, 0, 0, 0, 0),
('HS20200401', 'LH202004', 'DiaLy', 2, 2020, 2021, 0, 0, 0, 0),
('HS20200401', 'LH202004', 'GDCD', 1, 2020, 2021, 0, 0, 0, 0),
('HS20200401', 'LH202004', 'GDCD', 1, 2021, 2022, 0, 0, 0, 0),
('HS20200401', 'LH202004', 'GDCD', 2, 2020, 2021, 0, 0, 0, 0),
('HS20200401', 'LH202004', 'GDQP', 1, 2020, 2021, 0, 0, 0, 0),
('HS20200401', 'LH202004', 'GDQP', 1, 2021, 2022, 0, 0, 0, 0),
('HS20200401', 'LH202004', 'GDQP', 2, 2020, 2021, 0, 0, 0, 0),
('HS20200401', 'LH202004', 'HoaHoc', 1, 2020, 2021, 0, 0, 0, 0),
('HS20200401', 'LH202004', 'HoaHoc', 1, 2021, 2022, 0, 0, 0, 0),
('HS20200401', 'LH202004', 'HoaHoc', 2, 2020, 2021, 0, 0, 0, 0),
('HS20200401', 'LH202004', 'LichSu', 1, 2020, 2021, 0, 0, 0, 0),
('HS20200401', 'LH202004', 'LichSu', 1, 2021, 2022, 0, 0, 0, 0),
('HS20200401', 'LH202004', 'LichSu', 2, 2020, 2021, 0, 0, 0, 0),
('HS20200401', 'LH202004', 'NguVan', 1, 2020, 2021, 0, 0, 0, 0),
('HS20200401', 'LH202004', 'NguVan', 1, 2021, 2022, 0, 0, 0, 0),
('HS20200401', 'LH202004', 'NguVan', 2, 2020, 2021, 0, 0, 0, 0),
('HS20200401', 'LH202004', 'SinhHoc', 1, 2020, 2021, 0, 0, 0, 0),
('HS20200401', 'LH202004', 'SinhHoc', 1, 2021, 2022, 0, 0, 0, 0),
('HS20200401', 'LH202004', 'SinhHoc', 2, 2020, 2021, 0, 0, 0, 0),
('HS20200401', 'LH202004', 'TheDuc', 1, 2020, 2021, 0, 0, 0, 0),
('HS20200401', 'LH202004', 'TheDuc', 1, 2021, 2022, 0, 0, 0, 0),
('HS20200401', 'LH202004', 'TheDuc', 2, 2020, 2021, 0, 0, 0, 0),
('HS20200401', 'LH202004', 'TinHoc', 1, 2020, 2021, 0, 0, 0, 0),
('HS20200401', 'LH202004', 'TinHoc', 1, 2021, 2022, 0, 0, 0, 0),
('HS20200401', 'LH202004', 'TinHoc', 2, 2020, 2021, 0, 0, 0, 0),
('HS20200401', 'LH202004', 'Toan', 1, 2020, 2021, 0, 0, 0, 0),
('HS20200401', 'LH202004', 'Toan', 1, 2021, 2022, 0, 0, 0, 0),
('HS20200401', 'LH202004', 'Toan', 2, 2020, 2021, 0, 0, 0, 0),
('HS20200401', 'LH202004', 'VatLy', 1, 2020, 2021, 0, 0, 0, 0),
('HS20200401', 'LH202004', 'VatLy', 1, 2021, 2022, 0, 0, 0, 0),
('HS20200401', 'LH202004', 'VatLy', 2, 2020, 2021, 0, 0, 0, 0),
('HS20200402', 'LH202004', 'AnhVan', 1, 2020, 2021, 0, 0, 0, 0),
('HS20200402', 'LH202004', 'AnhVan', 1, 2021, 2022, 0, 0, 0, 0),
('HS20200402', 'LH202004', 'AnhVan', 2, 2020, 2021, 0, 0, 0, 0),
('HS20200402', 'LH202004', 'CongNghe', 1, 2020, 2021, 0, 0, 0, 0),
('HS20200402', 'LH202004', 'CongNghe', 1, 2021, 2022, 0, 0, 0, 0),
('HS20200402', 'LH202004', 'CongNghe', 2, 2020, 2021, 0, 0, 0, 0),
('HS20200402', 'LH202004', 'DiaLy', 1, 2020, 2021, 0, 0, 0, 0),
('HS20200402', 'LH202004', 'DiaLy', 1, 2021, 2022, 0, 0, 0, 0),
('HS20200402', 'LH202004', 'DiaLy', 2, 2020, 2021, 0, 0, 0, 0),
('HS20200402', 'LH202004', 'GDCD', 1, 2020, 2021, 0, 0, 0, 0),
('HS20200402', 'LH202004', 'GDCD', 1, 2021, 2022, 0, 0, 0, 0),
('HS20200402', 'LH202004', 'GDCD', 2, 2020, 2021, 0, 0, 0, 0),
('HS20200402', 'LH202004', 'GDQP', 1, 2020, 2021, 0, 0, 0, 0),
('HS20200402', 'LH202004', 'GDQP', 1, 2021, 2022, 0, 0, 0, 0),
('HS20200402', 'LH202004', 'GDQP', 2, 2020, 2021, 0, 0, 0, 0),
('HS20200402', 'LH202004', 'HoaHoc', 1, 2020, 2021, 0, 0, 0, 0),
('HS20200402', 'LH202004', 'HoaHoc', 1, 2021, 2022, 0, 0, 0, 0),
('HS20200402', 'LH202004', 'HoaHoc', 2, 2020, 2021, 0, 0, 0, 0),
('HS20200402', 'LH202004', 'LichSu', 1, 2020, 2021, 0, 0, 0, 0),
('HS20200402', 'LH202004', 'LichSu', 1, 2021, 2022, 0, 0, 0, 0),
('HS20200402', 'LH202004', 'LichSu', 2, 2020, 2021, 0, 0, 0, 0),
('HS20200402', 'LH202004', 'NguVan', 1, 2020, 2021, 0, 0, 0, 0),
('HS20200402', 'LH202004', 'NguVan', 1, 2021, 2022, 0, 0, 0, 0),
('HS20200402', 'LH202004', 'NguVan', 2, 2020, 2021, 0, 0, 0, 0),
('HS20200402', 'LH202004', 'SinhHoc', 1, 2020, 2021, 0, 0, 0, 0),
('HS20200402', 'LH202004', 'SinhHoc', 1, 2021, 2022, 0, 0, 0, 0),
('HS20200402', 'LH202004', 'SinhHoc', 2, 2020, 2021, 0, 0, 0, 0),
('HS20200402', 'LH202004', 'TheDuc', 1, 2020, 2021, 0, 0, 0, 0),
('HS20200402', 'LH202004', 'TheDuc', 1, 2021, 2022, 0, 0, 0, 0),
('HS20200402', 'LH202004', 'TheDuc', 2, 2020, 2021, 0, 0, 0, 0),
('HS20200402', 'LH202004', 'TinHoc', 1, 2020, 2021, 0, 0, 0, 0),
('HS20200402', 'LH202004', 'TinHoc', 1, 2021, 2022, 0, 0, 0, 0),
('HS20200402', 'LH202004', 'TinHoc', 2, 2020, 2021, 0, 0, 0, 0),
('HS20200402', 'LH202004', 'Toan', 1, 2020, 2021, 0, 0, 0, 0),
('HS20200402', 'LH202004', 'Toan', 1, 2021, 2022, 0, 0, 0, 0),
('HS20200402', 'LH202004', 'Toan', 2, 2020, 2021, 0, 0, 0, 0),
('HS20200402', 'LH202004', 'VatLy', 1, 2020, 2021, 0, 0, 0, 0),
('HS20200402', 'LH202004', 'VatLy', 1, 2021, 2022, 0, 0, 0, 0),
('HS20200402', 'LH202004', 'VatLy', 2, 2020, 2021, 0, 0, 0, 0),
('HS20200403', 'LH202004', 'AnhVan', 1, 2020, 2021, 0, 0, 0, 0),
('HS20200403', 'LH202004', 'AnhVan', 1, 2021, 2022, 0, 0, 0, 0),
('HS20200403', 'LH202004', 'AnhVan', 2, 2020, 2021, 0, 0, 0, 0),
('HS20200403', 'LH202004', 'CongNghe', 1, 2020, 2021, 0, 0, 0, 0),
('HS20200403', 'LH202004', 'CongNghe', 1, 2021, 2022, 0, 0, 0, 0),
('HS20200403', 'LH202004', 'CongNghe', 2, 2020, 2021, 0, 0, 0, 0),
('HS20200403', 'LH202004', 'DiaLy', 1, 2020, 2021, 0, 0, 0, 0),
('HS20200403', 'LH202004', 'DiaLy', 1, 2021, 2022, 0, 0, 0, 0),
('HS20200403', 'LH202004', 'DiaLy', 2, 2020, 2021, 0, 0, 0, 0),
('HS20200403', 'LH202004', 'GDCD', 1, 2020, 2021, 0, 0, 0, 0),
('HS20200403', 'LH202004', 'GDCD', 1, 2021, 2022, 0, 0, 0, 0),
('HS20200403', 'LH202004', 'GDCD', 2, 2020, 2021, 0, 0, 0, 0),
('HS20200403', 'LH202004', 'GDQP', 1, 2020, 2021, 0, 0, 0, 0),
('HS20200403', 'LH202004', 'GDQP', 1, 2021, 2022, 0, 0, 0, 0),
('HS20200403', 'LH202004', 'GDQP', 2, 2020, 2021, 0, 0, 0, 0),
('HS20200403', 'LH202004', 'HoaHoc', 1, 2020, 2021, 0, 0, 0, 0),
('HS20200403', 'LH202004', 'HoaHoc', 1, 2021, 2022, 0, 0, 0, 0),
('HS20200403', 'LH202004', 'HoaHoc', 2, 2020, 2021, 0, 0, 0, 0),
('HS20200403', 'LH202004', 'LichSu', 1, 2020, 2021, 0, 0, 0, 0),
('HS20200403', 'LH202004', 'LichSu', 1, 2021, 2022, 0, 0, 0, 0),
('HS20200403', 'LH202004', 'LichSu', 2, 2020, 2021, 0, 0, 0, 0),
('HS20200403', 'LH202004', 'NguVan', 1, 2020, 2021, 0, 0, 0, 0),
('HS20200403', 'LH202004', 'NguVan', 1, 2021, 2022, 0, 0, 0, 0),
('HS20200403', 'LH202004', 'NguVan', 2, 2020, 2021, 0, 0, 0, 0),
('HS20200403', 'LH202004', 'SinhHoc', 1, 2020, 2021, 0, 0, 0, 0),
('HS20200403', 'LH202004', 'SinhHoc', 1, 2021, 2022, 0, 0, 0, 0),
('HS20200403', 'LH202004', 'SinhHoc', 2, 2020, 2021, 0, 0, 0, 0),
('HS20200403', 'LH202004', 'TheDuc', 1, 2020, 2021, 0, 0, 0, 0),
('HS20200403', 'LH202004', 'TheDuc', 1, 2021, 2022, 0, 0, 0, 0),
('HS20200403', 'LH202004', 'TheDuc', 2, 2020, 2021, 0, 0, 0, 0),
('HS20200403', 'LH202004', 'TinHoc', 1, 2020, 2021, 0, 0, 0, 0),
('HS20200403', 'LH202004', 'TinHoc', 1, 2021, 2022, 0, 0, 0, 0),
('HS20200403', 'LH202004', 'TinHoc', 2, 2020, 2021, 0, 0, 0, 0),
('HS20200403', 'LH202004', 'Toan', 1, 2020, 2021, 0, 0, 0, 0),
('HS20200403', 'LH202004', 'Toan', 1, 2021, 2022, 0, 0, 0, 0),
('HS20200403', 'LH202004', 'Toan', 2, 2020, 2021, 0, 0, 0, 0),
('HS20200403', 'LH202004', 'VatLy', 1, 2020, 2021, 0, 0, 0, 0),
('HS20200403', 'LH202004', 'VatLy', 1, 2021, 2022, 0, 0, 0, 0),
('HS20200403', 'LH202004', 'VatLy', 2, 2020, 2021, 0, 0, 0, 0),
('HS20200404', 'LH202004', 'AnhVan', 1, 2020, 2021, 0, 0, 0, 0),
('HS20200404', 'LH202004', 'AnhVan', 1, 2021, 2022, 0, 0, 0, 0),
('HS20200404', 'LH202004', 'AnhVan', 2, 2020, 2021, 0, 0, 0, 0),
('HS20200404', 'LH202004', 'CongNghe', 1, 2020, 2021, 0, 0, 0, 0),
('HS20200404', 'LH202004', 'CongNghe', 1, 2021, 2022, 0, 0, 0, 0),
('HS20200404', 'LH202004', 'CongNghe', 2, 2020, 2021, 0, 0, 0, 0),
('HS20200404', 'LH202004', 'DiaLy', 1, 2020, 2021, 0, 0, 0, 0),
('HS20200404', 'LH202004', 'DiaLy', 1, 2021, 2022, 0, 0, 0, 0),
('HS20200404', 'LH202004', 'DiaLy', 2, 2020, 2021, 0, 0, 0, 0),
('HS20200404', 'LH202004', 'GDCD', 1, 2020, 2021, 0, 0, 0, 0),
('HS20200404', 'LH202004', 'GDCD', 1, 2021, 2022, 0, 0, 0, 0),
('HS20200404', 'LH202004', 'GDCD', 2, 2020, 2021, 0, 0, 0, 0),
('HS20200404', 'LH202004', 'GDQP', 1, 2020, 2021, 0, 0, 0, 0),
('HS20200404', 'LH202004', 'GDQP', 1, 2021, 2022, 0, 0, 0, 0),
('HS20200404', 'LH202004', 'GDQP', 2, 2020, 2021, 0, 0, 0, 0),
('HS20200404', 'LH202004', 'HoaHoc', 1, 2020, 2021, 0, 0, 0, 0),
('HS20200404', 'LH202004', 'HoaHoc', 1, 2021, 2022, 0, 0, 0, 0),
('HS20200404', 'LH202004', 'HoaHoc', 2, 2020, 2021, 0, 0, 0, 0),
('HS20200404', 'LH202004', 'LichSu', 1, 2020, 2021, 0, 0, 0, 0),
('HS20200404', 'LH202004', 'LichSu', 1, 2021, 2022, 0, 0, 0, 0),
('HS20200404', 'LH202004', 'LichSu', 2, 2020, 2021, 0, 0, 0, 0),
('HS20200404', 'LH202004', 'NguVan', 1, 2020, 2021, 0, 0, 0, 0),
('HS20200404', 'LH202004', 'NguVan', 1, 2021, 2022, 0, 0, 0, 0),
('HS20200404', 'LH202004', 'NguVan', 2, 2020, 2021, 0, 0, 0, 0),
('HS20200404', 'LH202004', 'SinhHoc', 1, 2020, 2021, 0, 0, 0, 0),
('HS20200404', 'LH202004', 'SinhHoc', 1, 2021, 2022, 0, 0, 0, 0),
('HS20200404', 'LH202004', 'SinhHoc', 2, 2020, 2021, 0, 0, 0, 0),
('HS20200404', 'LH202004', 'TheDuc', 1, 2020, 2021, 0, 0, 0, 0),
('HS20200404', 'LH202004', 'TheDuc', 1, 2021, 2022, 0, 0, 0, 0),
('HS20200404', 'LH202004', 'TheDuc', 2, 2020, 2021, 0, 0, 0, 0),
('HS20200404', 'LH202004', 'TinHoc', 1, 2020, 2021, 0, 0, 0, 0),
('HS20200404', 'LH202004', 'TinHoc', 1, 2021, 2022, 0, 0, 0, 0),
('HS20200404', 'LH202004', 'TinHoc', 2, 2020, 2021, 0, 0, 0, 0),
('HS20200404', 'LH202004', 'Toan', 1, 2020, 2021, 0, 0, 0, 0),
('HS20200404', 'LH202004', 'Toan', 1, 2021, 2022, 0, 0, 0, 0),
('HS20200404', 'LH202004', 'Toan', 2, 2020, 2021, 0, 0, 0, 0),
('HS20200404', 'LH202004', 'VatLy', 1, 2020, 2021, 0, 0, 0, 0),
('HS20200404', 'LH202004', 'VatLy', 1, 2021, 2022, 0, 0, 0, 0),
('HS20200404', 'LH202004', 'VatLy', 2, 2020, 2021, 0, 0, 0, 0),
('HS20200405', 'LH202004', 'AnhVan', 1, 2020, 2021, 0, 0, 0, 0),
('HS20200405', 'LH202004', 'AnhVan', 1, 2021, 2022, 0, 0, 0, 0),
('HS20200405', 'LH202004', 'AnhVan', 2, 2020, 2021, 0, 0, 0, 0),
('HS20200405', 'LH202004', 'CongNghe', 1, 2020, 2021, 0, 0, 0, 0),
('HS20200405', 'LH202004', 'CongNghe', 1, 2021, 2022, 0, 0, 0, 0),
('HS20200405', 'LH202004', 'CongNghe', 2, 2020, 2021, 0, 0, 0, 0),
('HS20200405', 'LH202004', 'DiaLy', 1, 2020, 2021, 0, 0, 0, 0),
('HS20200405', 'LH202004', 'DiaLy', 1, 2021, 2022, 0, 0, 0, 0),
('HS20200405', 'LH202004', 'DiaLy', 2, 2020, 2021, 0, 0, 0, 0),
('HS20200405', 'LH202004', 'GDCD', 1, 2020, 2021, 0, 0, 0, 0),
('HS20200405', 'LH202004', 'GDCD', 1, 2021, 2022, 0, 0, 0, 0),
('HS20200405', 'LH202004', 'GDCD', 2, 2020, 2021, 0, 0, 0, 0),
('HS20200405', 'LH202004', 'GDQP', 1, 2020, 2021, 0, 0, 0, 0),
('HS20200405', 'LH202004', 'GDQP', 1, 2021, 2022, 0, 0, 0, 0),
('HS20200405', 'LH202004', 'GDQP', 2, 2020, 2021, 0, 0, 0, 0),
('HS20200405', 'LH202004', 'HoaHoc', 1, 2020, 2021, 0, 0, 0, 0),
('HS20200405', 'LH202004', 'HoaHoc', 1, 2021, 2022, 0, 0, 0, 0),
('HS20200405', 'LH202004', 'HoaHoc', 2, 2020, 2021, 0, 0, 0, 0),
('HS20200405', 'LH202004', 'LichSu', 1, 2020, 2021, 0, 0, 0, 0),
('HS20200405', 'LH202004', 'LichSu', 1, 2021, 2022, 0, 0, 0, 0),
('HS20200405', 'LH202004', 'LichSu', 2, 2020, 2021, 0, 0, 0, 0),
('HS20200405', 'LH202004', 'NguVan', 1, 2020, 2021, 0, 0, 0, 0),
('HS20200405', 'LH202004', 'NguVan', 1, 2021, 2022, 0, 0, 0, 0),
('HS20200405', 'LH202004', 'NguVan', 2, 2020, 2021, 0, 0, 0, 0),
('HS20200405', 'LH202004', 'SinhHoc', 1, 2020, 2021, 0, 0, 0, 0),
('HS20200405', 'LH202004', 'SinhHoc', 1, 2021, 2022, 0, 0, 0, 0),
('HS20200405', 'LH202004', 'SinhHoc', 2, 2020, 2021, 0, 0, 0, 0),
('HS20200405', 'LH202004', 'TheDuc', 1, 2020, 2021, 0, 0, 0, 0),
('HS20200405', 'LH202004', 'TheDuc', 1, 2021, 2022, 0, 0, 0, 0),
('HS20200405', 'LH202004', 'TheDuc', 2, 2020, 2021, 0, 0, 0, 0),
('HS20200405', 'LH202004', 'TinHoc', 1, 2020, 2021, 0, 0, 0, 0),
('HS20200405', 'LH202004', 'TinHoc', 1, 2021, 2022, 0, 0, 0, 0),
('HS20200405', 'LH202004', 'TinHoc', 2, 2020, 2021, 0, 0, 0, 0),
('HS20200405', 'LH202004', 'Toan', 1, 2020, 2021, 0, 0, 0, 0),
('HS20200405', 'LH202004', 'Toan', 1, 2021, 2022, 0, 0, 0, 0),
('HS20200405', 'LH202004', 'Toan', 2, 2020, 2021, 0, 0, 0, 0),
('HS20200405', 'LH202004', 'VatLy', 1, 2020, 2021, 0, 0, 0, 0),
('HS20200405', 'LH202004', 'VatLy', 1, 2021, 2022, 0, 0, 0, 0),
('HS20200405', 'LH202004', 'VatLy', 2, 2020, 2021, 0, 0, 0, 0);

-- --------------------------------------------------------

--
-- Cấu trúc bảng cho bảng `dotks`
--

CREATE TABLE `dotks` (
  `stt` int(11) NOT NULL,
  `mahk` int(11) NOT NULL,
  `nambd` int(11) NOT NULL,
  `namkt` int(11) NOT NULL,
  `ngaybd` date NOT NULL,
  `ngaykt` date NOT NULL
) ENGINE=InnoDB DEFAULT CHARSET=utf8mb4;

--
-- Đang đổ dữ liệu cho bảng `dotks`
--

INSERT INTO `dotks` (`stt`, `mahk`, `nambd`, `namkt`, `ngaybd`, `ngaykt`) VALUES
(3, 2, 2019, 2020, '2020-08-06', '2020-08-06');

-- --------------------------------------------------------

--
-- Cấu trúc bảng cho bảng `giaovien`
--

CREATE TABLE `giaovien` (
  `magv` varchar(15) COLLATE latin1_bin NOT NULL,
  `ngaysinh` date DEFAULT NULL,
  `hoten` varchar(50) CHARACTER SET utf8 COLLATE utf8_vietnamese_ci DEFAULT NULL,
  `gioitinh` int(11) DEFAULT NULL,
  `diachi` varchar(100) CHARACTER SET utf8 COLLATE utf8_vietnamese_ci DEFAULT NULL,
  `sdt` varchar(11) COLLATE latin1_bin DEFAULT NULL,
  `mabm` varchar(15) COLLATE latin1_bin DEFAULT NULL,
  `trangthai` int(11) DEFAULT NULL
) ENGINE=InnoDB DEFAULT CHARSET=latin1 COLLATE=latin1_bin;

--
-- Đang đổ dữ liệu cho bảng `giaovien`
--

INSERT INTO `giaovien` (`magv`, `ngaysinh`, `hoten`, `gioitinh`, `diachi`, `sdt`, `mabm`, `trangthai`) VALUES
('GV01', '1980-06-15', 'Nguyễn Văn Toán', 1, '01 Trần Hưng Đạo, Quận 1, TP.HCM', '0987654321', 'Toan', 0),
('GV02', '1980-06-15', 'Nguyễn Văn Ngữ Văn', 1, '01 Trần Hưng Đạo, Quận 1, TP.HCM', '0987654321', 'NguVan', 1),
('GV03', '1980-06-15', 'Nguyễn Văn Tiếng Anh', 1, '01 Trần Hưng Đạo, Quận 1, TP.HCM', '0987654321', 'AnhVan', 1),
('GV04', '1980-06-15', 'Nguyễn Văn Vật Lý', 1, '01 Trần Hưng Đạo, Quận 1, TP.HCM', '0987654321', 'VatLy', 1),
('GV05', '1980-06-15', 'Nguyễn Văn Hóa Học', 1, '01 Trần Hưng Đạo, Quận 1, TP.HCM', '0987654321', 'HoaHoc', 1),
('GV06', '1980-06-15', 'Nguyễn Văn Sinh Học', 1, '01 Trần Hưng Đạo, Quận 1, TP.HCM', '0987654321', 'SinhHoc', 1),
('GV07', '1980-06-15', 'Nguyễn Văn Lịch Sử', 1, '01 Trần Hưng Đạo, Quận 1, TP.HCM', '0987654321', 'LichSu', 1),
('GV08', '1980-06-15', 'Nguyễn Văn Địa Lý', 1, '01 Trần Hưng Đạo, Quận 1, TP.HCM', '0987654321', 'DiaLy', 1),
('GV09', '1980-06-15', 'Nguyễn Văn Công Dân', 1, '01 Trần Hưng Đạo, Quận 1, TP.HCM', '0987654321', 'GDCD', 1),
('GV10', '1980-06-15', 'Nguyễn Văn Tin Học', 1, '01 Trần Hưng Đạo, Quận 1, TP.HCM', '0987654321', 'TinHoc', 1),
('GV11', '1980-06-15', 'Nguyễn Văn Quốc Phòng', 1, '01 Trần Hưng Đạo, Quận 1, TP.HCM', '0987654321', 'GDQP', 1),
('GV12', '1980-06-15', 'Nguyễn Văn Thể Chất', 1, '01 Trần Hưng Đạo, Quận 1, TP.HCM', '0987654321', 'TheDuc', 1),
('GV13', '1980-06-15', 'Nguyễn Văn Toán Học', 1, '01 Trần Hưng Đạo, Quận 1, TP.HCM', '0987654321', 'Toan', 1),
('GV14', '1980-06-15', 'Nguyễn Văn Toán Hình', 1, '01 Trần Hưng Đạo, Quận 1, TP.HCM', '0987654321', 'Toan', 1),
('GV15', '1980-06-15', 'Nguyễn Văn Văn', 1, '01 Trần Hưng Đạo, Quận 1, TP.HCM', '0987654321', 'NguVan', 1);

-- --------------------------------------------------------

--
-- Cấu trúc bảng cho bảng `hanhkiem`
--

CREATE TABLE `hanhkiem` (
  `mahs` varchar(15) COLLATE latin1_bin NOT NULL,
  `malop` varchar(15) COLLATE latin1_bin NOT NULL,
  `magv` varchar(15) COLLATE latin1_bin NOT NULL,
  `mahk` int(11) NOT NULL,
  `nambd` int(11) NOT NULL,
  `namkt` int(11) NOT NULL,
  `xeploai` int(11) DEFAULT NULL
) ENGINE=InnoDB DEFAULT CHARSET=latin1 COLLATE=latin1_bin;

--
-- Đang đổ dữ liệu cho bảng `hanhkiem`
--

INSERT INTO `hanhkiem` (`mahs`, `malop`, `magv`, `mahk`, `nambd`, `namkt`, `xeploai`) VALUES
('HS20180101', 'LH201801', 'GV01', 1, 2020, 2021, 4),
('HS20180101', 'LH201801', 'GV01', 2, 2019, 2020, 4),
('HS20180101', 'LH201801', 'GV01', 2, 2020, 2021, 4),
('HS20180102', 'LH201801', 'GV01', 1, 2020, 2021, 4),
('HS20180102', 'LH201801', 'GV01', 2, 2019, 2020, 2),
('HS20180102', 'LH201801', 'GV01', 2, 2020, 2021, 4),
('HS20180103', 'LH201801', 'GV01', 1, 2020, 2021, 4),
('HS20180103', 'LH201801', 'GV01', 2, 2019, 2020, 1),
('HS20180103', 'LH201801', 'GV01', 2, 2020, 2021, 4),
('HS20180104', 'LH201801', 'GV01', 1, 2020, 2021, 4),
('HS20180104', 'LH201801', 'GV01', 2, 2019, 2020, 1),
('HS20180104', 'LH201801', 'GV01', 2, 2020, 2021, 4),
('HS20180105', 'LH201801', 'GV01', 1, 2020, 2021, 4),
('HS20180105', 'LH201801', 'GV01', 2, 2019, 2020, 1),
('HS20180105', 'LH201801', 'GV01', 2, 2020, 2021, 4),
('HS20180201', 'LH201802', 'GV02', 1, 2020, 2021, 4),
('HS20180201', 'LH201802', 'GV02', 2, 2019, 2020, 1),
('HS20180201', 'LH201802', 'GV02', 2, 2020, 2021, 4),
('HS20180202', 'LH201802', 'GV02', 1, 2020, 2021, 4),
('HS20180202', 'LH201802', 'GV02', 2, 2019, 2020, 1),
('HS20180202', 'LH201802', 'GV02', 2, 2020, 2021, 4),
('HS20180203', 'LH201802', 'GV02', 1, 2020, 2021, 4),
('HS20180203', 'LH201802', 'GV02', 2, 2019, 2020, 1),
('HS20180203', 'LH201802', 'GV02', 2, 2020, 2021, 4),
('HS20180204', 'LH201802', 'GV02', 1, 2020, 2021, 4),
('HS20180204', 'LH201802', 'GV02', 2, 2019, 2020, 1),
('HS20180204', 'LH201802', 'GV02', 2, 2020, 2021, 4),
('HS20180205', 'LH201802', 'GV02', 1, 2020, 2021, 4),
('HS20180205', 'LH201802', 'GV02', 2, 2019, 2020, 1),
('HS20180205', 'LH201802', 'GV02', 2, 2020, 2021, 4),
('HS20180301', 'LH201803', 'GV03', 1, 2020, 2021, 4),
('HS20180301', 'LH201803', 'GV03', 2, 2019, 2020, 1),
('HS20180301', 'LH201803', 'GV03', 2, 2020, 2021, 4),
('HS20180302', 'LH201803', 'GV03', 1, 2020, 2021, 4),
('HS20180302', 'LH201803', 'GV03', 2, 2019, 2020, 1),
('HS20180302', 'LH201803', 'GV03', 2, 2020, 2021, 4),
('HS20180303', 'LH201803', 'GV03', 1, 2020, 2021, 4),
('HS20180303', 'LH201803', 'GV03', 2, 2019, 2020, 1),
('HS20180303', 'LH201803', 'GV03', 2, 2020, 2021, 4),
('HS20180304', 'LH201803', 'GV03', 1, 2020, 2021, 4),
('HS20180304', 'LH201803', 'GV03', 2, 2019, 2020, 1),
('HS20180304', 'LH201803', 'GV03', 2, 2020, 2021, 4),
('HS20180305', 'LH201803', 'GV03', 1, 2020, 2021, 4),
('HS20180305', 'LH201803', 'GV03', 2, 2019, 2020, 1),
('HS20180305', 'LH201803', 'GV03', 2, 2020, 2021, 4),
('HS20180401', 'LH201804', 'GV04', 1, 2020, 2021, 4),
('HS20180401', 'LH201804', 'GV04', 2, 2019, 2020, 1),
('HS20180401', 'LH201804', 'GV04', 2, 2020, 2021, 4),
('HS20180402', 'LH201804', 'GV04', 1, 2020, 2021, 4),
('HS20180402', 'LH201804', 'GV04', 2, 2019, 2020, 1),
('HS20180402', 'LH201804', 'GV04', 2, 2020, 2021, 4),
('HS20180403', 'LH201804', 'GV04', 1, 2020, 2021, 4),
('HS20180403', 'LH201804', 'GV04', 2, 2019, 2020, 1),
('HS20180403', 'LH201804', 'GV04', 2, 2020, 2021, 4),
('HS20180404', 'LH201804', 'GV04', 1, 2020, 2021, 4),
('HS20180404', 'LH201804', 'GV04', 2, 2019, 2020, 1),
('HS20180404', 'LH201804', 'GV04', 2, 2020, 2021, 4),
('HS20180405', 'LH201804', 'GV04', 1, 2020, 2021, 4),
('HS20180405', 'LH201804', 'GV04', 2, 2019, 2020, 1),
('HS20180405', 'LH201804', 'GV04', 2, 2020, 2021, 4),
('HS20190101', 'LH201901', 'GV05', 1, 2020, 2021, 4),
('HS20190101', 'LH201901', 'GV05', 1, 2021, 2022, 4),
('HS20190101', 'LH201901', 'GV05', 2, 2019, 2020, 1),
('HS20190101', 'LH201901', 'GV05', 2, 2020, 2021, 4),
('HS20190102', 'LH201901', 'GV05', 1, 2020, 2021, 4),
('HS20190102', 'LH201901', 'GV05', 1, 2021, 2022, 4),
('HS20190102', 'LH201901', 'GV05', 2, 2019, 2020, 1),
('HS20190102', 'LH201901', 'GV05', 2, 2020, 2021, 4),
('HS20190103', 'LH201901', 'GV05', 1, 2020, 2021, 4),
('HS20190103', 'LH201901', 'GV05', 1, 2021, 2022, 4),
('HS20190103', 'LH201901', 'GV05', 2, 2019, 2020, 1),
('HS20190103', 'LH201901', 'GV05', 2, 2020, 2021, 4),
('HS20190104', 'LH201901', 'GV05', 1, 2020, 2021, 4),
('HS20190104', 'LH201901', 'GV05', 1, 2021, 2022, 4),
('HS20190104', 'LH201901', 'GV05', 2, 2019, 2020, 1),
('HS20190104', 'LH201901', 'GV05', 2, 2020, 2021, 4),
('HS20190105', 'LH201901', 'GV05', 1, 2020, 2021, 4),
('HS20190105', 'LH201901', 'GV05', 1, 2021, 2022, 4),
('HS20190105', 'LH201901', 'GV05', 2, 2019, 2020, 1),
('HS20190105', 'LH201901', 'GV05', 2, 2020, 2021, 4),
('HS20190201', 'LH201902', 'GV06', 1, 2020, 2021, 4),
('HS20190201', 'LH201902', 'GV06', 1, 2021, 2022, 4),
('HS20190201', 'LH201902', 'GV06', 2, 2019, 2020, 1),
('HS20190201', 'LH201902', 'GV06', 2, 2020, 2021, 4),
('HS20190202', 'LH201902', 'GV06', 1, 2020, 2021, 4),
('HS20190202', 'LH201902', 'GV06', 1, 2021, 2022, 4),
('HS20190202', 'LH201902', 'GV06', 2, 2019, 2020, 1),
('HS20190202', 'LH201902', 'GV06', 2, 2020, 2021, 4),
('HS20190203', 'LH201902', 'GV06', 1, 2020, 2021, 4),
('HS20190203', 'LH201902', 'GV06', 1, 2021, 2022, 4),
('HS20190203', 'LH201902', 'GV06', 2, 2019, 2020, 1),
('HS20190203', 'LH201902', 'GV06', 2, 2020, 2021, 4),
('HS20190204', 'LH201902', 'GV06', 1, 2020, 2021, 4),
('HS20190204', 'LH201902', 'GV06', 1, 2021, 2022, 4),
('HS20190204', 'LH201902', 'GV06', 2, 2019, 2020, 1),
('HS20190204', 'LH201902', 'GV06', 2, 2020, 2021, 4),
('HS20190205', 'LH201902', 'GV06', 1, 2020, 2021, 4),
('HS20190205', 'LH201902', 'GV06', 1, 2021, 2022, 4),
('HS20190205', 'LH201902', 'GV06', 2, 2019, 2020, 1),
('HS20190205', 'LH201902', 'GV06', 2, 2020, 2021, 4),
('HS20190301', 'LH201903', 'GV07', 1, 2020, 2021, 4),
('HS20190301', 'LH201903', 'GV07', 1, 2021, 2022, 4),
('HS20190301', 'LH201903', 'GV07', 2, 2019, 2020, 1),
('HS20190301', 'LH201903', 'GV07', 2, 2020, 2021, 4),
('HS20190302', 'LH201903', 'GV07', 1, 2020, 2021, 4),
('HS20190302', 'LH201903', 'GV07', 1, 2021, 2022, 4),
('HS20190302', 'LH201903', 'GV07', 2, 2019, 2020, 1),
('HS20190302', 'LH201903', 'GV07', 2, 2020, 2021, 4),
('HS20190303', 'LH201903', 'GV07', 1, 2020, 2021, 4),
('HS20190303', 'LH201903', 'GV07', 1, 2021, 2022, 4),
('HS20190303', 'LH201903', 'GV07', 2, 2019, 2020, 1),
('HS20190303', 'LH201903', 'GV07', 2, 2020, 2021, 4),
('HS20190304', 'LH201903', 'GV07', 1, 2020, 2021, 4),
('HS20190304', 'LH201903', 'GV07', 1, 2021, 2022, 4),
('HS20190304', 'LH201903', 'GV07', 2, 2019, 2020, 1),
('HS20190304', 'LH201903', 'GV07', 2, 2020, 2021, 4),
('HS20190305', 'LH201903', 'GV07', 1, 2020, 2021, 4),
('HS20190305', 'LH201903', 'GV07', 1, 2021, 2022, 4),
('HS20190305', 'LH201903', 'GV07', 2, 2019, 2020, 1),
('HS20190305', 'LH201903', 'GV07', 2, 2020, 2021, 4),
('HS20190401', 'LH201904', 'GV08', 1, 2020, 2021, 4),
('HS20190401', 'LH201904', 'GV08', 1, 2021, 2022, 4),
('HS20190401', 'LH201904', 'GV08', 2, 2019, 2020, 1),
('HS20190401', 'LH201904', 'GV08', 2, 2020, 2021, 4),
('HS20190402', 'LH201904', 'GV08', 1, 2020, 2021, 4),
('HS20190402', 'LH201904', 'GV08', 1, 2021, 2022, 4),
('HS20190402', 'LH201904', 'GV08', 2, 2019, 2020, 1),
('HS20190402', 'LH201904', 'GV08', 2, 2020, 2021, 4),
('HS20190403', 'LH201904', 'GV08', 1, 2020, 2021, 4),
('HS20190403', 'LH201904', 'GV08', 1, 2021, 2022, 4),
('HS20190403', 'LH201904', 'GV08', 2, 2019, 2020, 1),
('HS20190403', 'LH201904', 'GV08', 2, 2020, 2021, 4),
('HS20190404', 'LH201904', 'GV08', 1, 2020, 2021, 4),
('HS20190404', 'LH201904', 'GV08', 1, 2021, 2022, 4),
('HS20190404', 'LH201904', 'GV08', 2, 2019, 2020, 1),
('HS20190404', 'LH201904', 'GV08', 2, 2020, 2021, 4),
('HS20190405', 'LH201904', 'GV08', 1, 2020, 2021, 4),
('HS20190405', 'LH201904', 'GV08', 1, 2021, 2022, 4),
('HS20190405', 'LH201904', 'GV08', 2, 2019, 2020, 1),
('HS20190405', 'LH201904', 'GV08', 2, 2020, 2021, 4),
('HS20200101', 'LH202001', 'GV09', 1, 2020, 2021, 4),
('HS20200101', 'LH202001', 'GV09', 1, 2021, 2022, 4),
('HS20200101', 'LH202001', 'GV09', 2, 2020, 2021, 4),
('HS20200102', 'LH202001', 'GV09', 1, 2020, 2021, 4),
('HS20200102', 'LH202001', 'GV09', 1, 2021, 2022, 4),
('HS20200102', 'LH202001', 'GV09', 2, 2020, 2021, 4),
('HS20200103', 'LH202001', 'GV09', 1, 2020, 2021, 4),
('HS20200103', 'LH202001', 'GV09', 1, 2021, 2022, 4),
('HS20200103', 'LH202001', 'GV09', 2, 2020, 2021, 4),
('HS20200104', 'LH202001', 'GV09', 1, 2020, 2021, 4),
('HS20200104', 'LH202001', 'GV09', 1, 2021, 2022, 4),
('HS20200104', 'LH202001', 'GV09', 2, 2020, 2021, 4),
('HS20200105', 'LH202001', 'GV09', 1, 2020, 2021, 4),
('HS20200105', 'LH202001', 'GV09', 1, 2021, 2022, 4),
('HS20200105', 'LH202001', 'GV09', 2, 2020, 2021, 4),
('HS20200201', 'LH202002', 'GV10', 1, 2020, 2021, 4),
('HS20200201', 'LH202002', 'GV10', 1, 2021, 2022, 4),
('HS20200201', 'LH202002', 'GV10', 2, 2020, 2021, 4),
('HS20200202', 'LH202002', 'GV10', 1, 2020, 2021, 4),
('HS20200202', 'LH202002', 'GV10', 1, 2021, 2022, 4),
('HS20200202', 'LH202002', 'GV10', 2, 2020, 2021, 4),
('HS20200203', 'LH202002', 'GV10', 1, 2020, 2021, 4),
('HS20200203', 'LH202002', 'GV10', 1, 2021, 2022, 4),
('HS20200203', 'LH202002', 'GV10', 2, 2020, 2021, 4),
('HS20200204', 'LH202002', 'GV10', 1, 2020, 2021, 4),
('HS20200204', 'LH202002', 'GV10', 1, 2021, 2022, 4),
('HS20200204', 'LH202002', 'GV10', 2, 2020, 2021, 4),
('HS20200205', 'LH202002', 'GV10', 1, 2020, 2021, 4),
('HS20200205', 'LH202002', 'GV10', 1, 2021, 2022, 4),
('HS20200205', 'LH202002', 'GV10', 2, 2020, 2021, 4),
('HS20200301', 'LH202003', 'GV11', 1, 2020, 2021, 4),
('HS20200301', 'LH202003', 'GV11', 1, 2021, 2022, 4),
('HS20200301', 'LH202003', 'GV11', 2, 2020, 2021, 4),
('HS20200302', 'LH202003', 'GV11', 1, 2020, 2021, 4),
('HS20200302', 'LH202003', 'GV11', 1, 2021, 2022, 4),
('HS20200302', 'LH202003', 'GV11', 2, 2020, 2021, 4),
('HS20200303', 'LH202003', 'GV11', 1, 2020, 2021, 4),
('HS20200303', 'LH202003', 'GV11', 1, 2021, 2022, 4),
('HS20200303', 'LH202003', 'GV11', 2, 2020, 2021, 4),
('HS20200304', 'LH202003', 'GV11', 1, 2020, 2021, 4),
('HS20200304', 'LH202003', 'GV11', 1, 2021, 2022, 4),
('HS20200304', 'LH202003', 'GV11', 2, 2020, 2021, 4),
('HS20200305', 'LH202003', 'GV11', 1, 2020, 2021, 4),
('HS20200305', 'LH202003', 'GV11', 1, 2021, 2022, 4),
('HS20200305', 'LH202003', 'GV11', 2, 2020, 2021, 4),
('HS20200401', 'LH202004', 'GV12', 1, 2020, 2021, 4),
('HS20200401', 'LH202004', 'GV12', 1, 2021, 2022, 4),
('HS20200401', 'LH202004', 'GV12', 2, 2020, 2021, 4),
('HS20200402', 'LH202004', 'GV12', 1, 2020, 2021, 4),
('HS20200402', 'LH202004', 'GV12', 1, 2021, 2022, 4),
('HS20200402', 'LH202004', 'GV12', 2, 2020, 2021, 4),
('HS20200403', 'LH202004', 'GV12', 1, 2020, 2021, 4),
('HS20200403', 'LH202004', 'GV12', 1, 2021, 2022, 4),
('HS20200403', 'LH202004', 'GV12', 2, 2020, 2021, 4),
('HS20200404', 'LH202004', 'GV12', 1, 2020, 2021, 4),
('HS20200404', 'LH202004', 'GV12', 1, 2021, 2022, 4),
('HS20200404', 'LH202004', 'GV12', 2, 2020, 2021, 4),
('HS20200405', 'LH202004', 'GV12', 1, 2020, 2021, 4),
('HS20200405', 'LH202004', 'GV12', 1, 2021, 2022, 4),
('HS20200405', 'LH202004', 'GV12', 2, 2020, 2021, 4);

-- --------------------------------------------------------

--
-- Cấu trúc bảng cho bảng `hocky`
--

CREATE TABLE `hocky` (
  `mahk` int(11) NOT NULL,
  `nambd` int(11) NOT NULL,
  `namkt` int(11) NOT NULL,
  `trangthai` int(11) DEFAULT NULL
) ENGINE=InnoDB DEFAULT CHARSET=latin1 COLLATE=latin1_bin;

--
-- Đang đổ dữ liệu cho bảng `hocky`
--

INSERT INTO `hocky` (`mahk`, `nambd`, `namkt`, `trangthai`) VALUES
(1, 2018, 2019, 0),
(1, 2019, 2020, 0),
(1, 2020, 2021, 0),
(1, 2021, 2022, 0),
(2, 2018, 2019, 0),
(2, 2019, 2020, 0),
(2, 2020, 2021, 0);

-- --------------------------------------------------------

--
-- Cấu trúc bảng cho bảng `hocsinh`
--

CREATE TABLE `hocsinh` (
  `mahs` varchar(15) COLLATE latin1_bin NOT NULL,
  `ngaysinh` date DEFAULT NULL,
  `hoten` varchar(50) CHARACTER SET utf8 COLLATE utf8_vietnamese_ci DEFAULT NULL,
  `gioitinh` int(11) DEFAULT NULL,
  `diachi` varchar(100) CHARACTER SET utf8 COLLATE utf8_vietnamese_ci DEFAULT NULL,
  `malop` varchar(15) COLLATE latin1_bin DEFAULT NULL,
  `trangthai` int(11) DEFAULT NULL
) ENGINE=InnoDB DEFAULT CHARSET=latin1 COLLATE=latin1_bin;

--
-- Đang đổ dữ liệu cho bảng `hocsinh`
--

INSERT INTO `hocsinh` (`mahs`, `ngaysinh`, `hoten`, `gioitinh`, `diachi`, `malop`, `trangthai`) VALUES
('HS20180101', '2001-10-10', 'Nguyễn Văn An', 1, '01 Trần Hưng Đạo, Q1, TP.HCM', 'LH201801', 1),
('HS20180102', '2001-10-10', 'Nguyễn Văn Bảo', 1, '01 Trần Hưng Đạo, Q1, TP.HCM', 'LH201801', 1),
('HS20180103', '2001-10-10', 'Nguyễn Văn Bách', 1, '01 Trần Hưng Đạo, Q1, TP.HCM', 'LH201801', 1),
('HS20180104', '2001-10-10', 'Nguyễn Văn Dũng', 1, '01 Trần Hưng Đạo, Q1, TP.HCM', 'LH201801', 1),
('HS20180105', '2001-10-10', 'Nguyễn Văn Hưng', 1, '01 Trần Hưng Đạo, Q1, TP.HCM', 'LH201801', 1),
('HS20180201', '2001-10-10', 'Nguyễn Văn Anh', 1, '01 Trần Hưng Đạo, Q1, TP.HCM', 'LH201802', 1),
('HS20180202', '2001-10-10', 'Nguyễn Văn Chính', 1, '01 Trần Hưng Đạo, Q1, TP.HCM', 'LH201802', 1),
('HS20180203', '2001-10-10', 'Nguyễn Văn Châu', 1, '01 Trần Hưng Đạo, Q1, TP.HCM', 'LH201802', 1),
('HS20180204', '2001-10-10', 'Nguyễn Văn Minh', 1, '01 Trần Hưng Đạo, Q1, TP.HCM', 'LH201802', 1),
('HS20180205', '2001-10-10', 'Nguyễn Văn Yên', 1, '01 Trần Hưng Đạo, Q1, TP.HCM', 'LH201802', 1),
('HS20180301', '2001-10-10', 'Nguyễn Văn A', 1, '01 Trần Hưng Đạo, Q1, TP.HCM', 'LH201803', 1),
('HS20180302', '2001-10-10', 'Nguyễn Văn A', 1, '01 Trần Hưng Đạo, Q1, TP.HCM', 'LH201803', 1),
('HS20180303', '2001-10-10', 'Nguyễn Văn A', 1, '01 Trần Hưng Đạo, Q1, TP.HCM', 'LH201803', 1),
('HS20180304', '2001-10-10', 'Nguyễn Văn A', 1, '01 Trần Hưng Đạo, Q1, TP.HCM', 'LH201803', 1),
('HS20180305', '2001-10-10', 'Nguyễn Văn A', 1, '01 Trần Hưng Đạo, Q1, TP.HCM', 'LH201803', 1),
('HS20180401', '2001-10-10', 'Nguyễn Văn A', 1, '01 Trần Hưng Đạo, Q1, TP.HCM', 'LH201804', 1),
('HS20180402', '2001-10-10', 'Nguyễn Văn A', 1, '01 Trần Hưng Đạo, Q1, TP.HCM', 'LH201804', 1),
('HS20180403', '2001-10-10', 'Nguyễn Văn A', 1, '01 Trần Hưng Đạo, Q1, TP.HCM', 'LH201804', 1),
('HS20180404', '2001-10-10', 'Nguyễn Văn A', 1, '01 Trần Hưng Đạo, Q1, TP.HCM', 'LH201804', 1),
('HS20180405', '2001-10-10', 'Nguyễn Văn A', 1, '01 Trần Hưng Đạo, Q1, TP.HCM', 'LH201804', 1),
('HS20190101', '2002-10-10', 'Nguyễn Văn A', 1, '01 Trần Hưng Đạo, Q1, TP.HCM', 'LH201901', 1),
('HS20190102', '2002-10-10', 'Nguyễn Văn A', 1, '01 Trần Hưng Đạo, Q1, TP.HCM', 'LH201901', 1),
('HS20190103', '2002-10-10', 'Nguyễn Văn A', 1, '01 Trần Hưng Đạo, Q1, TP.HCM', 'LH201901', 1),
('HS20190104', '2002-10-10', 'Nguyễn Văn A', 1, '01 Trần Hưng Đạo, Q1, TP.HCM', 'LH201901', 1),
('HS20190105', '2002-10-10', 'Nguyễn Văn A', 1, '01 Trần Hưng Đạo, Q1, TP.HCM', 'LH201901', 1),
('HS20190201', '2002-10-10', 'Nguyễn Văn A', 1, '01 Trần Hưng Đạo, Q1, TP.HCM', 'LH201902', 1),
('HS20190202', '2002-10-10', 'Nguyễn Văn A', 1, '01 Trần Hưng Đạo, Q1, TP.HCM', 'LH201902', 1),
('HS20190203', '2002-10-10', 'Nguyễn Văn A', 1, '01 Trần Hưng Đạo, Q1, TP.HCM', 'LH201902', 1),
('HS20190204', '2002-10-10', 'Nguyễn Văn A', 1, '01 Trần Hưng Đạo, Q1, TP.HCM', 'LH201902', 1),
('HS20190205', '2002-10-10', 'Nguyễn Văn A', 1, '01 Trần Hưng Đạo, Q1, TP.HCM', 'LH201902', 1),
('HS20190301', '2002-10-10', 'Nguyễn Văn A', 1, '01 Trần Hưng Đạo, Q1, TP.HCM', 'LH201903', 1),
('HS20190302', '2002-10-10', 'Nguyễn Văn A', 1, '01 Trần Hưng Đạo, Q1, TP.HCM', 'LH201903', 1),
('HS20190303', '2002-10-10', 'Nguyễn Văn A', 1, '01 Trần Hưng Đạo, Q1, TP.HCM', 'LH201903', 1),
('HS20190304', '2002-10-10', 'Nguyễn Văn A', 1, '01 Trần Hưng Đạo, Q1, TP.HCM', 'LH201903', 1),
('HS20190305', '2002-10-10', 'Nguyễn Văn A', 1, '01 Trần Hưng Đạo, Q1, TP.HCM', 'LH201903', 1),
('HS20190401', '2002-10-10', 'Nguyễn Văn A', 1, '01 Trần Hưng Đạo, Q1, TP.HCM', 'LH201904', 1),
('HS20190402', '2002-10-10', 'Nguyễn Văn A', 1, '01 Trần Hưng Đạo, Q1, TP.HCM', 'LH201904', 1),
('HS20190403', '2002-10-10', 'Nguyễn Văn A', 1, '01 Trần Hưng Đạo, Q1, TP.HCM', 'LH201904', 1),
('HS20190404', '2002-10-10', 'Nguyễn Văn A', 1, '01 Trần Hưng Đạo, Q1, TP.HCM', 'LH201904', 1),
('HS20190405', '2002-10-10', 'Nguyễn Văn A', 1, '01 Trần Hưng Đạo, Q1, TP.HCM', 'LH201904', 1),
('HS20200101', '2003-10-10', 'Nguyễn Văn A', 1, '01 Trần Hưng Đạo, Q1, TP.HCM', 'LH202001', 1),
('HS20200102', '2003-10-10', 'Nguyễn Văn A', 1, '01 Trần Hưng Đạo, Q1, TP.HCM', 'LH202001', 1),
('HS20200103', '2003-10-10', 'Nguyễn Văn A', 1, '01 Trần Hưng Đạo, Q1, TP.HCM', 'LH202001', 1),
('HS20200104', '2003-10-10', 'Nguyễn Văn A', 1, '01 Trần Hưng Đạo, Q1, TP.HCM', 'LH202001', 1),
('HS20200105', '2003-10-10', 'Nguyễn Văn A', 1, '01 Trần Hưng Đạo, Q1, TP.HCM', 'LH202001', 1),
('HS20200201', '2003-10-10', 'Nguyễn Văn A', 1, '01 Trần Hưng Đạo, Q1, TP.HCM', 'LH202002', 1),
('HS20200202', '2003-10-10', 'Nguyễn Văn A', 1, '01 Trần Hưng Đạo, Q1, TP.HCM', 'LH202002', 1),
('HS20200203', '2003-10-10', 'Nguyễn Văn A', 1, '01 Trần Hưng Đạo, Q1, TP.HCM', 'LH202002', 1),
('HS20200204', '2003-10-10', 'Nguyễn Văn A', 1, '01 Trần Hưng Đạo, Q1, TP.HCM', 'LH202002', 1),
('HS20200205', '2003-10-10', 'Nguyễn Văn A', 1, '01 Trần Hưng Đạo, Q1, TP.HCM', 'LH202002', 1),
('HS20200301', '2003-10-10', 'Nguyễn Văn A', 1, '01 Trần Hưng Đạo, Q1, TP.HCM', 'LH202003', 1),
('HS20200302', '2003-10-10', 'Nguyễn Văn A', 1, '01 Trần Hưng Đạo, Q1, TP.HCM', 'LH202003', 1),
('HS20200303', '2003-10-10', 'Nguyễn Văn A', 1, '01 Trần Hưng Đạo, Q1, TP.HCM', 'LH202003', 1),
('HS20200304', '2003-10-10', 'Nguyễn Văn A', 1, '01 Trần Hưng Đạo, Q1, TP.HCM', 'LH202003', 1),
('HS20200305', '2003-10-10', 'Nguyễn Văn A', 1, '01 Trần Hưng Đạo, Q1, TP.HCM', 'LH202003', 1),
('HS20200401', '2003-10-10', 'Nguyễn Văn A', 1, '01 Trần Hưng Đạo, Q1, TP.HCM', 'LH202004', 1),
('HS20200402', '2003-10-10', 'Nguyễn Văn A', 1, '01 Trần Hưng Đạo, Q1, TP.HCM', 'LH202004', 1),
('HS20200403', '2003-10-10', 'Nguyễn Văn A', 1, '01 Trần Hưng Đạo, Q1, TP.HCM', 'LH202004', 1),
('HS20200404', '2003-10-10', 'Nguyễn Văn A', 1, '01 Trần Hưng Đạo, Q1, TP.HCM', 'LH202004', 1),
('HS20200405', '2003-10-10', 'Nguyễn Văn A', 1, '01 Trần Hưng Đạo, Q1, TP.HCM', 'LH202004', 1);

-- --------------------------------------------------------

--
-- Cấu trúc bảng cho bảng `kqkhaosat`
--

CREATE TABLE `kqkhaosat` (
  `macauhoi` int(11) NOT NULL,
  `mahs` varchar(15) COLLATE latin1_bin NOT NULL,
  `mahk` int(11) NOT NULL,
  `nambd` int(11) NOT NULL,
  `namkt` int(11) NOT NULL,
  `cautl` int(11) DEFAULT NULL
) ENGINE=InnoDB DEFAULT CHARSET=latin1 COLLATE=latin1_bin;

-- --------------------------------------------------------

--
-- Cấu trúc bảng cho bảng `lichthi`
--

CREATE TABLE `lichthi` (
  `malt` varchar(50) COLLATE latin1_bin NOT NULL,
  `mahk` int(11) NOT NULL,
  `nambd` int(11) NOT NULL,
  `namkt` int(11) NOT NULL,
  `maphong` varchar(15) COLLATE latin1_bin NOT NULL,
  `mabm` varchar(15) COLLATE latin1_bin NOT NULL,
  `ngaythi` date NOT NULL,
  `tietBD` int(11) NOT NULL,
  `khoi` int(11) NOT NULL,
  `giamthi1` varchar(15) COLLATE latin1_bin DEFAULT NULL,
  `giamthi2` varchar(15) COLLATE latin1_bin DEFAULT NULL
) ENGINE=InnoDB DEFAULT CHARSET=latin1 COLLATE=latin1_bin;

--
-- Đang đổ dữ liệu cho bảng `lichthi`
--

INSERT INTO `lichthi` (`malt`, `mahk`, `nambd`, `namkt`, `maphong`, `mabm`, `ngaythi`, `tietBD`, `khoi`, `giamthi1`, `giamthi2`) VALUES
('640b879f-6cb9-4c65-b372-69208b63eba2', 2, 2019, 2020, '01', 'Toan', '2020-03-09', 1, 11, 'GV01', 'GV02'),
('a78abe8e-9426-459b-b92a-79e66ca2f761', 2, 2019, 2020, '01', 'Toan', '2020-03-09', 1, 10, 'GV01', 'GV02'),
('aajafafjkafafn', 1, 2019, 2020, '10', 'LichSu', '2020-08-02', 2, 10, 'GV09', 'GV14'),
('abcdefgh', 2, 2019, 2020, '01', 'NguVan', '2021-09-03', 3, 10, 'GV01', 'GV02'),
('akakakaka', 2, 2019, 2020, '09', 'Toan', '2020-08-04', 10, 12, 'GV11', 'GV06'),
('d6ad249f-3b79-42ac-9757-0718189305fd', 2, 2019, 2020, '02', 'Toan', '2020-03-09', 1, 11, 'GV04', 'GV05'),
('oiuytr', 2, 2019, 2020, '08', 'GDCD', '2020-08-03', 2, 11, 'GV08', 'GV13');

-- --------------------------------------------------------

--
-- Cấu trúc bảng cho bảng `loainv`
--

CREATE TABLE `loainv` (
  `maloai` varchar(15) COLLATE latin1_bin NOT NULL,
  `tenloai` varchar(50) CHARACTER SET utf8 COLLATE utf8_vietnamese_ci DEFAULT NULL
) ENGINE=InnoDB DEFAULT CHARSET=latin1 COLLATE=latin1_bin;

--
-- Đang đổ dữ liệu cho bảng `loainv`
--

INSERT INTO `loainv` (`maloai`, `tenloai`) VALUES
('GiaoVu', 'Giáo vụ'),
('admin', 'Quản trị viên hệ thống');

-- --------------------------------------------------------

--
-- Cấu trúc bảng cho bảng `lophoc`
--

CREATE TABLE `lophoc` (
  `malop` varchar(15) COLLATE latin1_bin NOT NULL,
  `magvcn` varchar(15) COLLATE latin1_bin DEFAULT NULL,
  `maphong` varchar(15) COLLATE latin1_bin DEFAULT NULL,
  `namnhaphoc` int(11) DEFAULT NULL,
  `trangthai` int(11) DEFAULT NULL
) ENGINE=InnoDB DEFAULT CHARSET=latin1 COLLATE=latin1_bin;

--
-- Đang đổ dữ liệu cho bảng `lophoc`
--

INSERT INTO `lophoc` (`malop`, `magvcn`, `maphong`, `namnhaphoc`, `trangthai`) VALUES
('LH201801', 'GV01', '01', 2018, 0),
('LH201802', 'GV02', '02', 2018, 0),
('LH201803', 'GV03', '03', 2018, 0),
('LH201804', 'GV04', '04', 2018, 0),
('LH201901', 'GV05', '05', 2019, 1),
('LH201902', 'GV06', '06', 2019, 1),
('LH201903', 'GV07', '07', 2019, 1),
('LH201904', 'GV08', '08', 2019, 1),
('LH202001', 'GV09', '09', 2020, 1),
('LH202002', 'GV10', '10', 2020, 1),
('LH202003', 'GV11', '11', 2020, 1),
('LH202004', 'GV12', '12', 2020, 1);

-- --------------------------------------------------------

--
-- Cấu trúc bảng cho bảng `nguoidung`
--

CREATE TABLE `nguoidung` (
  `tenDangNhap` varchar(15) COLLATE latin1_bin NOT NULL,
  `matKhau` varchar(100) COLLATE latin1_bin NOT NULL,
  `cmnd` varchar(20) COLLATE latin1_bin DEFAULT NULL,
  `loai` int(11) NOT NULL
) ENGINE=InnoDB DEFAULT CHARSET=latin1 COLLATE=latin1_bin;

--
-- Đang đổ dữ liệu cho bảng `nguoidung`
--

INSERT INTO `nguoidung` (`tenDangNhap`, `matKhau`, `cmnd`, `loai`) VALUES
('GV01', '$2b$10$JPTpef8H7vCg1MIH/PX/j.4OoR062EXzkM6POvbQv9ZycXn3/469a', '215487789', 3),
('GV02', '$2b$10$w9I9rdBDvrsukAKHNNs/UOXTCChfpH9Jg3.QjlbKo6d/eO0hB8dv.', '215487789', 3),
('GV03', '$2b$10$uY5u3spxkUhktmHbEoGHGOtkKqJ.mSsT.nRtBAe27Pd6jfnkNTdkm', '215487789', 3),
('GV04', '$2b$10$tXrhcVKQZRwybnHutJwis.mgH9B75/SHv3kLvbBLr/ZlNu/VJE/lO', '215487789', 3),
('GV05', '$2b$10$BcL8djc3q4GxyT7QzHS.WebnJnkpbtVhm38MrQ5VA2Ygn8eNMm3De', '215487789', 3),
('GV06', '$2b$10$kQhN0fpu3a6Sp.jrngu7cOQ2Nsz4k/SFME/A7hq3UfXwYOjGpMXiK', '215487789', 3),
('GV07', '$2b$10$UoWRR988SAEvCpCVmhxdPuTt7nDdhP8Mx3Nr0vDgXczYvhS.YGDGe', '215487789', 3),
('GV08', '$2b$10$8jAx4QXDAvqRsU1ddzk.UujjEoillNf6dvvezV9f1nZq9bIeqJd4C', '215487789', 3),
('GV09', '$2b$10$R6YMxXZltxENReCFZUp7XOSC38OcaFWYpfR17utmjjvf/75ej/q26', '215487789', 3),
('GV10', '$2b$10$aKRJ1AZHMIkKWHphl5fu/.hGFbFkjukNTcU9QsyCPdNzO2O2MTfKa', '215487789', 3),
('GV11', '$2b$10$CfvvLEaBP9K8eyOz9eSZnezn/Nl5QKHAFiSsEO/yxeaHA2fMSqRy.', '215487789', 3),
('GV12', '$2b$10$Xa6PHSgsaQlWT6xdZBjy7ubqbfSI85hza0/qqIanJ4J34U9jfguj6', '215487789', 3),
('GV13', '$2b$10$u0xElBYN.miqFWxhvI9AeO8YHiESVEO5C2d5LcLwws5EHQsXVrcga', '215487789', 2),
('GV14', '$2b$10$/PI4mgqZjf.PeVnoqBD0JeoCT4mow6/0vMiSAx.4oh9kQgC0qbWKm', '215487789', 2),
('GV15', '$2b$10$EFCUGiVLOuT7scIcJ5Tiy.OtWHfykunzUH2doXvawHo4E3ACVBVOC', '215487789', 2),
('GV16', '$2b$10$BjAQQmIvmq3YQRR5LK/1ku4koA9e2d6L.3uNdr5dQN0b7Mygo1l52', '12345', 2),
('HS20180101', '$2b$10$IdfTYGDqzq7BI0vHwZfpFejBLJKgC.ctm1GcZhiCURPqy7jHrZXF.', '215487789', 1),
('HS20180102', '$2b$10$LpFntyDXpJT.3595AeL/MeV.J37fyy5xrJMPF169hj/PSRBOzypOC', '215487789', 1),
('HS20180103', '$2b$10$7HtAwJxso.YPz7mYt.vPkut7EdqdKF4g.H4SWD/c6eP.PAe2SON.y', '215487789', 1),
('HS20180104', '$2b$10$rzeUFSfwFj3C8sR.Lzh2I.baS95d6y9IqVU.n7q7xe5Oh4WkN8tuK', '215487789', 1),
('HS20180105', '$2b$10$iPn1LcKFdE6vDfQIjjkbeOAF3pil4xlQM04WNJVYX78gqkUNAwla6', '215487789', 1),
('HS20180201', '$2b$10$crN.MURgrfKQ.ZlzI/EY9eYFRrTJvg8RlOkq3jpkrgiBDZjzqPdra', '215487789', 1),
('HS20180202', '$2b$10$Li3KtRRaSo5acA0HkbBmM.OcIQ5KcCHqDGnXhVUkYwFUsAuaeG3NO', '215487789', 1),
('HS20180203', '$2b$10$u4xR485RPRnQCE/EoPk4YecKhTvQmMEBpXofHjBwgLTEQ8kYSOHha', '215487789', 1),
('HS20180204', '$2b$10$3Hl78lrb0pCv5DhbQtAv8eRmvsXAHqNZOqJ0zrY.QIt2JVStjl/ae', '215487789', 1),
('HS20180205', '$2b$10$56vvp2K2yD/Br9.B7FlM5eNrW8bytk2KkIKylqfaa.iyXzq08nzDK', '215487789', 1),
('HS20180301', '$2b$10$CcTF.kBDgiqHmUm2fP549e/Fps0qTESVBu2KNQCFmgLzFOSNI1VZe', '215487789', 1),
('HS20180302', '$2b$10$bD3jt2WjJGRma4wu2qkgmumxCESMjPr8.2/O0R/KASn3BeJlAicDi', '215487789', 1),
('HS20180303', '$2b$10$QFElnVvHTJgKm2oOeXcf3OH3RDUY.fZ8wNtbgxs6jvJ0sSCWK3J.6', '215487789', 1),
('HS20180304', '$2b$10$pdZ4wz.JuvBJhRDf0lbyT.425Vw0RsWjtxWcCWlfC3eaw2T4jC4dm', '215487789', 1),
('HS20180305', '$2b$10$4DNrsW.jZ3kmqDym8wywL.x9/TyoQawf5fNLrgjKICQHbA7CI9C5C', '215487789', 1),
('HS20180401', '$2b$10$ufOsSTVuuaY/uC1yC6qlFuq55idhtBMuL88gVmG/uP3tW1b9IG5KW', '215487789', 1),
('HS20180402', '$2b$10$WZ/v.Xgu2ItlaDJPkMWklOt9KpPfQp2hcTQo0ft7HthnYO5TzWJd.', '215487789', 1),
('HS20180403', '$2b$10$APFx6LY33D.8Fmbi2Gig0OQp2rtshXmmuJHa6yc6u3nbQTZsI8sFC', '215487789', 1),
('HS20180404', '$2b$10$OANCVR3vk2wlNCJuBY5VIO7wrtFLJrkvgDcJ4LJHcBq7ygvV3TqW6', '215487789', 1),
('HS20180405', '$2b$10$6EO4Q4etbu/BqrJCcSyCsuTY8N2B/010RftpiShkFgrH3gnZVBbry', '215487789', 1),
('HS20190101', '$2b$10$H2uNlgqgG2LQdljm1XbkYOu5fhXtBv.ItAhVSmmg0Ob1/S9b99HY.', '215487789', 1),
('HS20190102', '$2b$10$B47F4Rj7fZf7kNVZv6kePOOxjDUogt3D5dElPezAUD9wkKVcvTJC6', '215487789', 1),
('HS20190103', '$2b$10$8i.rv9qCKt3f3u58RAXPoepYZBaOlQ.46CAN8Qn.CYxpaotI35072', '215487789', 1),
('HS20190104', '$2b$10$vJW8eaNGTFUqbdlJAWQONeJHS0ZUxFt.TUdNRI1rPou08Iw4Zb.J2', '215487789', 1),
('HS20190105', '$2b$10$aFYTzhTtNd3FxKVvYU/wceSYDnG4J0QxczfPeFLsOZY7hDMw8HwDO', '215487789', 1),
('HS20190201', '$2b$10$t3kxu7f4zPWSaTwEz2cQdeM/Sg55kC7Aq3FeChg13VvSolzXcNvnG', '215487789', 1),
('HS20190202', '$2b$10$Uq3VvcCI.GxjgrfDMEiOCu22oFZCeye.iFumzLW5GhFGFbCuwoE1C', '215487789', 1),
('HS20190203', '$2b$10$f4Kx1nytuecBWKakU6/6VO5J15GGOdPnJ7L0u92OQnWwQ9or.0JDi', '215487789', 1),
('HS20190204', '$2b$10$xPpStOZoUHxXL9O2uM99WOAgjpxDWwI6C8mIXfriP6bhGQ1GCi4im', '215487789', 1),
('HS20190205', '$2b$10$huKQGaQbc4Y9JEtA5465NOu2QdoGhDuPz4oSvZdnBBmbwhViFKfbe', '215487789', 1),
('HS20190301', '$2b$10$JO5ttevUY86Y8yBydlyiGOqWbKCATPMhOdWwjVhWmr0GTj6u7Evfe', '215487789', 1),
('HS20190302', '$2b$10$8Km9bhjjI3sa5Jz4NlCgCO7YbxbdSoG1H/vAM6FOFt4Fc4FraSCYK', '215487789', 1),
('HS20190303', '$2b$10$SDf2Sm9ASpFfPQF.Nec1QO93FCBOwcEaWBUKo6rw6QA5gZQjdN/Ci', '215487789', 1),
('HS20190304', '$2b$10$GX7288Q7Rsg8lQx8B/CfBuZRkY.735EHJQSh/u.lfU26XvqDM82Dy', '215487789', 1),
('HS20190305', '$2b$10$.R7fEak5QFZZbR7h3vQhOOZPhJwB7hOMiBMm6jhmI.lu2EfwlhmVK', '215487789', 1),
('HS20190401', '$2b$10$FD/KI7FXL4GT/JL0dpB3leS9aaqDw.m36U8CJSYLUZMC.zn5K1VGG', '215487789', 1),
('HS20190402', '$2b$10$4aGIOybtrOLR8Dq5v5iA5OTwo7tpaMa9n5YmOHFWkZRYi7YMJYxJO', '215487789', 1),
('HS20190403', '$2b$10$DCngthfP0lK/sYCSW3TcBuWw2rCb41VYlRlgOBqV8RpOECLzX6PLC', '215487789', 1),
('HS20190404', '$2b$10$97uP8Z7gY3OU45jUGQIukOYnzR2ux5.l4Z7r2zyYy88j6PKb7j2c.', '215487789', 1),
('HS20190405', '$2b$10$Z5w0A0roUmjmpd68z.taceSdJj0OupKkdFSt.td3qvHaC5zQybR5m', '215487789', 1),
('HS20200101', '$2b$10$G8lnoQ3pi1T6XqpXVAljqOVLfZ1SmPojpX3Dt5d99zbWNac.w53oO', '215487789', 1),
('HS20200102', '$2b$10$9vMfETbcPaPvGL3hr2ukQu.C.lLmzRD08qH13.YquhW8lbcW2jRF2', '215487789', 1),
('HS20200103', '$2b$10$cNg3Gdw1rCUEl7sBuPbPne928ksZqVoxudDhEqNUqEXFEt40I1nsi', '215487789', 1),
('HS20200104', '$2b$10$1oPuzxPSN2wKGuEzSvWXFeA3zYFNLS6OTcwEdwiVJfY73.wT/UxHa', '215487789', 1),
('HS20200105', '$2b$10$.H1OQQGgM4txeqJQ8EE.x.w73NVlxvCsZgraOwn5poDBQmeO1T/um', '215487789', 1),
('HS20200201', '$2b$10$2g/NKyohB7aMfOCgZu/XHuWONKInzfuTz84zBKiafEC9UUAYFxtim', '215487789', 1),
('HS20200202', '$2b$10$56kgPq.HO48ehnSduPPWzeQu3.HuofzeYjrAKj/BUySuuoiJkXxoy', '215487789', 1),
('HS20200203', '$2b$10$ZLnF2OHuvi6Y/wwC.8iQn.8AH.tyWvSIFVGlTNNT4HAiGD/Glv8cq', '215487789', 1),
('HS20200204', '$2b$10$gVJrb6B3AItWH253VSyNiuOBpVDtZmjp.Xko1xBLYULcQb7HkKrOW', '215487789', 1),
('HS20200205', '$2b$10$pkVcTNdWzaR8Sh49wOcpSu5ycXG3b1W6Y07dhPlf9Y.oXErAawzIu', '215487789', 1),
('HS20200301', '$2b$10$4JMMIGUE2SVJsme.o4cqvuRQDNumzjCreKwaQrbv8ctQOFFSzOuSS', '215487789', 1),
('HS20200302', '$2b$10$bKrclZhya8dQ9K1OQoo.BOGTdmj8LuO8CDSWibvNXVhhgP7BEHZX.', '215487789', 1),
('HS20200303', '$2b$10$VQcjs5EEPxx1YL4OFY/tCe6EoT8klHSzP8tGjUecUm6.zskTAZ11e', '215487789', 1),
('HS20200304', '$2b$10$rzeXBcQeKU0R7Xg9lSvffOxXbAbpdaVJGQGmoKAeQLou8UkRcK20a', '215487789', 1),
('HS20200305', '$2b$10$RHDrmTFMi./KPwC6hUzp2u1XnQA3EZz5tW8rO6hPQv5o8JJc/J4gK', '215487789', 1),
('HS20200401', '$2b$10$..By24QBkCrhEdVe8g06Ru35j378PRmiEy2.68cN9cfSXI9TzkytK', '215487789', 1),
('HS20200402', '$2b$10$4mM3Qac0opCzNndqlaWxhesNloqV3VplYlvZlX.RhI0Zp8dpr8nH6', '215487789', 1),
('HS20200403', '$2b$10$iOb9b7.mIk/cLxN2iqIq5.XWJaLot/ut2Vj1aAfO8hOHNpPKYbmma', '215487789', 1),
('HS20200404', '$2b$10$AtPVcAqZ9GajLZnNJyXMBuI8f7VEcdpvABLWzMGLPojIdeTN9n//S', '215487789', 1),
('HS20200405', '$2b$10$JkfHd5lk7FmBAM4ImFyY3uUaiw5Nmfn1coSbDrSs6dq2AVNDZDRtO', '215487789', 1),
('NV01', '$2b$10$mxPrmLJtP5z.AjaIbZdfgOOB/iBxgOY2kiq5zW1YC1m0N5Pl9XoQC', '215487789', 4),
('NV02', '$2b$10$U1wyOBZ.CFM6MrQMn9u1FeFUXzMA.i3i0MTFzQ80oXZuGbrNygoyK', '215487789', 4),
('admin', '$2b$10$gmTdGS8ljTW2B1h4dDU7.eC9bTCSPajkPwK5wLy5dRcIrkgLeNBTq', '215487789', 5);

-- --------------------------------------------------------

--
-- Cấu trúc bảng cho bảng `nguoithan`
--

CREATE TABLE `nguoithan` (
  `stt` int(11) NOT NULL,
  `mahs` varchar(15) COLLATE latin1_bin NOT NULL,
  `quanhe` varchar(30) CHARACTER SET utf8 COLLATE utf8_vietnamese_ci DEFAULT NULL,
  `hoten` varchar(50) CHARACTER SET utf8 COLLATE utf8_vietnamese_ci DEFAULT NULL,
  `sdt` varchar(11) COLLATE latin1_bin DEFAULT NULL
) ENGINE=InnoDB DEFAULT CHARSET=latin1 COLLATE=latin1_bin;

-- --------------------------------------------------------

--
-- Cấu trúc bảng cho bảng `nhanvien`
--

CREATE TABLE `nhanvien` (
  `manv` varchar(15) COLLATE latin1_bin NOT NULL,
  `hoten` varchar(50) CHARACTER SET utf8 COLLATE utf8_vietnamese_ci DEFAULT NULL,
  `ngaysinh` date DEFAULT NULL,
  `gioitinh` int(11) DEFAULT NULL,
  `diachi` varchar(100) CHARACTER SET utf8 COLLATE utf8_vietnamese_ci DEFAULT NULL,
  `sdt` varchar(11) COLLATE latin1_bin DEFAULT NULL,
  `trangthai` int(11) DEFAULT NULL,
  `maloainv` varchar(15) COLLATE latin1_bin DEFAULT NULL
) ENGINE=InnoDB DEFAULT CHARSET=latin1 COLLATE=latin1_bin;

--
-- Đang đổ dữ liệu cho bảng `nhanvien`
--

INSERT INTO `nhanvien` (`manv`, `hoten`, `ngaysinh`, `gioitinh`, `diachi`, `sdt`, `trangthai`, `maloainv`) VALUES
('NV01', 'Nguyễn Văn V', '1960-01-01', 1, '2 Bà Trưng, Hà Nội', 'null', 1, 'GiaoVu'),
('NV02', 'Nguyễn Văn V1', '1960-01-01', 1, 'Cầu Giấy, Hà Nội', '123456789', 1, 'GiaoVu'),
('admin', 'Admin', '2020-01-01', 1, 'admin', '0', 1, 'admin');

-- --------------------------------------------------------

--
-- Cấu trúc bảng cho bảng `phonghoc`
--

CREATE TABLE `phonghoc` (
  `maphong` varchar(15) COLLATE latin1_bin NOT NULL,
  `tenphong` varchar(50) COLLATE latin1_bin DEFAULT NULL,
  `loaiphong` varchar(15) COLLATE latin1_bin DEFAULT NULL
) ENGINE=InnoDB DEFAULT CHARSET=latin1 COLLATE=latin1_bin;

--
-- Đang đổ dữ liệu cho bảng `phonghoc`
--

INSERT INTO `phonghoc` (`maphong`, `tenphong`, `loaiphong`) VALUES
('01', 'A01', 'Thuong'),
('02', 'A02', 'Thuong'),
('03', 'A03', 'Thuong'),
('04', 'A04', 'Thuong'),
('05', 'B01', 'Thuong'),
('06', 'B02', 'Thuong'),
('07', 'B03', 'Thuong'),
('08', 'B04', 'Thuong'),
('09', 'B05', 'Thuong'),
('10', 'B06', 'Thuong'),
('11', 'C01', 'Thuong'),
('12', 'C02', 'Thuong');

-- --------------------------------------------------------

--
-- Cấu trúc bảng cho bảng `phongthi`
--

CREATE TABLE `phongthi` (
  `maphongthi` varchar(15) COLLATE latin1_bin NOT NULL,
  `phonghoc` varchar(15) COLLATE latin1_bin NOT NULL,
  `mahs` varchar(15) COLLATE latin1_bin NOT NULL,
  `mahk` int(11) NOT NULL,
  `nambd` int(11) NOT NULL,
  `namkt` int(11) NOT NULL
) ENGINE=InnoDB DEFAULT CHARSET=latin1 COLLATE=latin1_bin;

--
-- Đang đổ dữ liệu cho bảng `phongthi`
--

INSERT INTO `phongthi` (`maphongthi`, `phonghoc`, `mahs`, `mahk`, `nambd`, `namkt`) VALUES
('1001', '01', 'HS20190101', 2, 2019, 2020),
('1001', '01', 'HS20190102', 2, 2019, 2020),
('1001', '01', 'HS20190103', 2, 2019, 2020),
('1001', '01', 'HS20190104', 2, 2019, 2020),
('1001', '01', 'HS20190105', 2, 2019, 2020),
('1001', '01', 'HS20190201', 2, 2019, 2020),
('1001', '01', 'HS20190202', 2, 2019, 2020),
('1001', '01', 'HS20190203', 2, 2019, 2020),
('1001', '01', 'HS20190204', 2, 2019, 2020),
('1001', '01', 'HS20190205', 2, 2019, 2020),
('1002', '02', 'HS20190301', 2, 2019, 2020),
('1002', '02', 'HS20190302', 2, 2019, 2020),
('1002', '02', 'HS20190303', 2, 2019, 2020),
('1002', '02', 'HS20190304', 2, 2019, 2020),
('1002', '02', 'HS20190305', 2, 2019, 2020),
('1002', '02', 'HS20190401', 2, 2019, 2020),
('1002', '02', 'HS20190402', 2, 2019, 2020),
('1002', '02', 'HS20190403', 2, 2019, 2020),
('1002', '02', 'HS20190404', 2, 2019, 2020),
('1002', '02', 'HS20190405', 2, 2019, 2020),
('1101', '01', 'HS20180301', 2, 2019, 2020),
('1101', '01', 'HS20180302', 2, 2019, 2020),
('1101', '01', 'HS20180303', 2, 2019, 2020),
('1101', '01', 'HS20180304', 2, 2019, 2020),
('1101', '01', 'HS20180305', 2, 2019, 2020),
('1101', '01', 'HS20180401', 2, 2019, 2020),
('1101', '01', 'HS20180402', 2, 2019, 2020),
('1101', '01', 'HS20180403', 2, 2019, 2020),
('1101', '01', 'HS20180404', 2, 2019, 2020),
('1101', '01', 'HS20180405', 2, 2019, 2020),
('1102', '02', 'HS20180101', 2, 2019, 2020),
('1102', '02', 'HS20180102', 2, 2019, 2020),
('1102', '02', 'HS20180103', 2, 2019, 2020),
('1102', '02', 'HS20180104', 2, 2019, 2020),
('1102', '02', 'HS20180105', 2, 2019, 2020),
('1102', '02', 'HS20180201', 2, 2019, 2020),
('1102', '02', 'HS20180202', 2, 2019, 2020),
('1102', '02', 'HS20180203', 2, 2019, 2020),
('1102', '02', 'HS20180204', 2, 2019, 2020),
('1102', '02', 'HS20180205', 2, 2019, 2020);

-- --------------------------------------------------------

--
-- Cấu trúc bảng cho bảng `phuckhao`
--

CREATE TABLE `phuckhao` (
  `mapk` varchar(36) COLLATE latin1_bin NOT NULL,
  `mahs` varchar(15) COLLATE latin1_bin NOT NULL,
  `magv` varchar(15) COLLATE latin1_bin NOT NULL,
  `mabm` varchar(15) COLLATE latin1_bin NOT NULL,
  `mahk` int(11) NOT NULL,
  `nambd` int(11) NOT NULL,
  `namkt` int(11) NOT NULL,
  `noidung` varchar(5000) CHARACTER SET utf8 COLLATE utf8_vietnamese_ci DEFAULT NULL,
  `phanhoi` varchar(5000) CHARACTER SET utf8 COLLATE utf8_vietnamese_ci DEFAULT NULL,
  `trangthai` int(11) DEFAULT NULL
) ENGINE=InnoDB DEFAULT CHARSET=latin1 COLLATE=latin1_bin;

-- --------------------------------------------------------

--
-- Cấu trúc bảng cho bảng `thoikhoabieu`
--

CREATE TABLE `thoikhoabieu` (
  `stt` int(11) NOT NULL,
  `mahk` int(11) NOT NULL,
  `nambd` int(11) NOT NULL,
  `namkt` int(11) NOT NULL,
  `magv` varchar(15) COLLATE latin1_bin DEFAULT NULL,
  `mabm` varchar(15) COLLATE latin1_bin DEFAULT NULL,
  `malop` varchar(15) COLLATE latin1_bin NOT NULL,
  `ngaytrongtuan` int(11) NOT NULL,
  `tiet` int(11) NOT NULL
) ENGINE=InnoDB DEFAULT CHARSET=latin1 COLLATE=latin1_bin;

--
-- Đang đổ dữ liệu cho bảng `thoikhoabieu`
--

INSERT INTO `thoikhoabieu` (`stt`, `mahk`, `nambd`, `namkt`, `magv`, `mabm`, `malop`, `ngaytrongtuan`, `tiet`) VALUES
(1, 2, 2019, 2020, 'GV01', 'Toan', 'LH201801', 1, 1),
(2, 2, 2019, 2020, 'GV01', 'Toan', 'LH201801', 1, 2),
(3, 2, 2019, 2020, 'GV01', 'Toan', 'LH201801', 2, 1),
(4, 2, 2019, 2020, 'GV01', 'Toan', 'LH201801', 2, 2),
(5, 2, 2019, 2020, 'GV01', 'Toan', 'LH201801', 3, 1),
(6, 2, 2019, 2020, 'GV01', 'Toan', 'LH201801', 3, 2),
(7, 2, 2019, 2020, 'GV01', 'Toan', 'LH201801', 4, 1),
(8, 2, 2019, 2020, 'GV01', 'Toan', 'LH201801', 4, 2),
(9, 2, 2019, 2020, 'GV01', 'Toan', 'LH201801', 5, 1),
(10, 2, 2019, 2020, 'GV01', 'Toan', 'LH201801', 5, 2),
(11, 2, 2019, 2020, 'GV01', 'Toan', 'LH201801', 6, 1),
(12, 2, 2019, 2020, 'GV01', 'Toan', 'LH201801', 6, 2),
(13, 1, 2020, 2021, NULL, NULL, 'LH202001', 3, 5),
(14, 1, 2020, 2021, NULL, NULL, 'LH202001', 1, 2),
(15, 1, 2020, 2021, NULL, NULL, 'LH202001', 2, 8),
(16, 1, 2020, 2021, NULL, NULL, 'LH202001', 1, 3),
(17, 1, 2020, 2021, NULL, NULL, 'LH202001', 1, 1),
(18, 1, 2020, 2021, NULL, NULL, 'LH202001', 1, 4),
(19, 1, 2020, 2021, NULL, NULL, 'LH202001', 1, 5),
(20, 1, 2020, 2021, NULL, NULL, 'LH202001', 1, 6),
(21, 1, 2020, 2021, NULL, NULL, 'LH202001', 1, 7),
(22, 1, 2020, 2021, NULL, NULL, 'LH202001', 1, 9),
(23, 1, 2020, 2021, NULL, NULL, 'LH202001', 1, 10),
(24, 1, 2020, 2021, NULL, NULL, 'LH202001', 2, 1),
(25, 1, 2020, 2021, NULL, NULL, 'LH202001', 2, 2),
(26, 1, 2020, 2021, NULL, NULL, 'LH202001', 3, 4),
(27, 1, 2020, 2021, NULL, NULL, 'LH202001', 3, 7),
(28, 1, 2020, 2021, NULL, NULL, 'LH202001', 2, 10),
(29, 1, 2020, 2021, NULL, NULL, 'LH202001', 2, 6),
(30, 1, 2020, 2021, NULL, NULL, 'LH202001', 2, 3),
(31, 1, 2020, 2021, NULL, NULL, 'LH202001', 2, 4),
(32, 1, 2020, 2021, NULL, NULL, 'LH202001', 2, 9),
(33, 1, 2020, 2021, NULL, NULL, 'LH202001', 3, 6),
(34, 1, 2020, 2021, NULL, NULL, 'LH202001', 2, 7),
(35, 1, 2020, 2021, NULL, NULL, 'LH202001', 3, 2),
(36, 1, 2020, 2021, NULL, NULL, 'LH202001', 3, 3),
(37, 1, 2020, 2021, NULL, NULL, 'LH202001', 1, 8),
(38, 1, 2020, 2021, NULL, NULL, 'LH202001', 2, 5),
(39, 1, 2020, 2021, NULL, NULL, 'LH202001', 3, 1),
(40, 1, 2020, 2021, NULL, NULL, 'LH202001', 4, 4),
(41, 1, 2020, 2021, NULL, NULL, 'LH202001', 4, 5),
(42, 1, 2020, 2021, NULL, NULL, 'LH202001', 4, 7),
(43, 1, 2020, 2021, NULL, NULL, 'LH202001', 4, 6),
(44, 1, 2020, 2021, NULL, NULL, 'LH202001', 4, 3),
(45, 1, 2020, 2021, NULL, NULL, 'LH202001', 4, 1),
(46, 1, 2020, 2021, NULL, NULL, 'LH202001', 3, 10),
(47, 1, 2020, 2021, NULL, NULL, 'LH202001', 3, 8),
(48, 1, 2020, 2021, NULL, NULL, 'LH202001', 4, 8),
(49, 1, 2020, 2021, NULL, NULL, 'LH202001', 4, 2),
(50, 1, 2020, 2021, NULL, NULL, 'LH202001', 3, 9),
(51, 1, 2020, 2021, NULL, NULL, 'LH202001', 4, 9),
(52, 1, 2020, 2021, NULL, NULL, 'LH202001', 4, 10),
(53, 1, 2020, 2021, NULL, NULL, 'LH202001', 5, 1),
(54, 1, 2020, 2021, NULL, NULL, 'LH202001', 5, 2),
(55, 1, 2020, 2021, NULL, NULL, 'LH202001', 5, 3),
(56, 1, 2020, 2021, NULL, NULL, 'LH202001', 5, 4),
(57, 1, 2020, 2021, NULL, NULL, 'LH202001', 5, 5),
(58, 1, 2020, 2021, NULL, NULL, 'LH202001', 5, 6),
(59, 1, 2020, 2021, NULL, NULL, 'LH202001', 5, 7),
(60, 1, 2020, 2021, NULL, NULL, 'LH202001', 5, 8),
(61, 1, 2020, 2021, NULL, NULL, 'LH202001', 5, 9),
(62, 1, 2020, 2021, NULL, NULL, 'LH202001', 5, 10),
(63, 1, 2020, 2021, NULL, NULL, 'LH202001', 6, 1),
(64, 1, 2020, 2021, NULL, NULL, 'LH202001', 6, 2),
(65, 1, 2020, 2021, NULL, NULL, 'LH202001', 6, 3),
(66, 1, 2020, 2021, NULL, NULL, 'LH202001', 6, 4),
(67, 1, 2020, 2021, NULL, NULL, 'LH202001', 6, 5),
(68, 1, 2020, 2021, NULL, NULL, 'LH202001', 6, 6),
(69, 1, 2020, 2021, NULL, NULL, 'LH202001', 6, 7),
(70, 1, 2020, 2021, NULL, NULL, 'LH202001', 6, 8),
(71, 1, 2020, 2021, NULL, NULL, 'LH202001', 6, 9),
(72, 1, 2020, 2021, NULL, NULL, 'LH202001', 6, 10),
(73, 1, 2020, 2021, NULL, NULL, 'LH202002', 1, 3),
(74, 1, 2020, 2021, NULL, NULL, 'LH202002', 1, 9),
(75, 1, 2020, 2021, NULL, NULL, 'LH202002', 5, 8),
(76, 1, 2020, 2021, NULL, NULL, 'LH202002', 6, 3),
(77, 1, 2020, 2021, NULL, NULL, 'LH202002', 1, 1),
(78, 1, 2020, 2021, NULL, NULL, 'LH202002', 1, 2),
(79, 1, 2020, 2021, NULL, NULL, 'LH202002', 1, 6),
(80, 1, 2020, 2021, NULL, NULL, 'LH202002', 1, 4),
(81, 1, 2020, 2021, NULL, NULL, 'LH202002', 1, 8),
(82, 1, 2020, 2021, NULL, NULL, 'LH202002', 1, 7),
(83, 1, 2020, 2021, NULL, NULL, 'LH202002', 2, 8),
(84, 1, 2020, 2021, NULL, NULL, 'LH202002', 1, 5),
(85, 1, 2020, 2021, NULL, NULL, 'LH202002', 2, 9),
(86, 1, 2020, 2021, NULL, NULL, 'LH202002', 2, 10),
(87, 1, 2020, 2021, NULL, NULL, 'LH202002', 3, 3),
(88, 1, 2020, 2021, NULL, NULL, 'LH202002', 3, 2),
(89, 1, 2020, 2021, NULL, NULL, 'LH202002', 3, 4),
(90, 1, 2020, 2021, NULL, NULL, 'LH202002', 4, 7),
(91, 1, 2020, 2021, NULL, NULL, 'LH202002', 5, 2),
(92, 1, 2020, 2021, NULL, NULL, 'LH202002', 5, 3),
(93, 1, 2020, 2021, NULL, NULL, 'LH202002', 5, 4),
(94, 1, 2020, 2021, NULL, NULL, 'LH202002', 5, 5),
(95, 1, 2020, 2021, NULL, NULL, 'LH202002', 5, 6),
(96, 1, 2020, 2021, NULL, NULL, 'LH202002', 5, 7),
(97, 1, 2020, 2021, NULL, NULL, 'LH202002', 2, 7),
(98, 1, 2020, 2021, NULL, NULL, 'LH202002', 2, 6),
(99, 1, 2020, 2021, NULL, NULL, 'LH202002', 2, 5),
(100, 1, 2020, 2021, NULL, NULL, 'LH202002', 2, 3),
(101, 1, 2020, 2021, NULL, NULL, 'LH202002', 2, 4),
(102, 1, 2020, 2021, NULL, NULL, 'LH202002', 2, 1),
(103, 1, 2020, 2021, NULL, NULL, 'LH202002', 2, 2),
(104, 1, 2020, 2021, NULL, NULL, 'LH202002', 1, 10),
(105, 1, 2020, 2021, NULL, NULL, 'LH202002', 5, 9),
(106, 1, 2020, 2021, NULL, NULL, 'LH202002', 3, 1),
(107, 1, 2020, 2021, NULL, NULL, 'LH202002', 4, 6),
(108, 1, 2020, 2021, NULL, NULL, 'LH202002', 4, 5),
(109, 1, 2020, 2021, NULL, NULL, 'LH202002', 4, 3),
(110, 1, 2020, 2021, NULL, NULL, 'LH202002', 3, 10),
(111, 1, 2020, 2021, NULL, NULL, 'LH202002', 4, 1),
(112, 1, 2020, 2021, NULL, NULL, 'LH202002', 3, 7),
(113, 1, 2020, 2021, NULL, NULL, 'LH202002', 3, 6),
(114, 1, 2020, 2021, NULL, NULL, 'LH202002', 3, 5),
(115, 1, 2020, 2021, NULL, NULL, 'LH202002', 4, 4),
(116, 1, 2020, 2021, NULL, NULL, 'LH202002', 3, 9),
(117, 1, 2020, 2021, NULL, NULL, 'LH202002', 4, 2),
(118, 1, 2020, 2021, NULL, NULL, 'LH202002', 3, 8),
(119, 1, 2020, 2021, NULL, NULL, 'LH202002', 5, 1),
(120, 1, 2020, 2021, NULL, NULL, 'LH202002', 4, 8),
(121, 1, 2020, 2021, NULL, NULL, 'LH202002', 4, 10),
(122, 1, 2020, 2021, NULL, NULL, 'LH202002', 4, 9),
(123, 1, 2020, 2021, NULL, NULL, 'LH202002', 6, 7),
(124, 1, 2020, 2021, NULL, NULL, 'LH202002', 6, 10),
(125, 1, 2020, 2021, NULL, NULL, 'LH202002', 6, 9),
(126, 1, 2020, 2021, NULL, NULL, 'LH202002', 6, 6),
(127, 1, 2020, 2021, NULL, NULL, 'LH202002', 6, 4),
(128, 1, 2020, 2021, NULL, NULL, 'LH202002', 6, 5),
(129, 1, 2020, 2021, NULL, NULL, 'LH202002', 6, 1),
(130, 1, 2020, 2021, NULL, NULL, 'LH202002', 6, 8),
(131, 1, 2020, 2021, NULL, NULL, 'LH202002', 6, 2),
(132, 1, 2020, 2021, NULL, NULL, 'LH202002', 5, 10),
(133, 1, 2020, 2021, NULL, NULL, 'LH202003', 3, 6),
(134, 1, 2020, 2021, NULL, NULL, 'LH202003', 1, 2),
(135, 1, 2020, 2021, NULL, NULL, 'LH202003', 1, 4),
(136, 1, 2020, 2021, NULL, NULL, 'LH202003', 1, 3),
(137, 1, 2020, 2021, NULL, NULL, 'LH202003', 1, 7),
(138, 1, 2020, 2021, NULL, NULL, 'LH202003', 1, 1),
(139, 1, 2020, 2021, NULL, NULL, 'LH202003', 1, 8),
(140, 1, 2020, 2021, NULL, NULL, 'LH202003', 2, 1),
(141, 1, 2020, 2021, NULL, NULL, 'LH202003', 1, 10),
(142, 1, 2020, 2021, NULL, NULL, 'LH202003', 1, 6),
(143, 1, 2020, 2021, NULL, NULL, 'LH202003', 1, 5),
(144, 1, 2020, 2021, NULL, NULL, 'LH202003', 2, 6),
(145, 1, 2020, 2021, NULL, NULL, 'LH202003', 2, 3),
(146, 1, 2020, 2021, NULL, NULL, 'LH202003', 2, 2),
(147, 1, 2020, 2021, NULL, NULL, 'LH202003', 2, 4),
(148, 1, 2020, 2021, NULL, NULL, 'LH202003', 1, 9),
(149, 1, 2020, 2021, NULL, NULL, 'LH202003', 2, 7),
(150, 1, 2020, 2021, NULL, NULL, 'LH202003', 2, 5),
(151, 1, 2020, 2021, NULL, NULL, 'LH202003', 2, 8),
(152, 1, 2020, 2021, NULL, NULL, 'LH202003', 2, 9),
(153, 1, 2020, 2021, NULL, NULL, 'LH202003', 2, 10),
(154, 1, 2020, 2021, NULL, NULL, 'LH202003', 3, 1),
(155, 1, 2020, 2021, NULL, NULL, 'LH202003', 3, 2),
(156, 1, 2020, 2021, NULL, NULL, 'LH202003', 3, 3),
(157, 1, 2020, 2021, NULL, NULL, 'LH202003', 3, 4),
(158, 1, 2020, 2021, NULL, NULL, 'LH202003', 3, 5),
(159, 1, 2020, 2021, NULL, NULL, 'LH202003', 3, 7),
(160, 1, 2020, 2021, NULL, NULL, 'LH202003', 3, 8),
(161, 1, 2020, 2021, NULL, NULL, 'LH202003', 3, 9),
(162, 1, 2020, 2021, NULL, NULL, 'LH202003', 5, 3),
(163, 1, 2020, 2021, NULL, NULL, 'LH202003', 3, 10),
(164, 1, 2020, 2021, NULL, NULL, 'LH202003', 4, 1),
(165, 1, 2020, 2021, NULL, NULL, 'LH202003', 4, 2),
(166, 1, 2020, 2021, NULL, NULL, 'LH202003', 4, 3),
(167, 1, 2020, 2021, NULL, NULL, 'LH202003', 4, 4),
(168, 1, 2020, 2021, NULL, NULL, 'LH202003', 4, 5),
(169, 1, 2020, 2021, NULL, NULL, 'LH202003', 4, 6),
(170, 1, 2020, 2021, NULL, NULL, 'LH202003', 4, 7),
(171, 1, 2020, 2021, NULL, NULL, 'LH202003', 4, 10),
(172, 1, 2020, 2021, NULL, NULL, 'LH202003', 4, 9),
(173, 1, 2020, 2021, NULL, NULL, 'LH202003', 4, 8),
(174, 1, 2020, 2021, NULL, NULL, 'LH202003', 5, 1),
(175, 1, 2020, 2021, NULL, NULL, 'LH202003', 5, 2),
(176, 1, 2020, 2021, NULL, NULL, 'LH202003', 5, 4),
(177, 1, 2020, 2021, NULL, NULL, 'LH202003', 5, 6),
(178, 1, 2020, 2021, NULL, NULL, 'LH202003', 5, 5),
(179, 1, 2020, 2021, NULL, NULL, 'LH202003', 5, 7),
(180, 1, 2020, 2021, NULL, NULL, 'LH202003', 5, 8),
(181, 1, 2020, 2021, NULL, NULL, 'LH202003', 5, 9),
(182, 1, 2020, 2021, NULL, NULL, 'LH202003', 5, 10),
(183, 1, 2020, 2021, NULL, NULL, 'LH202003', 6, 1),
(184, 1, 2020, 2021, NULL, NULL, 'LH202003', 6, 10),
(185, 1, 2020, 2021, NULL, NULL, 'LH202003', 6, 9),
(186, 1, 2020, 2021, NULL, NULL, 'LH202003', 6, 8),
(187, 1, 2020, 2021, NULL, NULL, 'LH202003', 6, 7),
(188, 1, 2020, 2021, NULL, NULL, 'LH202003', 6, 6),
(189, 1, 2020, 2021, NULL, NULL, 'LH202003', 6, 5),
(190, 1, 2020, 2021, NULL, NULL, 'LH202003', 6, 2),
(191, 1, 2020, 2021, NULL, NULL, 'LH202003', 6, 3),
(192, 1, 2020, 2021, NULL, NULL, 'LH202003', 6, 4),
(193, 1, 2020, 2021, NULL, NULL, 'LH202004', 6, 3),
(194, 1, 2020, 2021, NULL, NULL, 'LH202004', 1, 1),
(195, 1, 2020, 2021, NULL, NULL, 'LH202004', 1, 2),
(196, 1, 2020, 2021, NULL, NULL, 'LH202004', 1, 3),
(197, 1, 2020, 2021, NULL, NULL, 'LH202004', 1, 4),
(198, 1, 2020, 2021, NULL, NULL, 'LH202004', 1, 5),
(199, 1, 2020, 2021, NULL, NULL, 'LH202004', 1, 6),
(200, 1, 2020, 2021, NULL, NULL, 'LH202004', 1, 7),
(201, 1, 2020, 2021, NULL, NULL, 'LH202004', 1, 8),
(202, 1, 2020, 2021, NULL, NULL, 'LH202004', 1, 9),
(203, 1, 2020, 2021, NULL, NULL, 'LH202004', 1, 10),
(204, 1, 2020, 2021, NULL, NULL, 'LH202004', 2, 1),
(205, 1, 2020, 2021, NULL, NULL, 'LH202004', 2, 2),
(206, 1, 2020, 2021, NULL, NULL, 'LH202004', 2, 3),
(207, 1, 2020, 2021, NULL, NULL, 'LH202004', 2, 4),
(208, 1, 2020, 2021, NULL, NULL, 'LH202004', 2, 5),
(209, 1, 2020, 2021, NULL, NULL, 'LH202004', 2, 6),
(210, 1, 2020, 2021, NULL, NULL, 'LH202004', 2, 7),
(211, 1, 2020, 2021, NULL, NULL, 'LH202004', 2, 8),
(212, 1, 2020, 2021, NULL, NULL, 'LH202004', 2, 9),
(213, 1, 2020, 2021, NULL, NULL, 'LH202004', 2, 10),
(214, 1, 2020, 2021, NULL, NULL, 'LH202004', 3, 1),
(215, 1, 2020, 2021, NULL, NULL, 'LH202004', 3, 2),
(216, 1, 2020, 2021, NULL, NULL, 'LH202004', 3, 3),
(217, 1, 2020, 2021, NULL, NULL, 'LH202004', 3, 4),
(218, 1, 2020, 2021, NULL, NULL, 'LH202004', 3, 5),
(219, 1, 2020, 2021, NULL, NULL, 'LH202004', 3, 6),
(220, 1, 2020, 2021, NULL, NULL, 'LH202004', 3, 7),
(221, 1, 2020, 2021, NULL, NULL, 'LH202004', 3, 8),
(222, 1, 2020, 2021, NULL, NULL, 'LH202004', 3, 9),
(223, 1, 2020, 2021, NULL, NULL, 'LH202004', 3, 10),
(224, 1, 2020, 2021, NULL, NULL, 'LH202004', 4, 1),
(225, 1, 2020, 2021, NULL, NULL, 'LH202004', 4, 2),
(226, 1, 2020, 2021, NULL, NULL, 'LH202004', 4, 3),
(227, 1, 2020, 2021, NULL, NULL, 'LH202004', 4, 4),
(228, 1, 2020, 2021, NULL, NULL, 'LH202004', 4, 5),
(229, 1, 2020, 2021, NULL, NULL, 'LH202004', 4, 6),
(230, 1, 2020, 2021, NULL, NULL, 'LH202004', 4, 7),
(231, 1, 2020, 2021, NULL, NULL, 'LH202004', 4, 8),
(232, 1, 2020, 2021, NULL, NULL, 'LH202004', 4, 9),
(233, 1, 2020, 2021, NULL, NULL, 'LH202004', 4, 10),
(234, 1, 2020, 2021, NULL, NULL, 'LH202004', 5, 1),
(235, 1, 2020, 2021, NULL, NULL, 'LH202004', 5, 2),
(236, 1, 2020, 2021, NULL, NULL, 'LH202004', 5, 3),
(237, 1, 2020, 2021, NULL, NULL, 'LH202004', 5, 4),
(238, 1, 2020, 2021, NULL, NULL, 'LH202004', 5, 5),
(239, 1, 2020, 2021, NULL, NULL, 'LH202004', 5, 6),
(240, 1, 2020, 2021, NULL, NULL, 'LH202004', 5, 7),
(241, 1, 2020, 2021, NULL, NULL, 'LH202004', 5, 8),
(242, 1, 2020, 2021, NULL, NULL, 'LH202004', 5, 9),
(243, 1, 2020, 2021, NULL, NULL, 'LH202004', 5, 10),
(244, 1, 2020, 2021, NULL, NULL, 'LH202004', 6, 1),
(245, 1, 2020, 2021, NULL, NULL, 'LH202004', 6, 2),
(246, 1, 2020, 2021, NULL, NULL, 'LH202004', 6, 4),
(247, 1, 2020, 2021, NULL, NULL, 'LH202004', 6, 5),
(248, 1, 2020, 2021, NULL, NULL, 'LH202004', 6, 6),
(249, 1, 2020, 2021, NULL, NULL, 'LH202004', 6, 7),
(250, 1, 2020, 2021, NULL, NULL, 'LH202004', 6, 8),
(251, 1, 2020, 2021, NULL, NULL, 'LH202004', 6, 9),
(252, 1, 2020, 2021, NULL, NULL, 'LH202004', 6, 10),
(253, 1, 2020, 2021, NULL, NULL, 'LH201901', 1, 10),
(254, 1, 2020, 2021, NULL, NULL, 'LH201901', 1, 7),
(255, 1, 2020, 2021, NULL, NULL, 'LH201901', 1, 9),
(256, 1, 2020, 2021, NULL, NULL, 'LH201901', 1, 8),
(257, 1, 2020, 2021, NULL, NULL, 'LH201901', 1, 6),
(258, 1, 2020, 2021, NULL, NULL, 'LH201901', 1, 5),
(259, 1, 2020, 2021, NULL, NULL, 'LH201901', 3, 5),
(260, 1, 2020, 2021, NULL, NULL, 'LH201901', 3, 6),
(261, 1, 2020, 2021, NULL, NULL, 'LH201901', 3, 8),
(262, 1, 2020, 2021, NULL, NULL, 'LH201901', 3, 7),
(263, 1, 2020, 2021, NULL, NULL, 'LH201901', 3, 9),
(264, 1, 2020, 2021, NULL, NULL, 'LH201901', 4, 1),
(265, 1, 2020, 2021, NULL, NULL, 'LH201901', 3, 10),
(266, 1, 2020, 2021, NULL, NULL, 'LH201901', 4, 2),
(267, 1, 2020, 2021, NULL, NULL, 'LH201901', 4, 3),
(268, 1, 2020, 2021, NULL, NULL, 'LH201901', 4, 4),
(269, 1, 2020, 2021, NULL, NULL, 'LH201901', 4, 5),
(270, 1, 2020, 2021, NULL, NULL, 'LH201901', 4, 6),
(271, 1, 2020, 2021, NULL, NULL, 'LH201901', 4, 7),
(272, 1, 2020, 2021, NULL, NULL, 'LH201901', 4, 8),
(273, 1, 2020, 2021, NULL, NULL, 'LH201901', 4, 9),
(274, 1, 2020, 2021, NULL, NULL, 'LH201901', 4, 10),
(275, 1, 2020, 2021, NULL, NULL, 'LH201901', 5, 1),
(276, 1, 2020, 2021, NULL, NULL, 'LH201901', 5, 2),
(277, 1, 2020, 2021, NULL, NULL, 'LH201901', 5, 3),
(278, 1, 2020, 2021, NULL, NULL, 'LH201901', 5, 6),
(279, 1, 2020, 2021, NULL, NULL, 'LH201901', 5, 5),
(280, 1, 2020, 2021, NULL, NULL, 'LH201901', 5, 4),
(281, 1, 2020, 2021, NULL, NULL, 'LH201901', 5, 8),
(282, 1, 2020, 2021, NULL, NULL, 'LH201901', 5, 7),
(283, 1, 2020, 2021, NULL, NULL, 'LH201901', 1, 1),
(284, 1, 2020, 2021, NULL, NULL, 'LH201901', 1, 3),
(285, 1, 2020, 2021, NULL, NULL, 'LH201901', 1, 2),
(286, 1, 2020, 2021, NULL, NULL, 'LH201901', 1, 4),
(287, 1, 2020, 2021, NULL, NULL, 'LH201901', 6, 1),
(288, 1, 2020, 2021, NULL, NULL, 'LH201901', 6, 2),
(289, 1, 2020, 2021, NULL, NULL, 'LH201901', 6, 3),
(290, 1, 2020, 2021, NULL, NULL, 'LH201901', 6, 5),
(291, 1, 2020, 2021, NULL, NULL, 'LH201901', 6, 7),
(292, 1, 2020, 2021, NULL, NULL, 'LH201901', 6, 6),
(293, 1, 2020, 2021, NULL, NULL, 'LH201901', 3, 4),
(294, 1, 2020, 2021, NULL, NULL, 'LH201901', 3, 1),
(295, 1, 2020, 2021, NULL, NULL, 'LH201901', 3, 3),
(296, 1, 2020, 2021, NULL, NULL, 'LH201901', 3, 2),
(297, 1, 2020, 2021, NULL, NULL, 'LH201901', 2, 9),
(298, 1, 2020, 2021, NULL, NULL, 'LH201901', 2, 10),
(299, 1, 2020, 2021, NULL, NULL, 'LH201901', 2, 8),
(300, 1, 2020, 2021, NULL, NULL, 'LH201901', 2, 6),
(301, 1, 2020, 2021, NULL, NULL, 'LH201901', 2, 7),
(302, 1, 2020, 2021, NULL, NULL, 'LH201901', 2, 4),
(303, 1, 2020, 2021, NULL, NULL, 'LH201901', 2, 5),
(304, 1, 2020, 2021, NULL, NULL, 'LH201901', 2, 3),
(305, 1, 2020, 2021, NULL, NULL, 'LH201901', 2, 2),
(306, 1, 2020, 2021, NULL, NULL, 'LH201901', 2, 1),
(307, 1, 2020, 2021, NULL, NULL, 'LH201901', 6, 10),
(308, 1, 2020, 2021, NULL, NULL, 'LH201901', 5, 9),
(309, 1, 2020, 2021, NULL, NULL, 'LH201901', 5, 10),
(310, 1, 2020, 2021, NULL, NULL, 'LH201901', 6, 4),
(311, 1, 2020, 2021, NULL, NULL, 'LH201901', 6, 9),
(312, 1, 2020, 2021, NULL, NULL, 'LH201901', 6, 8),
(313, 1, 2020, 2021, NULL, NULL, 'LH201902', 1, 4),
(314, 1, 2020, 2021, NULL, NULL, 'LH201902', 1, 6),
(315, 1, 2020, 2021, NULL, NULL, 'LH201902', 1, 3),
(316, 1, 2020, 2021, NULL, NULL, 'LH201902', 1, 5),
(317, 1, 2020, 2021, NULL, NULL, 'LH201902', 1, 2),
(318, 1, 2020, 2021, NULL, NULL, 'LH201902', 1, 1),
(319, 1, 2020, 2021, NULL, NULL, 'LH201902', 1, 7),
(320, 1, 2020, 2021, NULL, NULL, 'LH201902', 1, 9),
(321, 1, 2020, 2021, NULL, NULL, 'LH201902', 1, 8),
(322, 1, 2020, 2021, NULL, NULL, 'LH201902', 1, 10),
(323, 1, 2020, 2021, NULL, NULL, 'LH201902', 2, 1),
(324, 1, 2020, 2021, NULL, NULL, 'LH201902', 2, 2),
(325, 1, 2020, 2021, NULL, NULL, 'LH201902', 2, 3),
(326, 1, 2020, 2021, NULL, NULL, 'LH201902', 2, 4),
(327, 1, 2020, 2021, NULL, NULL, 'LH201902', 2, 5),
(328, 1, 2020, 2021, NULL, NULL, 'LH201902', 2, 6),
(329, 1, 2020, 2021, NULL, NULL, 'LH201902', 2, 7),
(330, 1, 2020, 2021, NULL, NULL, 'LH201902', 2, 8),
(331, 1, 2020, 2021, NULL, NULL, 'LH201902', 2, 9),
(332, 1, 2020, 2021, NULL, NULL, 'LH201902', 2, 10),
(333, 1, 2020, 2021, NULL, NULL, 'LH201902', 3, 1),
(334, 1, 2020, 2021, NULL, NULL, 'LH201902', 3, 2),
(335, 1, 2020, 2021, NULL, NULL, 'LH201902', 3, 3),
(336, 1, 2020, 2021, NULL, NULL, 'LH201902', 3, 4),
(337, 1, 2020, 2021, NULL, NULL, 'LH201902', 3, 5),
(338, 1, 2020, 2021, NULL, NULL, 'LH201902', 3, 6),
(339, 1, 2020, 2021, NULL, NULL, 'LH201902', 3, 7),
(340, 1, 2020, 2021, NULL, NULL, 'LH201902', 3, 8),
(341, 1, 2020, 2021, NULL, NULL, 'LH201902', 3, 9),
(342, 1, 2020, 2021, NULL, NULL, 'LH201902', 3, 10),
(343, 1, 2020, 2021, NULL, NULL, 'LH201902', 4, 1),
(344, 1, 2020, 2021, NULL, NULL, 'LH201902', 4, 2),
(345, 1, 2020, 2021, NULL, NULL, 'LH201902', 4, 3),
(346, 1, 2020, 2021, NULL, NULL, 'LH201902', 4, 4),
(347, 1, 2020, 2021, NULL, NULL, 'LH201902', 4, 5),
(348, 1, 2020, 2021, NULL, NULL, 'LH201902', 4, 6),
(349, 1, 2020, 2021, NULL, NULL, 'LH201902', 4, 7),
(350, 1, 2020, 2021, NULL, NULL, 'LH201902', 4, 8),
(351, 1, 2020, 2021, NULL, NULL, 'LH201902', 4, 9),
(352, 1, 2020, 2021, NULL, NULL, 'LH201902', 4, 10),
(353, 1, 2020, 2021, NULL, NULL, 'LH201902', 5, 1),
(354, 1, 2020, 2021, NULL, NULL, 'LH201902', 5, 2),
(355, 1, 2020, 2021, NULL, NULL, 'LH201902', 5, 3),
(356, 1, 2020, 2021, NULL, NULL, 'LH201902', 5, 4),
(357, 1, 2020, 2021, NULL, NULL, 'LH201902', 5, 5),
(358, 1, 2020, 2021, NULL, NULL, 'LH201902', 5, 6),
(359, 1, 2020, 2021, NULL, NULL, 'LH201902', 5, 7),
(360, 1, 2020, 2021, NULL, NULL, 'LH201902', 5, 8),
(361, 1, 2020, 2021, NULL, NULL, 'LH201902', 5, 9),
(362, 1, 2020, 2021, NULL, NULL, 'LH201902', 5, 10),
(363, 1, 2020, 2021, NULL, NULL, 'LH201902', 6, 1),
(364, 1, 2020, 2021, NULL, NULL, 'LH201902', 6, 2),
(365, 1, 2020, 2021, NULL, NULL, 'LH201902', 6, 3),
(366, 1, 2020, 2021, NULL, NULL, 'LH201902', 6, 4),
(367, 1, 2020, 2021, NULL, NULL, 'LH201902', 6, 5),
(368, 1, 2020, 2021, NULL, NULL, 'LH201902', 6, 6),
(369, 1, 2020, 2021, NULL, NULL, 'LH201902', 6, 7),
(370, 1, 2020, 2021, NULL, NULL, 'LH201902', 6, 8),
(371, 1, 2020, 2021, NULL, NULL, 'LH201902', 6, 9),
(372, 1, 2020, 2021, NULL, NULL, 'LH201902', 6, 10),
(373, 1, 2020, 2021, NULL, NULL, 'LH201903', 1, 1),
(374, 1, 2020, 2021, NULL, NULL, 'LH201903', 1, 2),
(375, 1, 2020, 2021, NULL, NULL, 'LH201903', 1, 3),
(376, 1, 2020, 2021, NULL, NULL, 'LH201903', 1, 4),
(377, 1, 2020, 2021, NULL, NULL, 'LH201903', 1, 5),
(378, 1, 2020, 2021, NULL, NULL, 'LH201903', 1, 6),
(379, 1, 2020, 2021, NULL, NULL, 'LH201903', 1, 7),
(380, 1, 2020, 2021, NULL, NULL, 'LH201903', 1, 8),
(381, 1, 2020, 2021, NULL, NULL, 'LH201903', 1, 9),
(382, 1, 2020, 2021, NULL, NULL, 'LH201903', 1, 10),
(383, 1, 2020, 2021, NULL, NULL, 'LH201903', 2, 1),
(384, 1, 2020, 2021, NULL, NULL, 'LH201903', 2, 2),
(385, 1, 2020, 2021, NULL, NULL, 'LH201903', 2, 3),
(386, 1, 2020, 2021, NULL, NULL, 'LH201903', 2, 4),
(387, 1, 2020, 2021, NULL, NULL, 'LH201903', 2, 5),
(388, 1, 2020, 2021, NULL, NULL, 'LH201903', 2, 6),
(389, 1, 2020, 2021, NULL, NULL, 'LH201903', 2, 7),
(390, 1, 2020, 2021, NULL, NULL, 'LH201903', 2, 8),
(391, 1, 2020, 2021, NULL, NULL, 'LH201903', 2, 9),
(392, 1, 2020, 2021, NULL, NULL, 'LH201903', 2, 10),
(393, 1, 2020, 2021, NULL, NULL, 'LH201903', 3, 1),
(394, 1, 2020, 2021, NULL, NULL, 'LH201903', 3, 2),
(395, 1, 2020, 2021, NULL, NULL, 'LH201903', 3, 3),
(396, 1, 2020, 2021, NULL, NULL, 'LH201903', 3, 4),
(397, 1, 2020, 2021, NULL, NULL, 'LH201903', 3, 5),
(398, 1, 2020, 2021, NULL, NULL, 'LH201903', 3, 6),
(399, 1, 2020, 2021, NULL, NULL, 'LH201903', 3, 7),
(400, 1, 2020, 2021, NULL, NULL, 'LH201903', 3, 8),
(401, 1, 2020, 2021, NULL, NULL, 'LH201903', 3, 9),
(402, 1, 2020, 2021, NULL, NULL, 'LH201903', 3, 10),
(403, 1, 2020, 2021, NULL, NULL, 'LH201903', 4, 1),
(404, 1, 2020, 2021, NULL, NULL, 'LH201903', 4, 2),
(405, 1, 2020, 2021, NULL, NULL, 'LH201903', 4, 3),
(406, 1, 2020, 2021, NULL, NULL, 'LH201903', 4, 4),
(407, 1, 2020, 2021, NULL, NULL, 'LH201903', 4, 5),
(408, 1, 2020, 2021, NULL, NULL, 'LH201903', 4, 6),
(409, 1, 2020, 2021, NULL, NULL, 'LH201903', 4, 7),
(410, 1, 2020, 2021, NULL, NULL, 'LH201903', 4, 8),
(411, 1, 2020, 2021, NULL, NULL, 'LH201903', 4, 9),
(412, 1, 2020, 2021, NULL, NULL, 'LH201903', 4, 10),
(413, 1, 2020, 2021, NULL, NULL, 'LH201903', 5, 1),
(414, 1, 2020, 2021, NULL, NULL, 'LH201903', 5, 2),
(415, 1, 2020, 2021, NULL, NULL, 'LH201903', 5, 3),
(416, 1, 2020, 2021, NULL, NULL, 'LH201903', 5, 4),
(417, 1, 2020, 2021, NULL, NULL, 'LH201903', 5, 5),
(418, 1, 2020, 2021, NULL, NULL, 'LH201903', 5, 6),
(419, 1, 2020, 2021, NULL, NULL, 'LH201903', 5, 7),
(420, 1, 2020, 2021, NULL, NULL, 'LH201903', 5, 8),
(421, 1, 2020, 2021, NULL, NULL, 'LH201903', 5, 9),
(422, 1, 2020, 2021, NULL, NULL, 'LH201903', 5, 10),
(423, 1, 2020, 2021, NULL, NULL, 'LH201903', 6, 1),
(424, 1, 2020, 2021, NULL, NULL, 'LH201903', 6, 2),
(425, 1, 2020, 2021, NULL, NULL, 'LH201903', 6, 3),
(426, 1, 2020, 2021, NULL, NULL, 'LH201903', 6, 4),
(427, 1, 2020, 2021, NULL, NULL, 'LH201903', 6, 5),
(428, 1, 2020, 2021, NULL, NULL, 'LH201903', 6, 6),
(429, 1, 2020, 2021, NULL, NULL, 'LH201903', 6, 7),
(430, 1, 2020, 2021, NULL, NULL, 'LH201903', 6, 8),
(431, 1, 2020, 2021, NULL, NULL, 'LH201903', 6, 9),
(432, 1, 2020, 2021, NULL, NULL, 'LH201903', 6, 10),
(433, 1, 2020, 2021, NULL, NULL, 'LH201904', 1, 1),
(434, 1, 2020, 2021, NULL, NULL, 'LH201904', 1, 2),
(435, 1, 2020, 2021, NULL, NULL, 'LH201904', 1, 3),
(436, 1, 2020, 2021, NULL, NULL, 'LH201904', 1, 4),
(437, 1, 2020, 2021, NULL, NULL, 'LH201904', 1, 5),
(438, 1, 2020, 2021, NULL, NULL, 'LH201904', 1, 6),
(439, 1, 2020, 2021, NULL, NULL, 'LH201904', 1, 7),
(440, 1, 2020, 2021, NULL, NULL, 'LH201904', 1, 8),
(441, 1, 2020, 2021, NULL, NULL, 'LH201904', 1, 9),
(442, 1, 2020, 2021, NULL, NULL, 'LH201904', 1, 10),
(443, 1, 2020, 2021, NULL, NULL, 'LH201904', 2, 1),
(444, 1, 2020, 2021, NULL, NULL, 'LH201904', 2, 2),
(445, 1, 2020, 2021, NULL, NULL, 'LH201904', 2, 3),
(446, 1, 2020, 2021, NULL, NULL, 'LH201904', 2, 4),
(447, 1, 2020, 2021, NULL, NULL, 'LH201904', 2, 5),
(448, 1, 2020, 2021, NULL, NULL, 'LH201904', 2, 8),
(449, 1, 2020, 2021, NULL, NULL, 'LH201904', 2, 7),
(450, 1, 2020, 2021, NULL, NULL, 'LH201904', 2, 6),
(451, 1, 2020, 2021, NULL, NULL, 'LH201904', 2, 9),
(452, 1, 2020, 2021, NULL, NULL, 'LH201904', 2, 10),
(453, 1, 2020, 2021, NULL, NULL, 'LH201904', 3, 1),
(454, 1, 2020, 2021, NULL, NULL, 'LH201904', 3, 2),
(455, 1, 2020, 2021, NULL, NULL, 'LH201904', 3, 3),
(456, 1, 2020, 2021, NULL, NULL, 'LH201904', 3, 4),
(457, 1, 2020, 2021, NULL, NULL, 'LH201904', 3, 5),
(458, 1, 2020, 2021, NULL, NULL, 'LH201904', 3, 6),
(459, 1, 2020, 2021, NULL, NULL, 'LH201904', 3, 7),
(460, 1, 2020, 2021, NULL, NULL, 'LH201904', 3, 8),
(461, 1, 2020, 2021, NULL, NULL, 'LH201904', 3, 9),
(462, 1, 2020, 2021, NULL, NULL, 'LH201904', 3, 10),
(463, 1, 2020, 2021, NULL, NULL, 'LH201904', 4, 1),
(464, 1, 2020, 2021, NULL, NULL, 'LH201904', 4, 2),
(465, 1, 2020, 2021, NULL, NULL, 'LH201904', 4, 3),
(466, 1, 2020, 2021, NULL, NULL, 'LH201904', 4, 4),
(467, 1, 2020, 2021, NULL, NULL, 'LH201904', 4, 5),
(468, 1, 2020, 2021, NULL, NULL, 'LH201904', 4, 6),
(469, 1, 2020, 2021, NULL, NULL, 'LH201904', 4, 7),
(470, 1, 2020, 2021, NULL, NULL, 'LH201904', 4, 8),
(471, 1, 2020, 2021, NULL, NULL, 'LH201904', 4, 9),
(472, 1, 2020, 2021, NULL, NULL, 'LH201904', 4, 10),
(473, 1, 2020, 2021, NULL, NULL, 'LH201904', 5, 1),
(474, 1, 2020, 2021, NULL, NULL, 'LH201904', 5, 2),
(475, 1, 2020, 2021, NULL, NULL, 'LH201904', 5, 3),
(476, 1, 2020, 2021, NULL, NULL, 'LH201904', 5, 4),
(477, 1, 2020, 2021, NULL, NULL, 'LH201904', 5, 5),
(478, 1, 2020, 2021, NULL, NULL, 'LH201904', 5, 6),
(479, 1, 2020, 2021, NULL, NULL, 'LH201904', 5, 7),
(480, 1, 2020, 2021, NULL, NULL, 'LH201904', 5, 8),
(481, 1, 2020, 2021, NULL, NULL, 'LH201904', 5, 9),
(482, 1, 2020, 2021, NULL, NULL, 'LH201904', 5, 10),
(483, 1, 2020, 2021, NULL, NULL, 'LH201904', 6, 1),
(484, 1, 2020, 2021, NULL, NULL, 'LH201904', 6, 2),
(485, 1, 2020, 2021, NULL, NULL, 'LH201904', 6, 3),
(486, 1, 2020, 2021, NULL, NULL, 'LH201904', 6, 4),
(487, 1, 2020, 2021, NULL, NULL, 'LH201904', 6, 5),
(488, 1, 2020, 2021, NULL, NULL, 'LH201904', 6, 6),
(489, 1, 2020, 2021, NULL, NULL, 'LH201904', 6, 7),
(490, 1, 2020, 2021, NULL, NULL, 'LH201904', 6, 8),
(491, 1, 2020, 2021, NULL, NULL, 'LH201904', 6, 9),
(492, 1, 2020, 2021, NULL, NULL, 'LH201904', 6, 10),
(493, 1, 2020, 2021, NULL, NULL, 'LH201801', 1, 1),
(494, 1, 2020, 2021, NULL, NULL, 'LH201801', 1, 2),
(495, 1, 2020, 2021, NULL, NULL, 'LH201801', 1, 3),
(496, 1, 2020, 2021, NULL, NULL, 'LH201801', 1, 4),
(497, 1, 2020, 2021, NULL, NULL, 'LH201801', 1, 5),
(498, 1, 2020, 2021, NULL, NULL, 'LH201801', 1, 6),
(499, 1, 2020, 2021, NULL, NULL, 'LH201801', 1, 7),
(500, 1, 2020, 2021, NULL, NULL, 'LH201801', 1, 8),
(501, 1, 2020, 2021, NULL, NULL, 'LH201801', 1, 9),
(502, 1, 2020, 2021, NULL, NULL, 'LH201801', 1, 10),
(503, 1, 2020, 2021, NULL, NULL, 'LH201801', 2, 1),
(504, 1, 2020, 2021, NULL, NULL, 'LH201801', 2, 2),
(505, 1, 2020, 2021, NULL, NULL, 'LH201801', 2, 3),
(506, 1, 2020, 2021, NULL, NULL, 'LH201801', 2, 4),
(507, 1, 2020, 2021, NULL, NULL, 'LH201801', 2, 5),
(508, 1, 2020, 2021, NULL, NULL, 'LH201801', 2, 6),
(509, 1, 2020, 2021, NULL, NULL, 'LH201801', 2, 7),
(510, 1, 2020, 2021, NULL, NULL, 'LH201801', 2, 8),
(511, 1, 2020, 2021, NULL, NULL, 'LH201801', 2, 9),
(512, 1, 2020, 2021, NULL, NULL, 'LH201801', 2, 10),
(513, 1, 2020, 2021, NULL, NULL, 'LH201801', 3, 1),
(514, 1, 2020, 2021, NULL, NULL, 'LH201801', 3, 2),
(515, 1, 2020, 2021, NULL, NULL, 'LH201801', 3, 3),
(516, 1, 2020, 2021, NULL, NULL, 'LH201801', 3, 4),
(517, 1, 2020, 2021, NULL, NULL, 'LH201801', 3, 5),
(518, 1, 2020, 2021, NULL, NULL, 'LH201801', 3, 6),
(519, 1, 2020, 2021, NULL, NULL, 'LH201801', 3, 7),
(520, 1, 2020, 2021, NULL, NULL, 'LH201801', 3, 8),
(521, 1, 2020, 2021, NULL, NULL, 'LH201801', 3, 9),
(522, 1, 2020, 2021, NULL, NULL, 'LH201801', 3, 10),
(523, 1, 2020, 2021, NULL, NULL, 'LH201801', 4, 1),
(524, 1, 2020, 2021, NULL, NULL, 'LH201801', 4, 2),
(525, 1, 2020, 2021, NULL, NULL, 'LH201801', 4, 3),
(526, 1, 2020, 2021, NULL, NULL, 'LH201801', 4, 4),
(527, 1, 2020, 2021, NULL, NULL, 'LH201801', 4, 5),
(528, 1, 2020, 2021, NULL, NULL, 'LH201801', 4, 6),
(529, 1, 2020, 2021, NULL, NULL, 'LH201801', 4, 7),
(530, 1, 2020, 2021, NULL, NULL, 'LH201801', 4, 8),
(531, 1, 2020, 2021, NULL, NULL, 'LH201801', 4, 9),
(532, 1, 2020, 2021, NULL, NULL, 'LH201801', 4, 10),
(533, 1, 2020, 2021, NULL, NULL, 'LH201801', 5, 1),
(534, 1, 2020, 2021, NULL, NULL, 'LH201801', 5, 2),
(535, 1, 2020, 2021, NULL, NULL, 'LH201801', 5, 3),
(536, 1, 2020, 2021, NULL, NULL, 'LH201801', 5, 4),
(537, 1, 2020, 2021, NULL, NULL, 'LH201801', 5, 5),
(538, 1, 2020, 2021, NULL, NULL, 'LH201801', 5, 6),
(539, 1, 2020, 2021, NULL, NULL, 'LH201801', 5, 7),
(540, 1, 2020, 2021, NULL, NULL, 'LH201801', 5, 8),
(541, 1, 2020, 2021, NULL, NULL, 'LH201801', 5, 9),
(542, 1, 2020, 2021, NULL, NULL, 'LH201801', 5, 10),
(543, 1, 2020, 2021, NULL, NULL, 'LH201801', 6, 1),
(544, 1, 2020, 2021, NULL, NULL, 'LH201801', 6, 2),
(545, 1, 2020, 2021, NULL, NULL, 'LH201801', 6, 3),
(546, 1, 2020, 2021, NULL, NULL, 'LH201801', 6, 4),
(547, 1, 2020, 2021, NULL, NULL, 'LH201801', 6, 5),
(548, 1, 2020, 2021, NULL, NULL, 'LH201801', 6, 6),
(549, 1, 2020, 2021, NULL, NULL, 'LH201801', 6, 7),
(550, 1, 2020, 2021, NULL, NULL, 'LH201801', 6, 8),
(551, 1, 2020, 2021, NULL, NULL, 'LH201801', 6, 9),
(552, 1, 2020, 2021, NULL, NULL, 'LH201801', 6, 10),
(553, 1, 2020, 2021, NULL, NULL, 'LH201802', 1, 10),
(554, 1, 2020, 2021, NULL, NULL, 'LH201802', 2, 6),
(555, 1, 2020, 2021, NULL, NULL, 'LH201802', 2, 10),
(556, 1, 2020, 2021, NULL, NULL, 'LH201802', 3, 2),
(557, 1, 2020, 2021, NULL, NULL, 'LH201802', 3, 7),
(558, 1, 2020, 2021, NULL, NULL, 'LH201802', 3, 8),
(559, 1, 2020, 2021, NULL, NULL, 'LH201802', 1, 9),
(560, 1, 2020, 2021, NULL, NULL, 'LH201802', 1, 8),
(561, 1, 2020, 2021, NULL, NULL, 'LH201802', 1, 6),
(562, 1, 2020, 2021, NULL, NULL, 'LH201802', 1, 7),
(563, 1, 2020, 2021, NULL, NULL, 'LH201802', 1, 5),
(564, 1, 2020, 2021, NULL, NULL, 'LH201802', 1, 4),
(565, 1, 2020, 2021, NULL, NULL, 'LH201802', 1, 3),
(566, 1, 2020, 2021, NULL, NULL, 'LH201802', 1, 1),
(567, 1, 2020, 2021, NULL, NULL, 'LH201802', 1, 2),
(568, 1, 2020, 2021, NULL, NULL, 'LH201802', 3, 10),
(569, 1, 2020, 2021, NULL, NULL, 'LH201802', 2, 4),
(570, 1, 2020, 2021, NULL, NULL, 'LH201802', 2, 5),
(571, 1, 2020, 2021, NULL, NULL, 'LH201802', 4, 1),
(572, 1, 2020, 2021, NULL, NULL, 'LH201802', 2, 3),
(573, 1, 2020, 2021, NULL, NULL, 'LH201802', 2, 2),
(574, 1, 2020, 2021, NULL, NULL, 'LH201802', 2, 1),
(575, 1, 2020, 2021, NULL, NULL, 'LH201802', 4, 7),
(576, 1, 2020, 2021, NULL, NULL, 'LH201802', 4, 8),
(577, 1, 2020, 2021, NULL, NULL, 'LH201802', 5, 9),
(578, 1, 2020, 2021, NULL, NULL, 'LH201802', 2, 9),
(579, 1, 2020, 2021, NULL, NULL, 'LH201802', 2, 8),
(580, 1, 2020, 2021, NULL, NULL, 'LH201802', 2, 7),
(581, 1, 2020, 2021, NULL, NULL, 'LH201802', 6, 2),
(582, 1, 2020, 2021, NULL, NULL, 'LH201802', 3, 1),
(583, 1, 2020, 2021, NULL, NULL, 'LH201802', 6, 4),
(584, 1, 2020, 2021, NULL, NULL, 'LH201802', 6, 5),
(585, 1, 2020, 2021, NULL, NULL, 'LH201802', 6, 6),
(586, 1, 2020, 2021, NULL, NULL, 'LH201802', 6, 7),
(587, 1, 2020, 2021, NULL, NULL, 'LH201802', 3, 6),
(588, 1, 2020, 2021, NULL, NULL, 'LH201802', 3, 5),
(589, 1, 2020, 2021, NULL, NULL, 'LH201802', 3, 4),
(590, 1, 2020, 2021, NULL, NULL, 'LH201802', 3, 3),
(591, 1, 2020, 2021, NULL, NULL, 'LH201802', 6, 10),
(592, 1, 2020, 2021, NULL, NULL, 'LH201802', 6, 8),
(593, 1, 2020, 2021, NULL, NULL, 'LH201802', 3, 9),
(594, 1, 2020, 2021, NULL, NULL, 'LH201802', 4, 6),
(595, 1, 2020, 2021, NULL, NULL, 'LH201802', 4, 4),
(596, 1, 2020, 2021, NULL, NULL, 'LH201802', 4, 5),
(597, 1, 2020, 2021, NULL, NULL, 'LH201802', 4, 3),
(598, 1, 2020, 2021, NULL, NULL, 'LH201802', 4, 2),
(599, 1, 2020, 2021, NULL, NULL, 'LH201802', 5, 8),
(600, 1, 2020, 2021, NULL, NULL, 'LH201802', 5, 7),
(601, 1, 2020, 2021, NULL, NULL, 'LH201802', 5, 6),
(602, 1, 2020, 2021, NULL, NULL, 'LH201802', 5, 5),
(603, 1, 2020, 2021, NULL, NULL, 'LH201802', 5, 4),
(604, 1, 2020, 2021, NULL, NULL, 'LH201802', 5, 2),
(605, 1, 2020, 2021, NULL, NULL, 'LH201802', 5, 3),
(606, 1, 2020, 2021, NULL, NULL, 'LH201802', 4, 10),
(607, 1, 2020, 2021, NULL, NULL, 'LH201802', 5, 1),
(608, 1, 2020, 2021, NULL, NULL, 'LH201802', 4, 9),
(609, 1, 2020, 2021, NULL, NULL, 'LH201802', 5, 10),
(610, 1, 2020, 2021, NULL, NULL, 'LH201802', 6, 1),
(611, 1, 2020, 2021, NULL, NULL, 'LH201802', 6, 3),
(612, 1, 2020, 2021, NULL, NULL, 'LH201802', 6, 9),
(613, 1, 2020, 2021, NULL, NULL, 'LH201803', 1, 10),
(614, 1, 2020, 2021, NULL, NULL, 'LH201803', 2, 1),
(615, 1, 2020, 2021, NULL, NULL, 'LH201803', 1, 1),
(616, 1, 2020, 2021, NULL, NULL, 'LH201803', 1, 4),
(617, 1, 2020, 2021, NULL, NULL, 'LH201803', 1, 5),
(618, 1, 2020, 2021, NULL, NULL, 'LH201803', 1, 6),
(619, 1, 2020, 2021, NULL, NULL, 'LH201803', 1, 3),
(620, 1, 2020, 2021, NULL, NULL, 'LH201803', 1, 2),
(621, 1, 2020, 2021, NULL, NULL, 'LH201803', 1, 7),
(622, 1, 2020, 2021, NULL, NULL, 'LH201803', 1, 8),
(623, 1, 2020, 2021, NULL, NULL, 'LH201803', 1, 9),
(624, 1, 2020, 2021, NULL, NULL, 'LH201803', 2, 2),
(625, 1, 2020, 2021, NULL, NULL, 'LH201803', 2, 3),
(626, 1, 2020, 2021, NULL, NULL, 'LH201803', 2, 4),
(627, 1, 2020, 2021, NULL, NULL, 'LH201803', 2, 5),
(628, 1, 2020, 2021, NULL, NULL, 'LH201803', 2, 6),
(629, 1, 2020, 2021, NULL, NULL, 'LH201803', 2, 8),
(630, 1, 2020, 2021, NULL, NULL, 'LH201803', 2, 7),
(631, 1, 2020, 2021, NULL, NULL, 'LH201803', 2, 9),
(632, 1, 2020, 2021, NULL, NULL, 'LH201803', 2, 10),
(633, 1, 2020, 2021, NULL, NULL, 'LH201803', 3, 1),
(634, 1, 2020, 2021, NULL, NULL, 'LH201803', 3, 4),
(635, 1, 2020, 2021, NULL, NULL, 'LH201803', 3, 3),
(636, 1, 2020, 2021, NULL, NULL, 'LH201803', 3, 5),
(637, 1, 2020, 2021, NULL, NULL, 'LH201803', 3, 6),
(638, 1, 2020, 2021, NULL, NULL, 'LH201803', 3, 2),
(639, 1, 2020, 2021, NULL, NULL, 'LH201803', 3, 9),
(640, 1, 2020, 2021, NULL, NULL, 'LH201803', 3, 10),
(641, 1, 2020, 2021, NULL, NULL, 'LH201803', 4, 2),
(642, 1, 2020, 2021, NULL, NULL, 'LH201803', 4, 1),
(643, 1, 2020, 2021, NULL, NULL, 'LH201803', 3, 8),
(644, 1, 2020, 2021, NULL, NULL, 'LH201803', 4, 3),
(645, 1, 2020, 2021, NULL, NULL, 'LH201803', 3, 7),
(646, 1, 2020, 2021, NULL, NULL, 'LH201803', 4, 4),
(647, 1, 2020, 2021, NULL, NULL, 'LH201803', 4, 5),
(648, 1, 2020, 2021, NULL, NULL, 'LH201803', 4, 6),
(649, 1, 2020, 2021, NULL, NULL, 'LH201803', 4, 7),
(650, 1, 2020, 2021, NULL, NULL, 'LH201803', 4, 8),
(651, 1, 2020, 2021, NULL, NULL, 'LH201803', 4, 9),
(652, 1, 2020, 2021, NULL, NULL, 'LH201803', 4, 10),
(653, 1, 2020, 2021, NULL, NULL, 'LH201803', 5, 1),
(654, 1, 2020, 2021, NULL, NULL, 'LH201803', 5, 2),
(655, 1, 2020, 2021, NULL, NULL, 'LH201803', 5, 3),
(656, 1, 2020, 2021, NULL, NULL, 'LH201803', 5, 4),
(657, 1, 2020, 2021, NULL, NULL, 'LH201803', 5, 6),
(658, 1, 2020, 2021, NULL, NULL, 'LH201803', 5, 7),
(659, 1, 2020, 2021, NULL, NULL, 'LH201803', 5, 8),
(660, 1, 2020, 2021, NULL, NULL, 'LH201803', 5, 9),
(661, 1, 2020, 2021, NULL, NULL, 'LH201803', 5, 5),
(662, 1, 2020, 2021, NULL, NULL, 'LH201803', 5, 10),
(663, 1, 2020, 2021, NULL, NULL, 'LH201803', 6, 2),
(664, 1, 2020, 2021, NULL, NULL, 'LH201803', 6, 1),
(665, 1, 2020, 2021, NULL, NULL, 'LH201803', 6, 4),
(666, 1, 2020, 2021, NULL, NULL, 'LH201803', 6, 3),
(667, 1, 2020, 2021, NULL, NULL, 'LH201803', 6, 10),
(668, 1, 2020, 2021, NULL, NULL, 'LH201803', 6, 9),
(669, 1, 2020, 2021, NULL, NULL, 'LH201803', 6, 7),
(670, 1, 2020, 2021, NULL, NULL, 'LH201803', 6, 8),
(671, 1, 2020, 2021, NULL, NULL, 'LH201803', 6, 6),
(672, 1, 2020, 2021, NULL, NULL, 'LH201803', 6, 5),
(673, 1, 2020, 2021, NULL, NULL, 'LH201804', 1, 1),
(674, 1, 2020, 2021, NULL, NULL, 'LH201804', 1, 2),
(675, 1, 2020, 2021, NULL, NULL, 'LH201804', 1, 3),
(676, 1, 2020, 2021, NULL, NULL, 'LH201804', 1, 4),
(677, 1, 2020, 2021, NULL, NULL, 'LH201804', 1, 5),
(678, 1, 2020, 2021, NULL, NULL, 'LH201804', 1, 6),
(679, 1, 2020, 2021, NULL, NULL, 'LH201804', 1, 7),
(680, 1, 2020, 2021, NULL, NULL, 'LH201804', 1, 8),
(681, 1, 2020, 2021, NULL, NULL, 'LH201804', 1, 9),
(682, 1, 2020, 2021, NULL, NULL, 'LH201804', 1, 10),
(683, 1, 2020, 2021, NULL, NULL, 'LH201804', 2, 1),
(684, 1, 2020, 2021, NULL, NULL, 'LH201804', 2, 2),
(685, 1, 2020, 2021, NULL, NULL, 'LH201804', 2, 3),
(686, 1, 2020, 2021, NULL, NULL, 'LH201804', 2, 4),
(687, 1, 2020, 2021, NULL, NULL, 'LH201804', 2, 5),
(688, 1, 2020, 2021, NULL, NULL, 'LH201804', 2, 6),
(689, 1, 2020, 2021, NULL, NULL, 'LH201804', 2, 7),
(690, 1, 2020, 2021, NULL, NULL, 'LH201804', 2, 8),
(691, 1, 2020, 2021, NULL, NULL, 'LH201804', 2, 9),
(692, 1, 2020, 2021, NULL, NULL, 'LH201804', 2, 10),
(693, 1, 2020, 2021, NULL, NULL, 'LH201804', 3, 1),
(694, 1, 2020, 2021, NULL, NULL, 'LH201804', 3, 2),
(695, 1, 2020, 2021, NULL, NULL, 'LH201804', 3, 3),
(696, 1, 2020, 2021, NULL, NULL, 'LH201804', 3, 4),
(697, 1, 2020, 2021, NULL, NULL, 'LH201804', 3, 5),
(698, 1, 2020, 2021, NULL, NULL, 'LH201804', 3, 6),
(699, 1, 2020, 2021, NULL, NULL, 'LH201804', 3, 7),
(700, 1, 2020, 2021, NULL, NULL, 'LH201804', 3, 8),
(701, 1, 2020, 2021, NULL, NULL, 'LH201804', 3, 9),
(702, 1, 2020, 2021, NULL, NULL, 'LH201804', 3, 10),
(703, 1, 2020, 2021, NULL, NULL, 'LH201804', 4, 1),
(704, 1, 2020, 2021, NULL, NULL, 'LH201804', 4, 2),
(705, 1, 2020, 2021, NULL, NULL, 'LH201804', 4, 3),
(706, 1, 2020, 2021, NULL, NULL, 'LH201804', 4, 4),
(707, 1, 2020, 2021, NULL, NULL, 'LH201804', 4, 5),
(708, 1, 2020, 2021, NULL, NULL, 'LH201804', 4, 6),
(709, 1, 2020, 2021, NULL, NULL, 'LH201804', 4, 7),
(710, 1, 2020, 2021, NULL, NULL, 'LH201804', 4, 8),
(711, 1, 2020, 2021, NULL, NULL, 'LH201804', 4, 9),
(712, 1, 2020, 2021, NULL, NULL, 'LH201804', 4, 10),
(713, 1, 2020, 2021, NULL, NULL, 'LH201804', 5, 1),
(714, 1, 2020, 2021, NULL, NULL, 'LH201804', 5, 2),
(715, 1, 2020, 2021, NULL, NULL, 'LH201804', 5, 3),
(716, 1, 2020, 2021, NULL, NULL, 'LH201804', 5, 4),
(717, 1, 2020, 2021, NULL, NULL, 'LH201804', 5, 5),
(718, 1, 2020, 2021, NULL, NULL, 'LH201804', 5, 6),
(719, 1, 2020, 2021, NULL, NULL, 'LH201804', 5, 7),
(720, 1, 2020, 2021, NULL, NULL, 'LH201804', 5, 8),
(721, 1, 2020, 2021, NULL, NULL, 'LH201804', 5, 9),
(722, 1, 2020, 2021, NULL, NULL, 'LH201804', 5, 10),
(723, 1, 2020, 2021, NULL, NULL, 'LH201804', 6, 1),
(724, 1, 2020, 2021, NULL, NULL, 'LH201804', 6, 2),
(725, 1, 2020, 2021, NULL, NULL, 'LH201804', 6, 3),
(726, 1, 2020, 2021, NULL, NULL, 'LH201804', 6, 4),
(727, 1, 2020, 2021, NULL, NULL, 'LH201804', 6, 5),
(728, 1, 2020, 2021, NULL, NULL, 'LH201804', 6, 6),
(729, 1, 2020, 2021, NULL, NULL, 'LH201804', 6, 7),
(730, 1, 2020, 2021, NULL, NULL, 'LH201804', 6, 8),
(731, 1, 2020, 2021, NULL, NULL, 'LH201804', 6, 9),
(732, 1, 2020, 2021, NULL, NULL, 'LH201804', 6, 10),
(733, 2, 2020, 2021, NULL, NULL, 'LH202001', 1, 2),
(734, 2, 2020, 2021, NULL, NULL, 'LH202001', 1, 3),
(735, 2, 2020, 2021, NULL, NULL, 'LH202001', 1, 10),
(736, 2, 2020, 2021, NULL, NULL, 'LH202001', 1, 1),
(737, 2, 2020, 2021, NULL, NULL, 'LH202001', 1, 4),
(738, 2, 2020, 2021, NULL, NULL, 'LH202001', 1, 5),
(739, 2, 2020, 2021, NULL, NULL, 'LH202001', 1, 6),
(740, 2, 2020, 2021, NULL, NULL, 'LH202001', 1, 7),
(741, 2, 2020, 2021, NULL, NULL, 'LH202001', 1, 8),
(742, 2, 2020, 2021, NULL, NULL, 'LH202001', 1, 9),
(743, 2, 2020, 2021, NULL, NULL, 'LH202001', 2, 1),
(744, 2, 2020, 2021, NULL, NULL, 'LH202001', 2, 2),
(745, 2, 2020, 2021, NULL, NULL, 'LH202001', 2, 3),
(746, 2, 2020, 2021, NULL, NULL, 'LH202001', 2, 4),
(747, 2, 2020, 2021, NULL, NULL, 'LH202001', 2, 5),
(748, 2, 2020, 2021, NULL, NULL, 'LH202001', 2, 6),
(749, 2, 2020, 2021, NULL, NULL, 'LH202001', 2, 7),
(750, 2, 2020, 2021, NULL, NULL, 'LH202001', 2, 8),
(751, 2, 2020, 2021, NULL, NULL, 'LH202001', 2, 9),
(752, 2, 2020, 2021, NULL, NULL, 'LH202001', 2, 10),
(753, 2, 2020, 2021, NULL, NULL, 'LH202001', 3, 1),
(754, 2, 2020, 2021, NULL, NULL, 'LH202001', 3, 2),
(755, 2, 2020, 2021, NULL, NULL, 'LH202001', 3, 3),
(756, 2, 2020, 2021, NULL, NULL, 'LH202001', 3, 4),
(757, 2, 2020, 2021, NULL, NULL, 'LH202001', 3, 5),
(758, 2, 2020, 2021, NULL, NULL, 'LH202001', 3, 6),
(759, 2, 2020, 2021, NULL, NULL, 'LH202001', 3, 7),
(760, 2, 2020, 2021, NULL, NULL, 'LH202001', 3, 8),
(761, 2, 2020, 2021, NULL, NULL, 'LH202001', 3, 9),
(762, 2, 2020, 2021, NULL, NULL, 'LH202001', 3, 10),
(763, 2, 2020, 2021, NULL, NULL, 'LH202001', 4, 1),
(764, 2, 2020, 2021, NULL, NULL, 'LH202001', 4, 2),
(765, 2, 2020, 2021, NULL, NULL, 'LH202001', 4, 3),
(766, 2, 2020, 2021, NULL, NULL, 'LH202001', 4, 4),
(767, 2, 2020, 2021, NULL, NULL, 'LH202001', 4, 5),
(768, 2, 2020, 2021, NULL, NULL, 'LH202001', 4, 6),
(769, 2, 2020, 2021, NULL, NULL, 'LH202001', 4, 7),
(770, 2, 2020, 2021, NULL, NULL, 'LH202001', 4, 8),
(771, 2, 2020, 2021, NULL, NULL, 'LH202001', 4, 9),
(772, 2, 2020, 2021, NULL, NULL, 'LH202001', 4, 10),
(773, 2, 2020, 2021, NULL, NULL, 'LH202001', 5, 1),
(774, 2, 2020, 2021, NULL, NULL, 'LH202001', 5, 2),
(775, 2, 2020, 2021, NULL, NULL, 'LH202001', 5, 3),
(776, 2, 2020, 2021, NULL, NULL, 'LH202001', 5, 4),
(777, 2, 2020, 2021, NULL, NULL, 'LH202001', 5, 5),
(778, 2, 2020, 2021, NULL, NULL, 'LH202001', 5, 6),
(779, 2, 2020, 2021, NULL, NULL, 'LH202001', 5, 7),
(780, 2, 2020, 2021, NULL, NULL, 'LH202001', 5, 8),
(781, 2, 2020, 2021, NULL, NULL, 'LH202001', 5, 9),
(782, 2, 2020, 2021, NULL, NULL, 'LH202001', 5, 10),
(783, 2, 2020, 2021, NULL, NULL, 'LH202001', 6, 1),
(784, 2, 2020, 2021, NULL, NULL, 'LH202001', 6, 2),
(785, 2, 2020, 2021, NULL, NULL, 'LH202001', 6, 3),
(786, 2, 2020, 2021, NULL, NULL, 'LH202001', 6, 4),
(787, 2, 2020, 2021, NULL, NULL, 'LH202001', 6, 5),
(788, 2, 2020, 2021, NULL, NULL, 'LH202001', 6, 6),
(789, 2, 2020, 2021, NULL, NULL, 'LH202001', 6, 7),
(790, 2, 2020, 2021, NULL, NULL, 'LH202001', 6, 8),
(791, 2, 2020, 2021, NULL, NULL, 'LH202001', 6, 9),
(792, 2, 2020, 2021, NULL, NULL, 'LH202001', 6, 10),
(793, 2, 2020, 2021, NULL, NULL, 'LH202002', 1, 1),
(794, 2, 2020, 2021, NULL, NULL, 'LH202002', 1, 2),
(795, 2, 2020, 2021, NULL, NULL, 'LH202002', 1, 3),
(796, 2, 2020, 2021, NULL, NULL, 'LH202002', 1, 4),
(797, 2, 2020, 2021, NULL, NULL, 'LH202002', 1, 5),
(798, 2, 2020, 2021, NULL, NULL, 'LH202002', 1, 6),
(799, 2, 2020, 2021, NULL, NULL, 'LH202002', 1, 7),
(800, 2, 2020, 2021, NULL, NULL, 'LH202002', 1, 8),
(801, 2, 2020, 2021, NULL, NULL, 'LH202002', 1, 9),
(802, 2, 2020, 2021, NULL, NULL, 'LH202002', 1, 10),
(803, 2, 2020, 2021, NULL, NULL, 'LH202002', 2, 1),
(804, 2, 2020, 2021, NULL, NULL, 'LH202002', 2, 2),
(805, 2, 2020, 2021, NULL, NULL, 'LH202002', 2, 3),
(806, 2, 2020, 2021, NULL, NULL, 'LH202002', 2, 4),
(807, 2, 2020, 2021, NULL, NULL, 'LH202002', 2, 5),
(808, 2, 2020, 2021, NULL, NULL, 'LH202002', 2, 6),
(809, 2, 2020, 2021, NULL, NULL, 'LH202002', 2, 7),
(810, 2, 2020, 2021, NULL, NULL, 'LH202002', 2, 8),
(811, 2, 2020, 2021, NULL, NULL, 'LH202002', 2, 9),
(812, 2, 2020, 2021, NULL, NULL, 'LH202002', 2, 10),
(813, 2, 2020, 2021, NULL, NULL, 'LH202002', 3, 1),
(814, 2, 2020, 2021, NULL, NULL, 'LH202002', 3, 2),
(815, 2, 2020, 2021, NULL, NULL, 'LH202002', 3, 3),
(816, 2, 2020, 2021, NULL, NULL, 'LH202002', 3, 4),
(817, 2, 2020, 2021, NULL, NULL, 'LH202002', 3, 5),
(818, 2, 2020, 2021, NULL, NULL, 'LH202002', 3, 6),
(819, 2, 2020, 2021, NULL, NULL, 'LH202002', 3, 7),
(820, 2, 2020, 2021, NULL, NULL, 'LH202002', 3, 8),
(821, 2, 2020, 2021, NULL, NULL, 'LH202002', 3, 9),
(822, 2, 2020, 2021, NULL, NULL, 'LH202002', 3, 10),
(823, 2, 2020, 2021, NULL, NULL, 'LH202002', 4, 1),
(824, 2, 2020, 2021, NULL, NULL, 'LH202002', 4, 2),
(825, 2, 2020, 2021, NULL, NULL, 'LH202002', 4, 3),
(826, 2, 2020, 2021, NULL, NULL, 'LH202002', 4, 4),
(827, 2, 2020, 2021, NULL, NULL, 'LH202002', 4, 5),
(828, 2, 2020, 2021, NULL, NULL, 'LH202002', 4, 6),
(829, 2, 2020, 2021, NULL, NULL, 'LH202002', 4, 7),
(830, 2, 2020, 2021, NULL, NULL, 'LH202002', 4, 8),
(831, 2, 2020, 2021, NULL, NULL, 'LH202002', 4, 9),
(832, 2, 2020, 2021, NULL, NULL, 'LH202002', 4, 10),
(833, 2, 2020, 2021, NULL, NULL, 'LH202002', 5, 1),
(834, 2, 2020, 2021, NULL, NULL, 'LH202002', 5, 2),
(835, 2, 2020, 2021, NULL, NULL, 'LH202002', 5, 3),
(836, 2, 2020, 2021, NULL, NULL, 'LH202002', 5, 4),
(837, 2, 2020, 2021, NULL, NULL, 'LH202002', 5, 5),
(838, 2, 2020, 2021, NULL, NULL, 'LH202002', 5, 6),
(839, 2, 2020, 2021, NULL, NULL, 'LH202002', 5, 8),
(840, 2, 2020, 2021, NULL, NULL, 'LH202002', 5, 7),
(841, 2, 2020, 2021, NULL, NULL, 'LH202002', 5, 9),
(842, 2, 2020, 2021, NULL, NULL, 'LH202002', 6, 2),
(843, 2, 2020, 2021, NULL, NULL, 'LH202002', 6, 1),
(844, 2, 2020, 2021, NULL, NULL, 'LH202002', 5, 10),
(845, 2, 2020, 2021, NULL, NULL, 'LH202002', 6, 3),
(846, 2, 2020, 2021, NULL, NULL, 'LH202002', 6, 4),
(847, 2, 2020, 2021, NULL, NULL, 'LH202002', 6, 5),
(848, 2, 2020, 2021, NULL, NULL, 'LH202002', 6, 6),
(849, 2, 2020, 2021, NULL, NULL, 'LH202002', 6, 7),
(850, 2, 2020, 2021, NULL, NULL, 'LH202002', 6, 8),
(851, 2, 2020, 2021, NULL, NULL, 'LH202002', 6, 9),
(852, 2, 2020, 2021, NULL, NULL, 'LH202002', 6, 10),
(853, 2, 2020, 2021, NULL, NULL, 'LH202003', 1, 1),
(854, 2, 2020, 2021, NULL, NULL, 'LH202003', 1, 2),
(855, 2, 2020, 2021, NULL, NULL, 'LH202003', 1, 3),
(856, 2, 2020, 2021, NULL, NULL, 'LH202003', 1, 4),
(857, 2, 2020, 2021, NULL, NULL, 'LH202003', 1, 6),
(858, 2, 2020, 2021, NULL, NULL, 'LH202003', 1, 5),
(859, 2, 2020, 2021, NULL, NULL, 'LH202003', 1, 7),
(860, 2, 2020, 2021, NULL, NULL, 'LH202003', 1, 8),
(861, 2, 2020, 2021, NULL, NULL, 'LH202003', 1, 9),
(862, 2, 2020, 2021, NULL, NULL, 'LH202003', 1, 10),
(863, 2, 2020, 2021, NULL, NULL, 'LH202003', 2, 1),
(864, 2, 2020, 2021, NULL, NULL, 'LH202003', 2, 2),
(865, 2, 2020, 2021, NULL, NULL, 'LH202003', 2, 3),
(866, 2, 2020, 2021, NULL, NULL, 'LH202003', 2, 4),
(867, 2, 2020, 2021, NULL, NULL, 'LH202003', 2, 5),
(868, 2, 2020, 2021, NULL, NULL, 'LH202003', 2, 6),
(869, 2, 2020, 2021, NULL, NULL, 'LH202003', 2, 7),
(870, 2, 2020, 2021, NULL, NULL, 'LH202003', 2, 8),
(871, 2, 2020, 2021, NULL, NULL, 'LH202003', 2, 9),
(872, 2, 2020, 2021, NULL, NULL, 'LH202003', 2, 10),
(873, 2, 2020, 2021, NULL, NULL, 'LH202003', 3, 1),
(874, 2, 2020, 2021, NULL, NULL, 'LH202003', 3, 2),
(875, 2, 2020, 2021, NULL, NULL, 'LH202003', 3, 3),
(876, 2, 2020, 2021, NULL, NULL, 'LH202003', 3, 4),
(877, 2, 2020, 2021, NULL, NULL, 'LH202003', 3, 5),
(878, 2, 2020, 2021, NULL, NULL, 'LH202003', 3, 6),
(879, 2, 2020, 2021, NULL, NULL, 'LH202003', 3, 7),
(880, 2, 2020, 2021, NULL, NULL, 'LH202003', 3, 8),
(881, 2, 2020, 2021, NULL, NULL, 'LH202003', 3, 9),
(882, 2, 2020, 2021, NULL, NULL, 'LH202003', 3, 10),
(883, 2, 2020, 2021, NULL, NULL, 'LH202003', 4, 1),
(884, 2, 2020, 2021, NULL, NULL, 'LH202003', 4, 2),
(885, 2, 2020, 2021, NULL, NULL, 'LH202003', 4, 3),
(886, 2, 2020, 2021, NULL, NULL, 'LH202003', 4, 4),
(887, 2, 2020, 2021, NULL, NULL, 'LH202003', 4, 5),
(888, 2, 2020, 2021, NULL, NULL, 'LH202003', 4, 6),
(889, 2, 2020, 2021, NULL, NULL, 'LH202003', 4, 7),
(890, 2, 2020, 2021, NULL, NULL, 'LH202003', 4, 8),
(891, 2, 2020, 2021, NULL, NULL, 'LH202003', 4, 9),
(892, 2, 2020, 2021, NULL, NULL, 'LH202003', 4, 10),
(893, 2, 2020, 2021, NULL, NULL, 'LH202003', 5, 1),
(894, 2, 2020, 2021, NULL, NULL, 'LH202003', 5, 2),
(895, 2, 2020, 2021, NULL, NULL, 'LH202003', 5, 3),
(896, 2, 2020, 2021, NULL, NULL, 'LH202003', 5, 4),
(897, 2, 2020, 2021, NULL, NULL, 'LH202003', 5, 5),
(898, 2, 2020, 2021, NULL, NULL, 'LH202003', 5, 6),
(899, 2, 2020, 2021, NULL, NULL, 'LH202003', 5, 7),
(900, 2, 2020, 2021, NULL, NULL, 'LH202003', 5, 8),
(901, 2, 2020, 2021, NULL, NULL, 'LH202003', 5, 9),
(902, 2, 2020, 2021, NULL, NULL, 'LH202003', 5, 10),
(903, 2, 2020, 2021, NULL, NULL, 'LH202003', 6, 1),
(904, 2, 2020, 2021, NULL, NULL, 'LH202003', 6, 2),
(905, 2, 2020, 2021, NULL, NULL, 'LH202003', 6, 3),
(906, 2, 2020, 2021, NULL, NULL, 'LH202003', 6, 4),
(907, 2, 2020, 2021, NULL, NULL, 'LH202003', 6, 5),
(908, 2, 2020, 2021, NULL, NULL, 'LH202003', 6, 6),
(909, 2, 2020, 2021, NULL, NULL, 'LH202003', 6, 7),
(910, 2, 2020, 2021, NULL, NULL, 'LH202003', 6, 8),
(911, 2, 2020, 2021, NULL, NULL, 'LH202003', 6, 9),
(912, 2, 2020, 2021, NULL, NULL, 'LH202003', 6, 10),
(913, 2, 2020, 2021, NULL, NULL, 'LH202004', 1, 1),
(914, 2, 2020, 2021, NULL, NULL, 'LH202004', 1, 2),
(915, 2, 2020, 2021, NULL, NULL, 'LH202004', 1, 3),
(916, 2, 2020, 2021, NULL, NULL, 'LH202004', 1, 4),
(917, 2, 2020, 2021, NULL, NULL, 'LH202004', 1, 5),
(918, 2, 2020, 2021, NULL, NULL, 'LH202004', 1, 6),
(919, 2, 2020, 2021, NULL, NULL, 'LH202004', 1, 7),
(920, 2, 2020, 2021, NULL, NULL, 'LH202004', 1, 8),
(921, 2, 2020, 2021, NULL, NULL, 'LH202004', 1, 9),
(922, 2, 2020, 2021, NULL, NULL, 'LH202004', 1, 10),
(923, 2, 2020, 2021, NULL, NULL, 'LH202004', 2, 1),
(924, 2, 2020, 2021, NULL, NULL, 'LH202004', 2, 2),
(925, 2, 2020, 2021, NULL, NULL, 'LH202004', 2, 3),
(926, 2, 2020, 2021, NULL, NULL, 'LH202004', 2, 4),
(927, 2, 2020, 2021, NULL, NULL, 'LH202004', 2, 5),
(928, 2, 2020, 2021, NULL, NULL, 'LH202004', 2, 6),
(929, 2, 2020, 2021, NULL, NULL, 'LH202004', 2, 7),
(930, 2, 2020, 2021, NULL, NULL, 'LH202004', 2, 9),
(931, 2, 2020, 2021, NULL, NULL, 'LH202004', 2, 8),
(932, 2, 2020, 2021, NULL, NULL, 'LH202004', 2, 10),
(933, 2, 2020, 2021, NULL, NULL, 'LH202004', 3, 1),
(934, 2, 2020, 2021, NULL, NULL, 'LH202004', 3, 5),
(935, 2, 2020, 2021, NULL, NULL, 'LH202004', 3, 4),
(936, 2, 2020, 2021, NULL, NULL, 'LH202004', 3, 3),
(937, 2, 2020, 2021, NULL, NULL, 'LH202004', 3, 2),
(938, 2, 2020, 2021, NULL, NULL, 'LH202004', 3, 9),
(939, 2, 2020, 2021, NULL, NULL, 'LH202004', 4, 3),
(940, 2, 2020, 2021, NULL, NULL, 'LH202004', 3, 8),
(941, 2, 2020, 2021, NULL, NULL, 'LH202004', 3, 7),
(942, 2, 2020, 2021, NULL, NULL, 'LH202004', 3, 6),
(943, 2, 2020, 2021, NULL, NULL, 'LH202004', 4, 2),
(944, 2, 2020, 2021, NULL, NULL, 'LH202004', 4, 1),
(945, 2, 2020, 2021, NULL, NULL, 'LH202004', 3, 10),
(946, 2, 2020, 2021, NULL, NULL, 'LH202004', 4, 4),
(947, 2, 2020, 2021, NULL, NULL, 'LH202004', 4, 5),
(948, 2, 2020, 2021, NULL, NULL, 'LH202004', 4, 6),
(949, 2, 2020, 2021, NULL, NULL, 'LH202004', 4, 7),
(950, 2, 2020, 2021, NULL, NULL, 'LH202004', 4, 8),
(951, 2, 2020, 2021, NULL, NULL, 'LH202004', 4, 9),
(952, 2, 2020, 2021, NULL, NULL, 'LH202004', 4, 10),
(953, 2, 2020, 2021, NULL, NULL, 'LH202004', 5, 1),
(954, 2, 2020, 2021, NULL, NULL, 'LH202004', 5, 2),
(955, 2, 2020, 2021, NULL, NULL, 'LH202004', 5, 3),
(956, 2, 2020, 2021, NULL, NULL, 'LH202004', 5, 4),
(957, 2, 2020, 2021, NULL, NULL, 'LH202004', 5, 5),
(958, 2, 2020, 2021, NULL, NULL, 'LH202004', 5, 6),
(959, 2, 2020, 2021, NULL, NULL, 'LH202004', 5, 7),
(960, 2, 2020, 2021, NULL, NULL, 'LH202004', 5, 10),
(961, 2, 2020, 2021, NULL, NULL, 'LH202004', 5, 8),
(962, 2, 2020, 2021, NULL, NULL, 'LH202004', 6, 1),
(963, 2, 2020, 2021, NULL, NULL, 'LH202004', 5, 9),
(964, 2, 2020, 2021, NULL, NULL, 'LH202004', 6, 5),
(965, 2, 2020, 2021, NULL, NULL, 'LH202004', 6, 7),
(966, 2, 2020, 2021, NULL, NULL, 'LH202004', 6, 9),
(967, 2, 2020, 2021, NULL, NULL, 'LH202004', 6, 10),
(968, 2, 2020, 2021, NULL, NULL, 'LH202004', 6, 4),
(969, 2, 2020, 2021, NULL, NULL, 'LH202004', 6, 2),
(970, 2, 2020, 2021, NULL, NULL, 'LH202004', 6, 3),
(971, 2, 2020, 2021, NULL, NULL, 'LH202004', 6, 8),
(972, 2, 2020, 2021, NULL, NULL, 'LH202004', 6, 6),
(973, 2, 2020, 2021, NULL, NULL, 'LH201901', 1, 1),
(974, 2, 2020, 2021, NULL, NULL, 'LH201901', 1, 2),
(975, 2, 2020, 2021, NULL, NULL, 'LH201901', 1, 3),
(976, 2, 2020, 2021, NULL, NULL, 'LH201901', 1, 4),
(977, 2, 2020, 2021, NULL, NULL, 'LH201901', 1, 5),
(978, 2, 2020, 2021, NULL, NULL, 'LH201901', 1, 6),
(979, 2, 2020, 2021, NULL, NULL, 'LH201901', 1, 9),
(980, 2, 2020, 2021, NULL, NULL, 'LH201901', 1, 8),
(981, 2, 2020, 2021, NULL, NULL, 'LH201901', 1, 7),
(982, 2, 2020, 2021, NULL, NULL, 'LH201901', 2, 2),
(983, 2, 2020, 2021, NULL, NULL, 'LH201901', 1, 10),
(984, 2, 2020, 2021, NULL, NULL, 'LH201901', 2, 1),
(985, 2, 2020, 2021, NULL, NULL, 'LH201901', 2, 4),
(986, 2, 2020, 2021, NULL, NULL, 'LH201901', 2, 3),
(987, 2, 2020, 2021, NULL, NULL, 'LH201901', 2, 5),
(988, 2, 2020, 2021, NULL, NULL, 'LH201901', 2, 6),
(989, 2, 2020, 2021, NULL, NULL, 'LH201901', 2, 7),
(990, 2, 2020, 2021, NULL, NULL, 'LH201901', 2, 8),
(991, 2, 2020, 2021, NULL, NULL, 'LH201901', 2, 10),
(992, 2, 2020, 2021, NULL, NULL, 'LH201901', 3, 2),
(993, 2, 2020, 2021, NULL, NULL, 'LH201901', 3, 3),
(994, 2, 2020, 2021, NULL, NULL, 'LH201901', 2, 9),
(995, 2, 2020, 2021, NULL, NULL, 'LH201901', 3, 4),
(996, 2, 2020, 2021, NULL, NULL, 'LH201901', 3, 6);
INSERT INTO `thoikhoabieu` (`stt`, `mahk`, `nambd`, `namkt`, `magv`, `mabm`, `malop`, `ngaytrongtuan`, `tiet`) VALUES
(997, 2, 2020, 2021, NULL, NULL, 'LH201901', 3, 7),
(998, 2, 2020, 2021, NULL, NULL, 'LH201901', 3, 8),
(999, 2, 2020, 2021, NULL, NULL, 'LH201901', 3, 1),
(1000, 2, 2020, 2021, NULL, NULL, 'LH201901', 3, 5),
(1001, 2, 2020, 2021, NULL, NULL, 'LH201901', 3, 9),
(1002, 2, 2020, 2021, NULL, NULL, 'LH201901', 3, 10),
(1003, 2, 2020, 2021, NULL, NULL, 'LH201901', 4, 3),
(1004, 2, 2020, 2021, NULL, NULL, 'LH201901', 4, 1),
(1005, 2, 2020, 2021, NULL, NULL, 'LH201901', 4, 4),
(1006, 2, 2020, 2021, NULL, NULL, 'LH201901', 4, 2),
(1007, 2, 2020, 2021, NULL, NULL, 'LH201901', 4, 5),
(1008, 2, 2020, 2021, NULL, NULL, 'LH201901', 4, 7),
(1009, 2, 2020, 2021, NULL, NULL, 'LH201901', 4, 6),
(1010, 2, 2020, 2021, NULL, NULL, 'LH201901', 4, 8),
(1011, 2, 2020, 2021, NULL, NULL, 'LH201901', 4, 9),
(1012, 2, 2020, 2021, NULL, NULL, 'LH201901', 5, 1),
(1013, 2, 2020, 2021, NULL, NULL, 'LH201901', 4, 10),
(1014, 2, 2020, 2021, NULL, NULL, 'LH201901', 5, 2),
(1015, 2, 2020, 2021, NULL, NULL, 'LH201901', 5, 3),
(1016, 2, 2020, 2021, NULL, NULL, 'LH201901', 5, 4),
(1017, 2, 2020, 2021, NULL, NULL, 'LH201901', 5, 7),
(1018, 2, 2020, 2021, NULL, NULL, 'LH201901', 5, 5),
(1019, 2, 2020, 2021, NULL, NULL, 'LH201901', 5, 6),
(1020, 2, 2020, 2021, NULL, NULL, 'LH201901', 5, 8),
(1021, 2, 2020, 2021, NULL, NULL, 'LH201901', 5, 9),
(1022, 2, 2020, 2021, NULL, NULL, 'LH201901', 5, 10),
(1023, 2, 2020, 2021, NULL, NULL, 'LH201901', 6, 1),
(1024, 2, 2020, 2021, NULL, NULL, 'LH201901', 6, 2),
(1025, 2, 2020, 2021, NULL, NULL, 'LH201901', 6, 3),
(1026, 2, 2020, 2021, NULL, NULL, 'LH201901', 6, 4),
(1027, 2, 2020, 2021, NULL, NULL, 'LH201901', 6, 5),
(1028, 2, 2020, 2021, NULL, NULL, 'LH201901', 6, 6),
(1029, 2, 2020, 2021, NULL, NULL, 'LH201901', 6, 7),
(1030, 2, 2020, 2021, NULL, NULL, 'LH201901', 6, 8),
(1031, 2, 2020, 2021, NULL, NULL, 'LH201901', 6, 9),
(1032, 2, 2020, 2021, NULL, NULL, 'LH201901', 6, 10),
(1033, 2, 2020, 2021, NULL, NULL, 'LH201902', 1, 1),
(1034, 2, 2020, 2021, NULL, NULL, 'LH201902', 1, 2),
(1035, 2, 2020, 2021, NULL, NULL, 'LH201902', 1, 3),
(1036, 2, 2020, 2021, NULL, NULL, 'LH201902', 1, 4),
(1037, 2, 2020, 2021, NULL, NULL, 'LH201902', 1, 5),
(1038, 2, 2020, 2021, NULL, NULL, 'LH201902', 1, 6),
(1039, 2, 2020, 2021, NULL, NULL, 'LH201902', 1, 7),
(1040, 2, 2020, 2021, NULL, NULL, 'LH201902', 1, 8),
(1041, 2, 2020, 2021, NULL, NULL, 'LH201902', 1, 9),
(1042, 2, 2020, 2021, NULL, NULL, 'LH201902', 1, 10),
(1043, 2, 2020, 2021, NULL, NULL, 'LH201902', 2, 1),
(1044, 2, 2020, 2021, NULL, NULL, 'LH201902', 2, 2),
(1045, 2, 2020, 2021, NULL, NULL, 'LH201902', 2, 3),
(1046, 2, 2020, 2021, NULL, NULL, 'LH201902', 2, 4),
(1047, 2, 2020, 2021, NULL, NULL, 'LH201902', 2, 5),
(1048, 2, 2020, 2021, NULL, NULL, 'LH201902', 2, 6),
(1049, 2, 2020, 2021, NULL, NULL, 'LH201902', 2, 7),
(1050, 2, 2020, 2021, NULL, NULL, 'LH201902', 2, 8),
(1051, 2, 2020, 2021, NULL, NULL, 'LH201902', 2, 9),
(1052, 2, 2020, 2021, NULL, NULL, 'LH201902', 2, 10),
(1053, 2, 2020, 2021, NULL, NULL, 'LH201902', 3, 1),
(1054, 2, 2020, 2021, NULL, NULL, 'LH201902', 3, 2),
(1055, 2, 2020, 2021, NULL, NULL, 'LH201902', 3, 3),
(1056, 2, 2020, 2021, NULL, NULL, 'LH201902', 3, 4),
(1057, 2, 2020, 2021, NULL, NULL, 'LH201902', 3, 5),
(1058, 2, 2020, 2021, NULL, NULL, 'LH201902', 3, 6),
(1059, 2, 2020, 2021, NULL, NULL, 'LH201902', 3, 7),
(1060, 2, 2020, 2021, NULL, NULL, 'LH201902', 3, 8),
(1061, 2, 2020, 2021, NULL, NULL, 'LH201902', 3, 9),
(1062, 2, 2020, 2021, NULL, NULL, 'LH201902', 3, 10),
(1063, 2, 2020, 2021, NULL, NULL, 'LH201902', 4, 1),
(1064, 2, 2020, 2021, NULL, NULL, 'LH201902', 4, 2),
(1065, 2, 2020, 2021, NULL, NULL, 'LH201902', 4, 3),
(1066, 2, 2020, 2021, NULL, NULL, 'LH201902', 4, 4),
(1067, 2, 2020, 2021, NULL, NULL, 'LH201902', 4, 5),
(1068, 2, 2020, 2021, NULL, NULL, 'LH201902', 4, 6),
(1069, 2, 2020, 2021, NULL, NULL, 'LH201902', 4, 7),
(1070, 2, 2020, 2021, NULL, NULL, 'LH201902', 4, 8),
(1071, 2, 2020, 2021, NULL, NULL, 'LH201902', 4, 9),
(1072, 2, 2020, 2021, NULL, NULL, 'LH201902', 5, 1),
(1073, 2, 2020, 2021, NULL, NULL, 'LH201902', 4, 10),
(1074, 2, 2020, 2021, NULL, NULL, 'LH201902', 5, 2),
(1075, 2, 2020, 2021, NULL, NULL, 'LH201902', 5, 4),
(1076, 2, 2020, 2021, NULL, NULL, 'LH201902', 5, 3),
(1077, 2, 2020, 2021, NULL, NULL, 'LH201902', 5, 5),
(1078, 2, 2020, 2021, NULL, NULL, 'LH201902', 5, 6),
(1079, 2, 2020, 2021, NULL, NULL, 'LH201902', 5, 7),
(1080, 2, 2020, 2021, NULL, NULL, 'LH201902', 5, 8),
(1081, 2, 2020, 2021, NULL, NULL, 'LH201902', 5, 9),
(1082, 2, 2020, 2021, NULL, NULL, 'LH201902', 5, 10),
(1083, 2, 2020, 2021, NULL, NULL, 'LH201902', 6, 1),
(1084, 2, 2020, 2021, NULL, NULL, 'LH201902', 6, 2),
(1085, 2, 2020, 2021, NULL, NULL, 'LH201902', 6, 3),
(1086, 2, 2020, 2021, NULL, NULL, 'LH201902', 6, 4),
(1087, 2, 2020, 2021, NULL, NULL, 'LH201902', 6, 5),
(1088, 2, 2020, 2021, NULL, NULL, 'LH201902', 6, 6),
(1089, 2, 2020, 2021, NULL, NULL, 'LH201902', 6, 7),
(1090, 2, 2020, 2021, NULL, NULL, 'LH201902', 6, 8),
(1091, 2, 2020, 2021, NULL, NULL, 'LH201902', 6, 9),
(1092, 2, 2020, 2021, NULL, NULL, 'LH201902', 6, 10),
(1093, 2, 2020, 2021, NULL, NULL, 'LH201903', 3, 4),
(1094, 2, 2020, 2021, NULL, NULL, 'LH201903', 1, 3),
(1095, 2, 2020, 2021, NULL, NULL, 'LH201903', 1, 6),
(1096, 2, 2020, 2021, NULL, NULL, 'LH201903', 1, 7),
(1097, 2, 2020, 2021, NULL, NULL, 'LH201903', 2, 9),
(1098, 2, 2020, 2021, NULL, NULL, 'LH201903', 4, 2),
(1099, 2, 2020, 2021, NULL, NULL, 'LH201903', 3, 1),
(1100, 2, 2020, 2021, NULL, NULL, 'LH201903', 3, 10),
(1101, 2, 2020, 2021, NULL, NULL, 'LH201903', 4, 6),
(1102, 2, 2020, 2021, NULL, NULL, 'LH201903', 4, 7),
(1103, 2, 2020, 2021, NULL, NULL, 'LH201903', 4, 8),
(1104, 2, 2020, 2021, NULL, NULL, 'LH201903', 1, 1),
(1105, 2, 2020, 2021, NULL, NULL, 'LH201903', 1, 2),
(1106, 2, 2020, 2021, NULL, NULL, 'LH201903', 1, 5),
(1107, 2, 2020, 2021, NULL, NULL, 'LH201903', 4, 10),
(1108, 2, 2020, 2021, NULL, NULL, 'LH201903', 1, 4),
(1109, 2, 2020, 2021, NULL, NULL, 'LH201903', 5, 1),
(1110, 2, 2020, 2021, NULL, NULL, 'LH201903', 5, 3),
(1111, 2, 2020, 2021, NULL, NULL, 'LH201903', 6, 7),
(1112, 2, 2020, 2021, NULL, NULL, 'LH201903', 6, 9),
(1113, 2, 2020, 2021, NULL, NULL, 'LH201903', 6, 8),
(1114, 2, 2020, 2021, NULL, NULL, 'LH201903', 2, 7),
(1115, 2, 2020, 2021, NULL, NULL, 'LH201903', 2, 8),
(1116, 2, 2020, 2021, NULL, NULL, 'LH201903', 2, 6),
(1117, 2, 2020, 2021, NULL, NULL, 'LH201903', 2, 5),
(1118, 2, 2020, 2021, NULL, NULL, 'LH201903', 1, 10),
(1119, 2, 2020, 2021, NULL, NULL, 'LH201903', 2, 3),
(1120, 2, 2020, 2021, NULL, NULL, 'LH201903', 2, 1),
(1121, 2, 2020, 2021, NULL, NULL, 'LH201903', 2, 2),
(1122, 2, 2020, 2021, NULL, NULL, 'LH201903', 2, 4),
(1123, 2, 2020, 2021, NULL, NULL, 'LH201903', 1, 9),
(1124, 2, 2020, 2021, NULL, NULL, 'LH201903', 1, 8),
(1125, 2, 2020, 2021, NULL, NULL, 'LH201903', 3, 9),
(1126, 2, 2020, 2021, NULL, NULL, 'LH201903', 3, 8),
(1127, 2, 2020, 2021, NULL, NULL, 'LH201903', 3, 7),
(1128, 2, 2020, 2021, NULL, NULL, 'LH201903', 3, 6),
(1129, 2, 2020, 2021, NULL, NULL, 'LH201903', 3, 3),
(1130, 2, 2020, 2021, NULL, NULL, 'LH201903', 3, 5),
(1131, 2, 2020, 2021, NULL, NULL, 'LH201903', 3, 2),
(1132, 2, 2020, 2021, NULL, NULL, 'LH201903', 4, 1),
(1133, 2, 2020, 2021, NULL, NULL, 'LH201903', 4, 5),
(1134, 2, 2020, 2021, NULL, NULL, 'LH201903', 2, 10),
(1135, 2, 2020, 2021, NULL, NULL, 'LH201903', 4, 4),
(1136, 2, 2020, 2021, NULL, NULL, 'LH201903', 4, 3),
(1137, 2, 2020, 2021, NULL, NULL, 'LH201903', 4, 9),
(1138, 2, 2020, 2021, NULL, NULL, 'LH201903', 5, 2),
(1139, 2, 2020, 2021, NULL, NULL, 'LH201903', 6, 6),
(1140, 2, 2020, 2021, NULL, NULL, 'LH201903', 6, 5),
(1141, 2, 2020, 2021, NULL, NULL, 'LH201903', 6, 4),
(1142, 2, 2020, 2021, NULL, NULL, 'LH201903', 6, 2),
(1143, 2, 2020, 2021, NULL, NULL, 'LH201903', 6, 3),
(1144, 2, 2020, 2021, NULL, NULL, 'LH201903', 5, 10),
(1145, 2, 2020, 2021, NULL, NULL, 'LH201903', 6, 1),
(1146, 2, 2020, 2021, NULL, NULL, 'LH201903', 5, 8),
(1147, 2, 2020, 2021, NULL, NULL, 'LH201903', 5, 9),
(1148, 2, 2020, 2021, NULL, NULL, 'LH201903', 5, 7),
(1149, 2, 2020, 2021, NULL, NULL, 'LH201903', 5, 6),
(1150, 2, 2020, 2021, NULL, NULL, 'LH201903', 5, 5),
(1151, 2, 2020, 2021, NULL, NULL, 'LH201903', 5, 4),
(1152, 2, 2020, 2021, NULL, NULL, 'LH201903', 6, 10),
(1153, 2, 2020, 2021, NULL, NULL, 'LH201904', 1, 1),
(1154, 2, 2020, 2021, NULL, NULL, 'LH201904', 1, 2),
(1155, 2, 2020, 2021, NULL, NULL, 'LH201904', 1, 3),
(1156, 2, 2020, 2021, NULL, NULL, 'LH201904', 1, 4),
(1157, 2, 2020, 2021, NULL, NULL, 'LH201904', 1, 5),
(1158, 2, 2020, 2021, NULL, NULL, 'LH201904', 1, 6),
(1159, 2, 2020, 2021, NULL, NULL, 'LH201904', 1, 7),
(1160, 2, 2020, 2021, NULL, NULL, 'LH201904', 1, 8),
(1161, 2, 2020, 2021, NULL, NULL, 'LH201904', 1, 9),
(1162, 2, 2020, 2021, NULL, NULL, 'LH201904', 1, 10),
(1163, 2, 2020, 2021, NULL, NULL, 'LH201904', 2, 1),
(1164, 2, 2020, 2021, NULL, NULL, 'LH201904', 2, 2),
(1165, 2, 2020, 2021, NULL, NULL, 'LH201904', 2, 3),
(1166, 2, 2020, 2021, NULL, NULL, 'LH201904', 2, 4),
(1167, 2, 2020, 2021, NULL, NULL, 'LH201904', 2, 5),
(1168, 2, 2020, 2021, NULL, NULL, 'LH201904', 2, 6),
(1169, 2, 2020, 2021, NULL, NULL, 'LH201904', 2, 7),
(1170, 2, 2020, 2021, NULL, NULL, 'LH201904', 2, 8),
(1171, 2, 2020, 2021, NULL, NULL, 'LH201904', 2, 9),
(1172, 2, 2020, 2021, NULL, NULL, 'LH201904', 2, 10),
(1173, 2, 2020, 2021, NULL, NULL, 'LH201904', 3, 1),
(1174, 2, 2020, 2021, NULL, NULL, 'LH201904', 3, 6),
(1175, 2, 2020, 2021, NULL, NULL, 'LH201904', 3, 2),
(1176, 2, 2020, 2021, NULL, NULL, 'LH201904', 3, 3),
(1177, 2, 2020, 2021, NULL, NULL, 'LH201904', 3, 4),
(1178, 2, 2020, 2021, NULL, NULL, 'LH201904', 3, 5),
(1179, 2, 2020, 2021, NULL, NULL, 'LH201904', 3, 7),
(1180, 2, 2020, 2021, NULL, NULL, 'LH201904', 3, 8),
(1181, 2, 2020, 2021, NULL, NULL, 'LH201904', 3, 9),
(1182, 2, 2020, 2021, NULL, NULL, 'LH201904', 3, 10),
(1183, 2, 2020, 2021, NULL, NULL, 'LH201904', 4, 1),
(1184, 2, 2020, 2021, NULL, NULL, 'LH201904', 4, 2),
(1185, 2, 2020, 2021, NULL, NULL, 'LH201904', 4, 3),
(1186, 2, 2020, 2021, NULL, NULL, 'LH201904', 4, 4),
(1187, 2, 2020, 2021, NULL, NULL, 'LH201904', 4, 5),
(1188, 2, 2020, 2021, NULL, NULL, 'LH201904', 4, 6),
(1189, 2, 2020, 2021, NULL, NULL, 'LH201904', 4, 7),
(1190, 2, 2020, 2021, NULL, NULL, 'LH201904', 4, 8),
(1191, 2, 2020, 2021, NULL, NULL, 'LH201904', 4, 9),
(1192, 2, 2020, 2021, NULL, NULL, 'LH201904', 4, 10),
(1193, 2, 2020, 2021, NULL, NULL, 'LH201904', 5, 1),
(1194, 2, 2020, 2021, NULL, NULL, 'LH201904', 5, 2),
(1195, 2, 2020, 2021, NULL, NULL, 'LH201904', 5, 3),
(1196, 2, 2020, 2021, NULL, NULL, 'LH201904', 5, 4),
(1197, 2, 2020, 2021, NULL, NULL, 'LH201904', 5, 5),
(1198, 2, 2020, 2021, NULL, NULL, 'LH201904', 5, 6),
(1199, 2, 2020, 2021, NULL, NULL, 'LH201904', 5, 7),
(1200, 2, 2020, 2021, NULL, NULL, 'LH201904', 5, 8),
(1201, 2, 2020, 2021, NULL, NULL, 'LH201904', 5, 9),
(1202, 2, 2020, 2021, NULL, NULL, 'LH201904', 5, 10),
(1203, 2, 2020, 2021, NULL, NULL, 'LH201904', 6, 1),
(1204, 2, 2020, 2021, NULL, NULL, 'LH201904', 6, 2),
(1205, 2, 2020, 2021, NULL, NULL, 'LH201904', 6, 3),
(1206, 2, 2020, 2021, NULL, NULL, 'LH201904', 6, 4),
(1207, 2, 2020, 2021, NULL, NULL, 'LH201904', 6, 5),
(1208, 2, 2020, 2021, NULL, NULL, 'LH201904', 6, 6),
(1209, 2, 2020, 2021, NULL, NULL, 'LH201904', 6, 7),
(1210, 2, 2020, 2021, NULL, NULL, 'LH201904', 6, 8),
(1211, 2, 2020, 2021, NULL, NULL, 'LH201904', 6, 9),
(1212, 2, 2020, 2021, NULL, NULL, 'LH201904', 6, 10),
(1213, 2, 2020, 2021, NULL, NULL, 'LH201801', 1, 10),
(1214, 2, 2020, 2021, NULL, NULL, 'LH201801', 2, 1),
(1215, 2, 2020, 2021, NULL, NULL, 'LH201801', 2, 2),
(1216, 2, 2020, 2021, NULL, NULL, 'LH201801', 2, 3),
(1217, 2, 2020, 2021, NULL, NULL, 'LH201801', 2, 4),
(1218, 2, 2020, 2021, NULL, NULL, 'LH201801', 2, 5),
(1219, 2, 2020, 2021, NULL, NULL, 'LH201801', 2, 6),
(1220, 2, 2020, 2021, NULL, NULL, 'LH201801', 2, 7),
(1221, 2, 2020, 2021, NULL, NULL, 'LH201801', 2, 9),
(1222, 2, 2020, 2021, NULL, NULL, 'LH201801', 2, 8),
(1223, 2, 2020, 2021, NULL, NULL, 'LH201801', 3, 7),
(1224, 2, 2020, 2021, NULL, NULL, 'LH201801', 3, 6),
(1225, 2, 2020, 2021, NULL, NULL, 'LH201801', 3, 8),
(1226, 2, 2020, 2021, NULL, NULL, 'LH201801', 4, 1),
(1227, 2, 2020, 2021, NULL, NULL, 'LH201801', 4, 2),
(1228, 2, 2020, 2021, NULL, NULL, 'LH201801', 4, 3),
(1229, 2, 2020, 2021, NULL, NULL, 'LH201801', 4, 5),
(1230, 2, 2020, 2021, NULL, NULL, 'LH201801', 4, 6),
(1231, 2, 2020, 2021, NULL, NULL, 'LH201801', 6, 1),
(1232, 2, 2020, 2021, NULL, NULL, 'LH201801', 6, 2),
(1233, 2, 2020, 2021, NULL, NULL, 'LH201801', 6, 4),
(1234, 2, 2020, 2021, NULL, NULL, 'LH201801', 6, 3),
(1235, 2, 2020, 2021, NULL, NULL, 'LH201801', 6, 5),
(1236, 2, 2020, 2021, NULL, NULL, 'LH201801', 6, 7),
(1237, 2, 2020, 2021, NULL, NULL, 'LH201801', 6, 6),
(1238, 2, 2020, 2021, NULL, NULL, 'LH201801', 6, 8),
(1239, 2, 2020, 2021, NULL, NULL, 'LH201801', 6, 10),
(1240, 2, 2020, 2021, NULL, NULL, 'LH201801', 1, 9),
(1241, 2, 2020, 2021, NULL, NULL, 'LH201801', 1, 8),
(1242, 2, 2020, 2021, NULL, NULL, 'LH201801', 1, 7),
(1243, 2, 2020, 2021, NULL, NULL, 'LH201801', 1, 5),
(1244, 2, 2020, 2021, NULL, NULL, 'LH201801', 1, 4),
(1245, 2, 2020, 2021, NULL, NULL, 'LH201801', 1, 6),
(1246, 2, 2020, 2021, NULL, NULL, 'LH201801', 1, 3),
(1247, 2, 2020, 2021, NULL, NULL, 'LH201801', 1, 2),
(1248, 2, 2020, 2021, NULL, NULL, 'LH201801', 1, 1),
(1249, 2, 2020, 2021, NULL, NULL, 'LH201801', 3, 5),
(1250, 2, 2020, 2021, NULL, NULL, 'LH201801', 3, 4),
(1251, 2, 2020, 2021, NULL, NULL, 'LH201801', 3, 3),
(1252, 2, 2020, 2021, NULL, NULL, 'LH201801', 3, 2),
(1253, 2, 2020, 2021, NULL, NULL, 'LH201801', 3, 1),
(1254, 2, 2020, 2021, NULL, NULL, 'LH201801', 2, 10),
(1255, 2, 2020, 2021, NULL, NULL, 'LH201801', 3, 10),
(1256, 2, 2020, 2021, NULL, NULL, 'LH201801', 4, 4),
(1257, 2, 2020, 2021, NULL, NULL, 'LH201801', 5, 10),
(1258, 2, 2020, 2021, NULL, NULL, 'LH201801', 5, 8),
(1259, 2, 2020, 2021, NULL, NULL, 'LH201801', 5, 6),
(1260, 2, 2020, 2021, NULL, NULL, 'LH201801', 5, 5),
(1261, 2, 2020, 2021, NULL, NULL, 'LH201801', 5, 7),
(1262, 2, 2020, 2021, NULL, NULL, 'LH201801', 5, 4),
(1263, 2, 2020, 2021, NULL, NULL, 'LH201801', 5, 3),
(1264, 2, 2020, 2021, NULL, NULL, 'LH201801', 5, 2),
(1265, 2, 2020, 2021, NULL, NULL, 'LH201801', 5, 9),
(1266, 2, 2020, 2021, NULL, NULL, 'LH201801', 5, 1),
(1267, 2, 2020, 2021, NULL, NULL, 'LH201801', 4, 10),
(1268, 2, 2020, 2021, NULL, NULL, 'LH201801', 4, 9),
(1269, 2, 2020, 2021, NULL, NULL, 'LH201801', 4, 8),
(1270, 2, 2020, 2021, NULL, NULL, 'LH201801', 4, 7),
(1271, 2, 2020, 2021, NULL, NULL, 'LH201801', 3, 9),
(1272, 2, 2020, 2021, NULL, NULL, 'LH201801', 6, 9),
(1273, 2, 2020, 2021, NULL, NULL, 'LH201802', 2, 3),
(1274, 2, 2020, 2021, NULL, NULL, 'LH201802', 2, 2),
(1275, 2, 2020, 2021, NULL, NULL, 'LH201802', 2, 5),
(1276, 2, 2020, 2021, NULL, NULL, 'LH201802', 2, 4),
(1277, 2, 2020, 2021, NULL, NULL, 'LH201802', 2, 6),
(1278, 2, 2020, 2021, NULL, NULL, 'LH201802', 2, 7),
(1279, 2, 2020, 2021, NULL, NULL, 'LH201802', 2, 8),
(1280, 2, 2020, 2021, NULL, NULL, 'LH201802', 3, 3),
(1281, 2, 2020, 2021, NULL, NULL, 'LH201802', 4, 9),
(1282, 2, 2020, 2021, NULL, NULL, 'LH201802', 6, 5),
(1283, 2, 2020, 2021, NULL, NULL, 'LH201802', 6, 4),
(1284, 2, 2020, 2021, NULL, NULL, 'LH201802', 6, 6),
(1285, 2, 2020, 2021, NULL, NULL, 'LH201802', 6, 7),
(1286, 2, 2020, 2021, NULL, NULL, 'LH201802', 6, 8),
(1287, 2, 2020, 2021, NULL, NULL, 'LH201802', 2, 1),
(1288, 2, 2020, 2021, NULL, NULL, 'LH201802', 1, 10),
(1289, 2, 2020, 2021, NULL, NULL, 'LH201802', 1, 8),
(1290, 2, 2020, 2021, NULL, NULL, 'LH201802', 1, 9),
(1291, 2, 2020, 2021, NULL, NULL, 'LH201802', 1, 7),
(1292, 2, 2020, 2021, NULL, NULL, 'LH201802', 1, 5),
(1293, 2, 2020, 2021, NULL, NULL, 'LH201802', 1, 6),
(1294, 2, 2020, 2021, NULL, NULL, 'LH201802', 1, 4),
(1295, 2, 2020, 2021, NULL, NULL, 'LH201802', 1, 3),
(1296, 2, 2020, 2021, NULL, NULL, 'LH201802', 1, 2),
(1297, 2, 2020, 2021, NULL, NULL, 'LH201802', 1, 1),
(1298, 2, 2020, 2021, NULL, NULL, 'LH201802', 3, 2),
(1299, 2, 2020, 2021, NULL, NULL, 'LH201802', 3, 1),
(1300, 2, 2020, 2021, NULL, NULL, 'LH201802', 2, 10),
(1301, 2, 2020, 2021, NULL, NULL, 'LH201802', 2, 9),
(1302, 2, 2020, 2021, NULL, NULL, 'LH201802', 6, 2),
(1303, 2, 2020, 2021, NULL, NULL, 'LH201802', 6, 3),
(1304, 2, 2020, 2021, NULL, NULL, 'LH201802', 5, 10),
(1305, 2, 2020, 2021, NULL, NULL, 'LH201802', 6, 1),
(1306, 2, 2020, 2021, NULL, NULL, 'LH201802', 5, 9),
(1307, 2, 2020, 2021, NULL, NULL, 'LH201802', 5, 8),
(1308, 2, 2020, 2021, NULL, NULL, 'LH201802', 5, 7),
(1309, 2, 2020, 2021, NULL, NULL, 'LH201802', 5, 6),
(1310, 2, 2020, 2021, NULL, NULL, 'LH201802', 5, 3),
(1311, 2, 2020, 2021, NULL, NULL, 'LH201802', 5, 4),
(1312, 2, 2020, 2021, NULL, NULL, 'LH201802', 5, 2),
(1313, 2, 2020, 2021, NULL, NULL, 'LH201802', 5, 5),
(1314, 2, 2020, 2021, NULL, NULL, 'LH201802', 4, 10),
(1315, 2, 2020, 2021, NULL, NULL, 'LH201802', 5, 1),
(1316, 2, 2020, 2021, NULL, NULL, 'LH201802', 4, 8),
(1317, 2, 2020, 2021, NULL, NULL, 'LH201802', 4, 7),
(1318, 2, 2020, 2021, NULL, NULL, 'LH201802', 4, 6),
(1319, 2, 2020, 2021, NULL, NULL, 'LH201802', 4, 5),
(1320, 2, 2020, 2021, NULL, NULL, 'LH201802', 4, 4),
(1321, 2, 2020, 2021, NULL, NULL, 'LH201802', 4, 3),
(1322, 2, 2020, 2021, NULL, NULL, 'LH201802', 4, 2),
(1323, 2, 2020, 2021, NULL, NULL, 'LH201802', 4, 1),
(1324, 2, 2020, 2021, NULL, NULL, 'LH201802', 3, 10),
(1325, 2, 2020, 2021, NULL, NULL, 'LH201802', 3, 8),
(1326, 2, 2020, 2021, NULL, NULL, 'LH201802', 3, 7),
(1327, 2, 2020, 2021, NULL, NULL, 'LH201802', 3, 9),
(1328, 2, 2020, 2021, NULL, NULL, 'LH201802', 3, 5),
(1329, 2, 2020, 2021, NULL, NULL, 'LH201802', 3, 4),
(1330, 2, 2020, 2021, NULL, NULL, 'LH201802', 3, 6),
(1331, 2, 2020, 2021, NULL, NULL, 'LH201802', 6, 10),
(1332, 2, 2020, 2021, NULL, NULL, 'LH201802', 6, 9),
(1333, 2, 2020, 2021, NULL, NULL, 'LH201803', 2, 4),
(1334, 2, 2020, 2021, NULL, NULL, 'LH201803', 1, 1),
(1335, 2, 2020, 2021, NULL, NULL, 'LH201803', 1, 2),
(1336, 2, 2020, 2021, NULL, NULL, 'LH201803', 1, 3),
(1337, 2, 2020, 2021, NULL, NULL, 'LH201803', 1, 4),
(1338, 2, 2020, 2021, NULL, NULL, 'LH201803', 1, 5),
(1339, 2, 2020, 2021, NULL, NULL, 'LH201803', 1, 6),
(1340, 2, 2020, 2021, NULL, NULL, 'LH201803', 1, 7),
(1341, 2, 2020, 2021, NULL, NULL, 'LH201803', 1, 8),
(1342, 2, 2020, 2021, NULL, NULL, 'LH201803', 1, 9),
(1343, 2, 2020, 2021, NULL, NULL, 'LH201803', 1, 10),
(1344, 2, 2020, 2021, NULL, NULL, 'LH201803', 2, 1),
(1345, 2, 2020, 2021, NULL, NULL, 'LH201803', 2, 2),
(1346, 2, 2020, 2021, NULL, NULL, 'LH201803', 2, 3),
(1347, 2, 2020, 2021, NULL, NULL, 'LH201803', 2, 5),
(1348, 2, 2020, 2021, NULL, NULL, 'LH201803', 2, 6),
(1349, 2, 2020, 2021, NULL, NULL, 'LH201803', 2, 7),
(1350, 2, 2020, 2021, NULL, NULL, 'LH201803', 2, 8),
(1351, 2, 2020, 2021, NULL, NULL, 'LH201803', 2, 9),
(1352, 2, 2020, 2021, NULL, NULL, 'LH201803', 2, 10),
(1353, 2, 2020, 2021, NULL, NULL, 'LH201803', 3, 1),
(1354, 2, 2020, 2021, NULL, NULL, 'LH201803', 3, 2),
(1355, 2, 2020, 2021, NULL, NULL, 'LH201803', 3, 3),
(1356, 2, 2020, 2021, NULL, NULL, 'LH201803', 3, 4),
(1357, 2, 2020, 2021, NULL, NULL, 'LH201803', 3, 5),
(1358, 2, 2020, 2021, NULL, NULL, 'LH201803', 3, 6),
(1359, 2, 2020, 2021, NULL, NULL, 'LH201803', 3, 7),
(1360, 2, 2020, 2021, NULL, NULL, 'LH201803', 3, 8),
(1361, 2, 2020, 2021, NULL, NULL, 'LH201803', 3, 9),
(1362, 2, 2020, 2021, NULL, NULL, 'LH201803', 3, 10),
(1363, 2, 2020, 2021, NULL, NULL, 'LH201803', 4, 1),
(1364, 2, 2020, 2021, NULL, NULL, 'LH201803', 4, 2),
(1365, 2, 2020, 2021, NULL, NULL, 'LH201803', 4, 3),
(1366, 2, 2020, 2021, NULL, NULL, 'LH201803', 4, 4),
(1367, 2, 2020, 2021, NULL, NULL, 'LH201803', 4, 5),
(1368, 2, 2020, 2021, NULL, NULL, 'LH201803', 4, 6),
(1369, 2, 2020, 2021, NULL, NULL, 'LH201803', 4, 7),
(1370, 2, 2020, 2021, NULL, NULL, 'LH201803', 5, 8),
(1371, 2, 2020, 2021, NULL, NULL, 'LH201803', 5, 7),
(1372, 2, 2020, 2021, NULL, NULL, 'LH201803', 5, 6),
(1373, 2, 2020, 2021, NULL, NULL, 'LH201803', 5, 5),
(1374, 2, 2020, 2021, NULL, NULL, 'LH201803', 5, 4),
(1375, 2, 2020, 2021, NULL, NULL, 'LH201803', 5, 3),
(1376, 2, 2020, 2021, NULL, NULL, 'LH201803', 5, 2),
(1377, 2, 2020, 2021, NULL, NULL, 'LH201803', 5, 1),
(1378, 2, 2020, 2021, NULL, NULL, 'LH201803', 5, 9),
(1379, 2, 2020, 2021, NULL, NULL, 'LH201803', 4, 10),
(1380, 2, 2020, 2021, NULL, NULL, 'LH201803', 4, 9),
(1381, 2, 2020, 2021, NULL, NULL, 'LH201803', 4, 8),
(1382, 2, 2020, 2021, NULL, NULL, 'LH201803', 6, 3),
(1383, 2, 2020, 2021, NULL, NULL, 'LH201803', 6, 7),
(1384, 2, 2020, 2021, NULL, NULL, 'LH201803', 5, 10),
(1385, 2, 2020, 2021, NULL, NULL, 'LH201803', 6, 10),
(1386, 2, 2020, 2021, NULL, NULL, 'LH201803', 6, 1),
(1387, 2, 2020, 2021, NULL, NULL, 'LH201803', 6, 6),
(1388, 2, 2020, 2021, NULL, NULL, 'LH201803', 6, 2),
(1389, 2, 2020, 2021, NULL, NULL, 'LH201803', 6, 4),
(1390, 2, 2020, 2021, NULL, NULL, 'LH201803', 6, 5),
(1391, 2, 2020, 2021, NULL, NULL, 'LH201803', 6, 9),
(1392, 2, 2020, 2021, NULL, NULL, 'LH201803', 6, 8),
(1393, 2, 2020, 2021, NULL, NULL, 'LH201804', 1, 3),
(1394, 2, 2020, 2021, NULL, NULL, 'LH201804', 1, 4),
(1395, 2, 2020, 2021, NULL, NULL, 'LH201804', 1, 9),
(1396, 2, 2020, 2021, NULL, NULL, 'LH201804', 3, 1),
(1397, 2, 2020, 2021, NULL, NULL, 'LH201804', 3, 2),
(1398, 2, 2020, 2021, NULL, NULL, 'LH201804', 3, 4),
(1399, 2, 2020, 2021, NULL, NULL, 'LH201804', 1, 1),
(1400, 2, 2020, 2021, NULL, NULL, 'LH201804', 1, 2),
(1401, 2, 2020, 2021, NULL, NULL, 'LH201804', 3, 9),
(1402, 2, 2020, 2021, NULL, NULL, 'LH201804', 3, 7),
(1403, 2, 2020, 2021, NULL, NULL, 'LH201804', 1, 8),
(1404, 2, 2020, 2021, NULL, NULL, 'LH201804', 1, 7),
(1405, 2, 2020, 2021, NULL, NULL, 'LH201804', 1, 5),
(1406, 2, 2020, 2021, NULL, NULL, 'LH201804', 1, 6),
(1407, 2, 2020, 2021, NULL, NULL, 'LH201804', 4, 2),
(1408, 2, 2020, 2021, NULL, NULL, 'LH201804', 3, 10),
(1409, 2, 2020, 2021, NULL, NULL, 'LH201804', 5, 6),
(1410, 2, 2020, 2021, NULL, NULL, 'LH201804', 2, 10),
(1411, 2, 2020, 2021, NULL, NULL, 'LH201804', 5, 7),
(1412, 2, 2020, 2021, NULL, NULL, 'LH201804', 2, 9),
(1413, 2, 2020, 2021, NULL, NULL, 'LH201804', 2, 8),
(1414, 2, 2020, 2021, NULL, NULL, 'LH201804', 2, 7),
(1415, 2, 2020, 2021, NULL, NULL, 'LH201804', 2, 6),
(1416, 2, 2020, 2021, NULL, NULL, 'LH201804', 2, 3),
(1417, 2, 2020, 2021, NULL, NULL, 'LH201804', 2, 4),
(1418, 2, 2020, 2021, NULL, NULL, 'LH201804', 2, 2),
(1419, 2, 2020, 2021, NULL, NULL, 'LH201804', 2, 5),
(1420, 2, 2020, 2021, NULL, NULL, 'LH201804', 2, 1),
(1421, 2, 2020, 2021, NULL, NULL, 'LH201804', 1, 10),
(1422, 2, 2020, 2021, NULL, NULL, 'LH201804', 6, 6),
(1423, 2, 2020, 2021, NULL, NULL, 'LH201804', 6, 8),
(1424, 2, 2020, 2021, NULL, NULL, 'LH201804', 6, 9),
(1425, 2, 2020, 2021, NULL, NULL, 'LH201804', 6, 10),
(1426, 2, 2020, 2021, NULL, NULL, 'LH201804', 3, 6),
(1427, 2, 2020, 2021, NULL, NULL, 'LH201804', 3, 3),
(1428, 2, 2020, 2021, NULL, NULL, 'LH201804', 3, 5),
(1429, 2, 2020, 2021, NULL, NULL, 'LH201804', 3, 8),
(1430, 2, 2020, 2021, NULL, NULL, 'LH201804', 4, 1),
(1431, 2, 2020, 2021, NULL, NULL, 'LH201804', 5, 5),
(1432, 2, 2020, 2021, NULL, NULL, 'LH201804', 5, 4),
(1433, 2, 2020, 2021, NULL, NULL, 'LH201804', 5, 3),
(1434, 2, 2020, 2021, NULL, NULL, 'LH201804', 5, 2),
(1435, 2, 2020, 2021, NULL, NULL, 'LH201804', 5, 1),
(1436, 2, 2020, 2021, NULL, NULL, 'LH201804', 4, 10),
(1437, 2, 2020, 2021, NULL, NULL, 'LH201804', 4, 8),
(1438, 2, 2020, 2021, NULL, NULL, 'LH201804', 4, 7),
(1439, 2, 2020, 2021, NULL, NULL, 'LH201804', 4, 9),
(1440, 2, 2020, 2021, NULL, NULL, 'LH201804', 4, 4),
(1441, 2, 2020, 2021, NULL, NULL, 'LH201804', 4, 5),
(1442, 2, 2020, 2021, NULL, NULL, 'LH201804', 4, 6),
(1443, 2, 2020, 2021, NULL, NULL, 'LH201804', 4, 3),
(1444, 2, 2020, 2021, NULL, NULL, 'LH201804', 6, 5),
(1445, 2, 2020, 2021, NULL, NULL, 'LH201804', 6, 4),
(1446, 2, 2020, 2021, NULL, NULL, 'LH201804', 6, 3),
(1447, 2, 2020, 2021, NULL, NULL, 'LH201804', 6, 2),
(1448, 2, 2020, 2021, NULL, NULL, 'LH201804', 5, 9),
(1449, 2, 2020, 2021, NULL, NULL, 'LH201804', 6, 1),
(1450, 2, 2020, 2021, NULL, NULL, 'LH201804', 5, 10),
(1451, 2, 2020, 2021, NULL, NULL, 'LH201804', 6, 7),
(1452, 2, 2020, 2021, NULL, NULL, 'LH201804', 5, 8),
(1453, 1, 2021, 2022, NULL, NULL, 'LH202001', 3, 4),
(1454, 1, 2021, 2022, NULL, NULL, 'LH202001', 1, 1),
(1455, 1, 2021, 2022, NULL, NULL, 'LH202001', 1, 2),
(1456, 1, 2021, 2022, NULL, NULL, 'LH202001', 1, 5),
(1457, 1, 2021, 2022, NULL, NULL, 'LH202001', 1, 7),
(1458, 1, 2021, 2022, NULL, NULL, 'LH202001', 1, 4),
(1459, 1, 2021, 2022, NULL, NULL, 'LH202001', 1, 3),
(1460, 1, 2021, 2022, NULL, NULL, 'LH202001', 1, 6),
(1461, 1, 2021, 2022, NULL, NULL, 'LH202001', 1, 8),
(1462, 1, 2021, 2022, NULL, NULL, 'LH202001', 1, 9),
(1463, 1, 2021, 2022, NULL, NULL, 'LH202001', 2, 1),
(1464, 1, 2021, 2022, NULL, NULL, 'LH202001', 1, 10),
(1465, 1, 2021, 2022, NULL, NULL, 'LH202001', 2, 3),
(1466, 1, 2021, 2022, NULL, NULL, 'LH202001', 2, 2),
(1467, 1, 2021, 2022, NULL, NULL, 'LH202001', 2, 10),
(1468, 1, 2021, 2022, NULL, NULL, 'LH202001', 3, 1),
(1469, 1, 2021, 2022, NULL, NULL, 'LH202001', 2, 9),
(1470, 1, 2021, 2022, NULL, NULL, 'LH202001', 2, 4),
(1471, 1, 2021, 2022, NULL, NULL, 'LH202001', 3, 7),
(1472, 1, 2021, 2022, NULL, NULL, 'LH202001', 3, 3),
(1473, 1, 2021, 2022, NULL, NULL, 'LH202001', 3, 5),
(1474, 1, 2021, 2022, NULL, NULL, 'LH202001', 3, 6),
(1475, 1, 2021, 2022, NULL, NULL, 'LH202001', 2, 8),
(1476, 1, 2021, 2022, NULL, NULL, 'LH202001', 2, 7),
(1477, 1, 2021, 2022, NULL, NULL, 'LH202001', 2, 6),
(1478, 1, 2021, 2022, NULL, NULL, 'LH202001', 2, 5),
(1479, 1, 2021, 2022, NULL, NULL, 'LH202001', 3, 2),
(1480, 1, 2021, 2022, NULL, NULL, 'LH202001', 3, 8),
(1481, 1, 2021, 2022, NULL, NULL, 'LH202001', 3, 9),
(1482, 1, 2021, 2022, NULL, NULL, 'LH202001', 3, 10),
(1483, 1, 2021, 2022, NULL, NULL, 'LH202001', 4, 1),
(1484, 1, 2021, 2022, NULL, NULL, 'LH202001', 4, 2),
(1485, 1, 2021, 2022, NULL, NULL, 'LH202001', 4, 3),
(1486, 1, 2021, 2022, NULL, NULL, 'LH202001', 4, 4),
(1487, 1, 2021, 2022, NULL, NULL, 'LH202001', 4, 5),
(1488, 1, 2021, 2022, NULL, NULL, 'LH202001', 4, 6),
(1489, 1, 2021, 2022, NULL, NULL, 'LH202001', 4, 7),
(1490, 1, 2021, 2022, NULL, NULL, 'LH202001', 4, 8),
(1491, 1, 2021, 2022, NULL, NULL, 'LH202001', 4, 9),
(1492, 1, 2021, 2022, NULL, NULL, 'LH202001', 4, 10),
(1493, 1, 2021, 2022, NULL, NULL, 'LH202001', 5, 1),
(1494, 1, 2021, 2022, NULL, NULL, 'LH202001', 5, 2),
(1495, 1, 2021, 2022, NULL, NULL, 'LH202001', 5, 3),
(1496, 1, 2021, 2022, NULL, NULL, 'LH202001', 5, 4),
(1497, 1, 2021, 2022, NULL, NULL, 'LH202001', 5, 5),
(1498, 1, 2021, 2022, NULL, NULL, 'LH202001', 5, 6),
(1499, 1, 2021, 2022, NULL, NULL, 'LH202001', 5, 7),
(1500, 1, 2021, 2022, NULL, NULL, 'LH202001', 5, 8),
(1501, 1, 2021, 2022, NULL, NULL, 'LH202001', 5, 9),
(1502, 1, 2021, 2022, NULL, NULL, 'LH202001', 5, 10),
(1503, 1, 2021, 2022, NULL, NULL, 'LH202001', 6, 1),
(1504, 1, 2021, 2022, NULL, NULL, 'LH202001', 6, 2),
(1505, 1, 2021, 2022, NULL, NULL, 'LH202001', 6, 3),
(1506, 1, 2021, 2022, NULL, NULL, 'LH202001', 6, 4),
(1507, 1, 2021, 2022, NULL, NULL, 'LH202001', 6, 5),
(1508, 1, 2021, 2022, NULL, NULL, 'LH202001', 6, 6),
(1509, 1, 2021, 2022, NULL, NULL, 'LH202001', 6, 7),
(1510, 1, 2021, 2022, NULL, NULL, 'LH202001', 6, 8),
(1511, 1, 2021, 2022, NULL, NULL, 'LH202001', 6, 9),
(1512, 1, 2021, 2022, NULL, NULL, 'LH202001', 6, 10),
(1513, 1, 2021, 2022, NULL, NULL, 'LH202002', 3, 8),
(1514, 1, 2021, 2022, NULL, NULL, 'LH202002', 3, 9),
(1515, 1, 2021, 2022, NULL, NULL, 'LH202002', 3, 10),
(1516, 1, 2021, 2022, NULL, NULL, 'LH202002', 4, 1),
(1517, 1, 2021, 2022, NULL, NULL, 'LH202002', 4, 2),
(1518, 1, 2021, 2022, NULL, NULL, 'LH202002', 4, 3),
(1519, 1, 2021, 2022, NULL, NULL, 'LH202002', 4, 4),
(1520, 1, 2021, 2022, NULL, NULL, 'LH202002', 4, 5),
(1521, 1, 2021, 2022, NULL, NULL, 'LH202002', 4, 6),
(1522, 1, 2021, 2022, NULL, NULL, 'LH202002', 4, 7),
(1523, 1, 2021, 2022, NULL, NULL, 'LH202002', 5, 7),
(1524, 1, 2021, 2022, NULL, NULL, 'LH202002', 5, 5),
(1525, 1, 2021, 2022, NULL, NULL, 'LH202002', 5, 3),
(1526, 1, 2021, 2022, NULL, NULL, 'LH202002', 5, 1),
(1527, 1, 2021, 2022, NULL, NULL, 'LH202002', 4, 9),
(1528, 1, 2021, 2022, NULL, NULL, 'LH202002', 5, 9),
(1529, 1, 2021, 2022, NULL, NULL, 'LH202002', 5, 6),
(1530, 1, 2021, 2022, NULL, NULL, 'LH202002', 5, 4),
(1531, 1, 2021, 2022, NULL, NULL, 'LH202002', 5, 2),
(1532, 1, 2021, 2022, NULL, NULL, 'LH202002', 4, 10),
(1533, 1, 2021, 2022, NULL, NULL, 'LH202002', 4, 8),
(1534, 1, 2021, 2022, NULL, NULL, 'LH202002', 5, 8),
(1535, 1, 2021, 2022, NULL, NULL, 'LH202002', 1, 3),
(1536, 1, 2021, 2022, NULL, NULL, 'LH202002', 1, 1),
(1537, 1, 2021, 2022, NULL, NULL, 'LH202002', 1, 2),
(1538, 1, 2021, 2022, NULL, NULL, 'LH202002', 1, 4),
(1539, 1, 2021, 2022, NULL, NULL, 'LH202002', 3, 1),
(1540, 1, 2021, 2022, NULL, NULL, 'LH202002', 3, 2),
(1541, 1, 2021, 2022, NULL, NULL, 'LH202002', 1, 5),
(1542, 1, 2021, 2022, NULL, NULL, 'LH202002', 3, 3),
(1543, 1, 2021, 2022, NULL, NULL, 'LH202002', 3, 4),
(1544, 1, 2021, 2022, NULL, NULL, 'LH202002', 3, 5),
(1545, 1, 2021, 2022, NULL, NULL, 'LH202002', 5, 10),
(1546, 1, 2021, 2022, NULL, NULL, 'LH202002', 3, 7),
(1547, 1, 2021, 2022, NULL, NULL, 'LH202002', 3, 6),
(1548, 1, 2021, 2022, NULL, NULL, 'LH202002', 6, 1),
(1549, 1, 2021, 2022, NULL, NULL, 'LH202002', 6, 2),
(1550, 1, 2021, 2022, NULL, NULL, 'LH202002', 6, 3),
(1551, 1, 2021, 2022, NULL, NULL, 'LH202002', 6, 4),
(1552, 1, 2021, 2022, NULL, NULL, 'LH202002', 6, 5),
(1553, 1, 2021, 2022, NULL, NULL, 'LH202002', 6, 6),
(1554, 1, 2021, 2022, NULL, NULL, 'LH202002', 6, 7),
(1555, 1, 2021, 2022, NULL, NULL, 'LH202002', 6, 8),
(1556, 1, 2021, 2022, NULL, NULL, 'LH202002', 6, 10),
(1557, 1, 2021, 2022, NULL, NULL, 'LH202002', 6, 9),
(1558, 1, 2021, 2022, NULL, NULL, 'LH202002', 2, 10),
(1559, 1, 2021, 2022, NULL, NULL, 'LH202002', 2, 9),
(1560, 1, 2021, 2022, NULL, NULL, 'LH202002', 2, 8),
(1561, 1, 2021, 2022, NULL, NULL, 'LH202002', 2, 7),
(1562, 1, 2021, 2022, NULL, NULL, 'LH202002', 2, 6),
(1563, 1, 2021, 2022, NULL, NULL, 'LH202002', 2, 5),
(1564, 1, 2021, 2022, NULL, NULL, 'LH202002', 2, 4),
(1565, 1, 2021, 2022, NULL, NULL, 'LH202002', 2, 3),
(1566, 1, 2021, 2022, NULL, NULL, 'LH202002', 2, 2),
(1567, 1, 2021, 2022, NULL, NULL, 'LH202002', 2, 1),
(1568, 1, 2021, 2022, NULL, NULL, 'LH202002', 1, 10),
(1569, 1, 2021, 2022, NULL, NULL, 'LH202002', 1, 9),
(1570, 1, 2021, 2022, NULL, NULL, 'LH202002', 1, 8),
(1571, 1, 2021, 2022, NULL, NULL, 'LH202002', 1, 6),
(1572, 1, 2021, 2022, NULL, NULL, 'LH202002', 1, 7),
(1573, 1, 2021, 2022, NULL, NULL, 'LH202003', 1, 8),
(1574, 1, 2021, 2022, NULL, NULL, 'LH202003', 1, 1),
(1575, 1, 2021, 2022, NULL, NULL, 'LH202003', 1, 2),
(1576, 1, 2021, 2022, NULL, NULL, 'LH202003', 1, 4),
(1577, 1, 2021, 2022, NULL, NULL, 'LH202003', 1, 5),
(1578, 1, 2021, 2022, NULL, NULL, 'LH202003', 1, 6),
(1579, 1, 2021, 2022, NULL, NULL, 'LH202003', 1, 3),
(1580, 1, 2021, 2022, NULL, NULL, 'LH202003', 1, 7),
(1581, 1, 2021, 2022, NULL, NULL, 'LH202003', 1, 9),
(1582, 1, 2021, 2022, NULL, NULL, 'LH202003', 1, 10),
(1583, 1, 2021, 2022, NULL, NULL, 'LH202003', 2, 1),
(1584, 1, 2021, 2022, NULL, NULL, 'LH202003', 2, 2),
(1585, 1, 2021, 2022, NULL, NULL, 'LH202003', 2, 3),
(1586, 1, 2021, 2022, NULL, NULL, 'LH202003', 2, 4),
(1587, 1, 2021, 2022, NULL, NULL, 'LH202003', 2, 5),
(1588, 1, 2021, 2022, NULL, NULL, 'LH202003', 2, 6),
(1589, 1, 2021, 2022, NULL, NULL, 'LH202003', 2, 7),
(1590, 1, 2021, 2022, NULL, NULL, 'LH202003', 2, 8),
(1591, 1, 2021, 2022, NULL, NULL, 'LH202003', 2, 9),
(1592, 1, 2021, 2022, NULL, NULL, 'LH202003', 2, 10),
(1593, 1, 2021, 2022, NULL, NULL, 'LH202003', 3, 1),
(1594, 1, 2021, 2022, NULL, NULL, 'LH202003', 3, 2),
(1595, 1, 2021, 2022, NULL, NULL, 'LH202003', 3, 3),
(1596, 1, 2021, 2022, NULL, NULL, 'LH202003', 3, 5),
(1597, 1, 2021, 2022, NULL, NULL, 'LH202003', 3, 4),
(1598, 1, 2021, 2022, NULL, NULL, 'LH202003', 3, 6),
(1599, 1, 2021, 2022, NULL, NULL, 'LH202003', 3, 7),
(1600, 1, 2021, 2022, NULL, NULL, 'LH202003', 4, 9),
(1601, 1, 2021, 2022, NULL, NULL, 'LH202003', 3, 8),
(1602, 1, 2021, 2022, NULL, NULL, 'LH202003', 4, 2),
(1603, 1, 2021, 2022, NULL, NULL, 'LH202003', 4, 3),
(1604, 1, 2021, 2022, NULL, NULL, 'LH202003', 4, 4),
(1605, 1, 2021, 2022, NULL, NULL, 'LH202003', 4, 1),
(1606, 1, 2021, 2022, NULL, NULL, 'LH202003', 3, 9),
(1607, 1, 2021, 2022, NULL, NULL, 'LH202003', 3, 10),
(1608, 1, 2021, 2022, NULL, NULL, 'LH202003', 4, 5),
(1609, 1, 2021, 2022, NULL, NULL, 'LH202003', 6, 3),
(1610, 1, 2021, 2022, NULL, NULL, 'LH202003', 6, 2),
(1611, 1, 2021, 2022, NULL, NULL, 'LH202003', 5, 7),
(1612, 1, 2021, 2022, NULL, NULL, 'LH202003', 6, 5),
(1613, 1, 2021, 2022, NULL, NULL, 'LH202003', 6, 4),
(1614, 1, 2021, 2022, NULL, NULL, 'LH202003', 5, 6),
(1615, 1, 2021, 2022, NULL, NULL, 'LH202003', 5, 5),
(1616, 1, 2021, 2022, NULL, NULL, 'LH202003', 5, 4),
(1617, 1, 2021, 2022, NULL, NULL, 'LH202003', 5, 3),
(1618, 1, 2021, 2022, NULL, NULL, 'LH202003', 5, 2),
(1619, 1, 2021, 2022, NULL, NULL, 'LH202003', 4, 10),
(1620, 1, 2021, 2022, NULL, NULL, 'LH202003', 5, 1),
(1621, 1, 2021, 2022, NULL, NULL, 'LH202003', 4, 8),
(1622, 1, 2021, 2022, NULL, NULL, 'LH202003', 4, 7),
(1623, 1, 2021, 2022, NULL, NULL, 'LH202003', 4, 6),
(1624, 1, 2021, 2022, NULL, NULL, 'LH202003', 6, 1),
(1625, 1, 2021, 2022, NULL, NULL, 'LH202003', 5, 10),
(1626, 1, 2021, 2022, NULL, NULL, 'LH202003', 5, 9),
(1627, 1, 2021, 2022, NULL, NULL, 'LH202003', 5, 8),
(1628, 1, 2021, 2022, NULL, NULL, 'LH202003', 6, 10),
(1629, 1, 2021, 2022, NULL, NULL, 'LH202003', 6, 9),
(1630, 1, 2021, 2022, NULL, NULL, 'LH202003', 6, 8),
(1631, 1, 2021, 2022, NULL, NULL, 'LH202003', 6, 6),
(1632, 1, 2021, 2022, NULL, NULL, 'LH202003', 6, 7),
(1633, 1, 2021, 2022, NULL, NULL, 'LH202004', 5, 5),
(1634, 1, 2021, 2022, NULL, NULL, 'LH202004', 1, 1),
(1635, 1, 2021, 2022, NULL, NULL, 'LH202004', 1, 2),
(1636, 1, 2021, 2022, NULL, NULL, 'LH202004', 1, 3),
(1637, 1, 2021, 2022, NULL, NULL, 'LH202004', 1, 4),
(1638, 1, 2021, 2022, NULL, NULL, 'LH202004', 1, 5),
(1639, 1, 2021, 2022, NULL, NULL, 'LH202004', 1, 6),
(1640, 1, 2021, 2022, NULL, NULL, 'LH202004', 1, 7),
(1641, 1, 2021, 2022, NULL, NULL, 'LH202004', 1, 8),
(1642, 1, 2021, 2022, NULL, NULL, 'LH202004', 1, 9),
(1643, 1, 2021, 2022, NULL, NULL, 'LH202004', 1, 10),
(1644, 1, 2021, 2022, NULL, NULL, 'LH202004', 2, 1),
(1645, 1, 2021, 2022, NULL, NULL, 'LH202004', 2, 2),
(1646, 1, 2021, 2022, NULL, NULL, 'LH202004', 2, 3),
(1647, 1, 2021, 2022, NULL, NULL, 'LH202004', 2, 4),
(1648, 1, 2021, 2022, NULL, NULL, 'LH202004', 2, 5),
(1649, 1, 2021, 2022, NULL, NULL, 'LH202004', 2, 6),
(1650, 1, 2021, 2022, NULL, NULL, 'LH202004', 2, 7),
(1651, 1, 2021, 2022, NULL, NULL, 'LH202004', 2, 8),
(1652, 1, 2021, 2022, NULL, NULL, 'LH202004', 2, 9),
(1653, 1, 2021, 2022, NULL, NULL, 'LH202004', 2, 10),
(1654, 1, 2021, 2022, NULL, NULL, 'LH202004', 3, 5),
(1655, 1, 2021, 2022, NULL, NULL, 'LH202004', 3, 1),
(1656, 1, 2021, 2022, NULL, NULL, 'LH202004', 3, 6),
(1657, 1, 2021, 2022, NULL, NULL, 'LH202004', 3, 9),
(1658, 1, 2021, 2022, NULL, NULL, 'LH202004', 3, 10),
(1659, 1, 2021, 2022, NULL, NULL, 'LH202004', 4, 1),
(1660, 1, 2021, 2022, NULL, NULL, 'LH202004', 4, 2),
(1661, 1, 2021, 2022, NULL, NULL, 'LH202004', 4, 5),
(1662, 1, 2021, 2022, NULL, NULL, 'LH202004', 4, 3),
(1663, 1, 2021, 2022, NULL, NULL, 'LH202004', 4, 4),
(1664, 1, 2021, 2022, NULL, NULL, 'LH202004', 4, 6),
(1665, 1, 2021, 2022, NULL, NULL, 'LH202004', 4, 7),
(1666, 1, 2021, 2022, NULL, NULL, 'LH202004', 4, 8),
(1667, 1, 2021, 2022, NULL, NULL, 'LH202004', 4, 9),
(1668, 1, 2021, 2022, NULL, NULL, 'LH202004', 4, 10),
(1669, 1, 2021, 2022, NULL, NULL, 'LH202004', 5, 1),
(1670, 1, 2021, 2022, NULL, NULL, 'LH202004', 5, 7),
(1671, 1, 2021, 2022, NULL, NULL, 'LH202004', 5, 3),
(1672, 1, 2021, 2022, NULL, NULL, 'LH202004', 5, 4),
(1673, 1, 2021, 2022, NULL, NULL, 'LH202004', 5, 6),
(1674, 1, 2021, 2022, NULL, NULL, 'LH202004', 5, 2),
(1675, 1, 2021, 2022, NULL, NULL, 'LH202004', 5, 9),
(1676, 1, 2021, 2022, NULL, NULL, 'LH202004', 3, 8),
(1677, 1, 2021, 2022, NULL, NULL, 'LH202004', 5, 10),
(1678, 1, 2021, 2022, NULL, NULL, 'LH202004', 6, 2),
(1679, 1, 2021, 2022, NULL, NULL, 'LH202004', 6, 4),
(1680, 1, 2021, 2022, NULL, NULL, 'LH202004', 6, 8),
(1681, 1, 2021, 2022, NULL, NULL, 'LH202004', 6, 6),
(1682, 1, 2021, 2022, NULL, NULL, 'LH202004', 3, 3),
(1683, 1, 2021, 2022, NULL, NULL, 'LH202004', 3, 2),
(1684, 1, 2021, 2022, NULL, NULL, 'LH202004', 3, 4),
(1685, 1, 2021, 2022, NULL, NULL, 'LH202004', 5, 8),
(1686, 1, 2021, 2022, NULL, NULL, 'LH202004', 3, 7),
(1687, 1, 2021, 2022, NULL, NULL, 'LH202004', 6, 1),
(1688, 1, 2021, 2022, NULL, NULL, 'LH202004', 6, 3),
(1689, 1, 2021, 2022, NULL, NULL, 'LH202004', 6, 7),
(1690, 1, 2021, 2022, NULL, NULL, 'LH202004', 6, 10),
(1691, 1, 2021, 2022, NULL, NULL, 'LH202004', 6, 9),
(1692, 1, 2021, 2022, NULL, NULL, 'LH202004', 6, 5),
(1693, 1, 2021, 2022, NULL, NULL, 'LH201901', 3, 1),
(1694, 1, 2021, 2022, NULL, NULL, 'LH201901', 3, 2),
(1695, 1, 2021, 2022, NULL, NULL, 'LH201901', 3, 5),
(1696, 1, 2021, 2022, NULL, NULL, 'LH201901', 4, 10),
(1697, 1, 2021, 2022, NULL, NULL, 'LH201901', 5, 6),
(1698, 1, 2021, 2022, NULL, NULL, 'LH201901', 1, 1),
(1699, 1, 2021, 2022, NULL, NULL, 'LH201901', 1, 2),
(1700, 1, 2021, 2022, NULL, NULL, 'LH201901', 1, 3),
(1701, 1, 2021, 2022, NULL, NULL, 'LH201901', 1, 4),
(1702, 1, 2021, 2022, NULL, NULL, 'LH201901', 1, 5),
(1703, 1, 2021, 2022, NULL, NULL, 'LH201901', 1, 6),
(1704, 1, 2021, 2022, NULL, NULL, 'LH201901', 1, 7),
(1705, 1, 2021, 2022, NULL, NULL, 'LH201901', 1, 8),
(1706, 1, 2021, 2022, NULL, NULL, 'LH201901', 1, 9),
(1707, 1, 2021, 2022, NULL, NULL, 'LH201901', 1, 10),
(1708, 1, 2021, 2022, NULL, NULL, 'LH201901', 2, 1),
(1709, 1, 2021, 2022, NULL, NULL, 'LH201901', 2, 2),
(1710, 1, 2021, 2022, NULL, NULL, 'LH201901', 2, 3),
(1711, 1, 2021, 2022, NULL, NULL, 'LH201901', 2, 4),
(1712, 1, 2021, 2022, NULL, NULL, 'LH201901', 2, 5),
(1713, 1, 2021, 2022, NULL, NULL, 'LH201901', 2, 6),
(1714, 1, 2021, 2022, NULL, NULL, 'LH201901', 2, 7),
(1715, 1, 2021, 2022, NULL, NULL, 'LH201901', 2, 8),
(1716, 1, 2021, 2022, NULL, NULL, 'LH201901', 2, 9),
(1717, 1, 2021, 2022, NULL, NULL, 'LH201901', 2, 10),
(1718, 1, 2021, 2022, NULL, NULL, 'LH201901', 3, 3),
(1719, 1, 2021, 2022, NULL, NULL, 'LH201901', 3, 4),
(1720, 1, 2021, 2022, NULL, NULL, 'LH201901', 3, 6),
(1721, 1, 2021, 2022, NULL, NULL, 'LH201901', 3, 7),
(1722, 1, 2021, 2022, NULL, NULL, 'LH201901', 3, 8),
(1723, 1, 2021, 2022, NULL, NULL, 'LH201901', 3, 9),
(1724, 1, 2021, 2022, NULL, NULL, 'LH201901', 3, 10),
(1725, 1, 2021, 2022, NULL, NULL, 'LH201901', 4, 1),
(1726, 1, 2021, 2022, NULL, NULL, 'LH201901', 4, 2),
(1727, 1, 2021, 2022, NULL, NULL, 'LH201901', 4, 3),
(1728, 1, 2021, 2022, NULL, NULL, 'LH201901', 4, 4),
(1729, 1, 2021, 2022, NULL, NULL, 'LH201901', 4, 5),
(1730, 1, 2021, 2022, NULL, NULL, 'LH201901', 4, 6),
(1731, 1, 2021, 2022, NULL, NULL, 'LH201901', 4, 7),
(1732, 1, 2021, 2022, NULL, NULL, 'LH201901', 4, 9),
(1733, 1, 2021, 2022, NULL, NULL, 'LH201901', 4, 8),
(1734, 1, 2021, 2022, NULL, NULL, 'LH201901', 5, 2),
(1735, 1, 2021, 2022, NULL, NULL, 'LH201901', 5, 1),
(1736, 1, 2021, 2022, NULL, NULL, 'LH201901', 5, 3),
(1737, 1, 2021, 2022, NULL, NULL, 'LH201901', 5, 4),
(1738, 1, 2021, 2022, NULL, NULL, 'LH201901', 5, 5),
(1739, 1, 2021, 2022, NULL, NULL, 'LH201901', 5, 9),
(1740, 1, 2021, 2022, NULL, NULL, 'LH201901', 5, 10),
(1741, 1, 2021, 2022, NULL, NULL, 'LH201901', 5, 8),
(1742, 1, 2021, 2022, NULL, NULL, 'LH201901', 5, 7),
(1743, 1, 2021, 2022, NULL, NULL, 'LH201901', 6, 1),
(1744, 1, 2021, 2022, NULL, NULL, 'LH201901', 6, 2),
(1745, 1, 2021, 2022, NULL, NULL, 'LH201901', 6, 3),
(1746, 1, 2021, 2022, NULL, NULL, 'LH201901', 6, 4),
(1747, 1, 2021, 2022, NULL, NULL, 'LH201901', 6, 5),
(1748, 1, 2021, 2022, NULL, NULL, 'LH201901', 6, 6),
(1749, 1, 2021, 2022, NULL, NULL, 'LH201901', 6, 8),
(1750, 1, 2021, 2022, NULL, NULL, 'LH201901', 6, 10),
(1751, 1, 2021, 2022, NULL, NULL, 'LH201901', 6, 9),
(1752, 1, 2021, 2022, NULL, NULL, 'LH201901', 6, 7),
(1753, 1, 2021, 2022, NULL, NULL, 'LH201902', 2, 2),
(1754, 1, 2021, 2022, NULL, NULL, 'LH201902', 2, 3),
(1755, 1, 2021, 2022, NULL, NULL, 'LH201902', 5, 3),
(1756, 1, 2021, 2022, NULL, NULL, 'LH201902', 2, 7),
(1757, 1, 2021, 2022, NULL, NULL, 'LH201902', 2, 6),
(1758, 1, 2021, 2022, NULL, NULL, 'LH201902', 1, 10),
(1759, 1, 2021, 2022, NULL, NULL, 'LH201902', 1, 7),
(1760, 1, 2021, 2022, NULL, NULL, 'LH201902', 2, 8),
(1761, 1, 2021, 2022, NULL, NULL, 'LH201902', 3, 5),
(1762, 1, 2021, 2022, NULL, NULL, 'LH201902', 3, 9),
(1763, 1, 2021, 2022, NULL, NULL, 'LH201902', 5, 1),
(1764, 1, 2021, 2022, NULL, NULL, 'LH201902', 6, 5),
(1765, 1, 2021, 2022, NULL, NULL, 'LH201902', 6, 4),
(1766, 1, 2021, 2022, NULL, NULL, 'LH201902', 6, 7),
(1767, 1, 2021, 2022, NULL, NULL, 'LH201902', 6, 6),
(1768, 1, 2021, 2022, NULL, NULL, 'LH201902', 6, 8),
(1769, 1, 2021, 2022, NULL, NULL, 'LH201902', 6, 10),
(1770, 1, 2021, 2022, NULL, NULL, 'LH201902', 6, 9),
(1771, 1, 2021, 2022, NULL, NULL, 'LH201902', 1, 2),
(1772, 1, 2021, 2022, NULL, NULL, 'LH201902', 1, 4),
(1773, 1, 2021, 2022, NULL, NULL, 'LH201902', 1, 3),
(1774, 1, 2021, 2022, NULL, NULL, 'LH201902', 1, 1),
(1775, 1, 2021, 2022, NULL, NULL, 'LH201902', 1, 5),
(1776, 1, 2021, 2022, NULL, NULL, 'LH201902', 1, 6),
(1777, 1, 2021, 2022, NULL, NULL, 'LH201902', 1, 9),
(1778, 1, 2021, 2022, NULL, NULL, 'LH201902', 1, 8),
(1779, 1, 2021, 2022, NULL, NULL, 'LH201902', 2, 5),
(1780, 1, 2021, 2022, NULL, NULL, 'LH201902', 2, 4),
(1781, 1, 2021, 2022, NULL, NULL, 'LH201902', 2, 1),
(1782, 1, 2021, 2022, NULL, NULL, 'LH201902', 3, 4),
(1783, 1, 2021, 2022, NULL, NULL, 'LH201902', 3, 3),
(1784, 1, 2021, 2022, NULL, NULL, 'LH201902', 3, 2),
(1785, 1, 2021, 2022, NULL, NULL, 'LH201902', 3, 1),
(1786, 1, 2021, 2022, NULL, NULL, 'LH201902', 2, 9),
(1787, 1, 2021, 2022, NULL, NULL, 'LH201902', 2, 10),
(1788, 1, 2021, 2022, NULL, NULL, 'LH201902', 3, 8),
(1789, 1, 2021, 2022, NULL, NULL, 'LH201902', 3, 7),
(1790, 1, 2021, 2022, NULL, NULL, 'LH201902', 3, 6),
(1791, 1, 2021, 2022, NULL, NULL, 'LH201902', 4, 10),
(1792, 1, 2021, 2022, NULL, NULL, 'LH201902', 4, 9),
(1793, 1, 2021, 2022, NULL, NULL, 'LH201902', 4, 8),
(1794, 1, 2021, 2022, NULL, NULL, 'LH201902', 4, 7),
(1795, 1, 2021, 2022, NULL, NULL, 'LH201902', 4, 6),
(1796, 1, 2021, 2022, NULL, NULL, 'LH201902', 4, 5),
(1797, 1, 2021, 2022, NULL, NULL, 'LH201902', 4, 4),
(1798, 1, 2021, 2022, NULL, NULL, 'LH201902', 4, 3),
(1799, 1, 2021, 2022, NULL, NULL, 'LH201902', 4, 2),
(1800, 1, 2021, 2022, NULL, NULL, 'LH201902', 4, 1),
(1801, 1, 2021, 2022, NULL, NULL, 'LH201902', 6, 3),
(1802, 1, 2021, 2022, NULL, NULL, 'LH201902', 6, 2),
(1803, 1, 2021, 2022, NULL, NULL, 'LH201902', 3, 10),
(1804, 1, 2021, 2022, NULL, NULL, 'LH201902', 6, 1),
(1805, 1, 2021, 2022, NULL, NULL, 'LH201902', 5, 10),
(1806, 1, 2021, 2022, NULL, NULL, 'LH201902', 5, 8),
(1807, 1, 2021, 2022, NULL, NULL, 'LH201902', 5, 9),
(1808, 1, 2021, 2022, NULL, NULL, 'LH201902', 5, 7),
(1809, 1, 2021, 2022, NULL, NULL, 'LH201902', 5, 6),
(1810, 1, 2021, 2022, NULL, NULL, 'LH201902', 5, 5),
(1811, 1, 2021, 2022, NULL, NULL, 'LH201902', 5, 4),
(1812, 1, 2021, 2022, NULL, NULL, 'LH201902', 5, 2),
(1813, 1, 2021, 2022, NULL, NULL, 'LH201903', 3, 1),
(1814, 1, 2021, 2022, NULL, NULL, 'LH201903', 2, 3),
(1815, 1, 2021, 2022, NULL, NULL, 'LH201903', 2, 9),
(1816, 1, 2021, 2022, NULL, NULL, 'LH201903', 2, 2),
(1817, 1, 2021, 2022, NULL, NULL, 'LH201903', 2, 1),
(1818, 1, 2021, 2022, NULL, NULL, 'LH201903', 1, 10),
(1819, 1, 2021, 2022, NULL, NULL, 'LH201903', 1, 9),
(1820, 1, 2021, 2022, NULL, NULL, 'LH201903', 1, 8),
(1821, 1, 2021, 2022, NULL, NULL, 'LH201903', 1, 7),
(1822, 1, 2021, 2022, NULL, NULL, 'LH201903', 1, 6),
(1823, 1, 2021, 2022, NULL, NULL, 'LH201903', 1, 5),
(1824, 1, 2021, 2022, NULL, NULL, 'LH201903', 1, 4),
(1825, 1, 2021, 2022, NULL, NULL, 'LH201903', 1, 3),
(1826, 1, 2021, 2022, NULL, NULL, 'LH201903', 1, 2),
(1827, 1, 2021, 2022, NULL, NULL, 'LH201903', 1, 1),
(1828, 1, 2021, 2022, NULL, NULL, 'LH201903', 2, 4),
(1829, 1, 2021, 2022, NULL, NULL, 'LH201903', 2, 5),
(1830, 1, 2021, 2022, NULL, NULL, 'LH201903', 2, 7),
(1831, 1, 2021, 2022, NULL, NULL, 'LH201903', 2, 8),
(1832, 1, 2021, 2022, NULL, NULL, 'LH201903', 2, 10),
(1833, 1, 2021, 2022, NULL, NULL, 'LH201903', 3, 2),
(1834, 1, 2021, 2022, NULL, NULL, 'LH201903', 3, 3),
(1835, 1, 2021, 2022, NULL, NULL, 'LH201903', 3, 4),
(1836, 1, 2021, 2022, NULL, NULL, 'LH201903', 3, 5),
(1837, 1, 2021, 2022, NULL, NULL, 'LH201903', 3, 10),
(1838, 1, 2021, 2022, NULL, NULL, 'LH201903', 4, 1),
(1839, 1, 2021, 2022, NULL, NULL, 'LH201903', 2, 6),
(1840, 1, 2021, 2022, NULL, NULL, 'LH201903', 5, 6),
(1841, 1, 2021, 2022, NULL, NULL, 'LH201903', 5, 7),
(1842, 1, 2021, 2022, NULL, NULL, 'LH201903', 5, 8),
(1843, 1, 2021, 2022, NULL, NULL, 'LH201903', 5, 9),
(1844, 1, 2021, 2022, NULL, NULL, 'LH201903', 6, 1),
(1845, 1, 2021, 2022, NULL, NULL, 'LH201903', 6, 2),
(1846, 1, 2021, 2022, NULL, NULL, 'LH201903', 6, 3),
(1847, 1, 2021, 2022, NULL, NULL, 'LH201903', 5, 10),
(1848, 1, 2021, 2022, NULL, NULL, 'LH201903', 6, 4),
(1849, 1, 2021, 2022, NULL, NULL, 'LH201903', 6, 5),
(1850, 1, 2021, 2022, NULL, NULL, 'LH201903', 6, 7),
(1851, 1, 2021, 2022, NULL, NULL, 'LH201903', 6, 6),
(1852, 1, 2021, 2022, NULL, NULL, 'LH201903', 6, 8),
(1853, 1, 2021, 2022, NULL, NULL, 'LH201903', 3, 8),
(1854, 1, 2021, 2022, NULL, NULL, 'LH201903', 3, 9),
(1855, 1, 2021, 2022, NULL, NULL, 'LH201903', 5, 5),
(1856, 1, 2021, 2022, NULL, NULL, 'LH201903', 5, 3),
(1857, 1, 2021, 2022, NULL, NULL, 'LH201903', 5, 2),
(1858, 1, 2021, 2022, NULL, NULL, 'LH201903', 5, 4),
(1859, 1, 2021, 2022, NULL, NULL, 'LH201903', 5, 1),
(1860, 1, 2021, 2022, NULL, NULL, 'LH201903', 4, 10),
(1861, 1, 2021, 2022, NULL, NULL, 'LH201903', 4, 9),
(1862, 1, 2021, 2022, NULL, NULL, 'LH201903', 4, 8),
(1863, 1, 2021, 2022, NULL, NULL, 'LH201903', 4, 7),
(1864, 1, 2021, 2022, NULL, NULL, 'LH201903', 4, 6),
(1865, 1, 2021, 2022, NULL, NULL, 'LH201903', 4, 5),
(1866, 1, 2021, 2022, NULL, NULL, 'LH201903', 4, 4),
(1867, 1, 2021, 2022, NULL, NULL, 'LH201903', 4, 3),
(1868, 1, 2021, 2022, NULL, NULL, 'LH201903', 3, 6),
(1869, 1, 2021, 2022, NULL, NULL, 'LH201903', 4, 2),
(1870, 1, 2021, 2022, NULL, NULL, 'LH201903', 6, 10),
(1871, 1, 2021, 2022, NULL, NULL, 'LH201903', 6, 9),
(1872, 1, 2021, 2022, NULL, NULL, 'LH201903', 3, 7),
(1873, 1, 2021, 2022, NULL, NULL, 'LH201904', 1, 2),
(1874, 1, 2021, 2022, NULL, NULL, 'LH201904', 1, 8),
(1875, 1, 2021, 2022, NULL, NULL, 'LH201904', 1, 7),
(1876, 1, 2021, 2022, NULL, NULL, 'LH201904', 1, 3),
(1877, 1, 2021, 2022, NULL, NULL, 'LH201904', 2, 2),
(1878, 1, 2021, 2022, NULL, NULL, 'LH201904', 1, 4),
(1879, 1, 2021, 2022, NULL, NULL, 'LH201904', 2, 3),
(1880, 1, 2021, 2022, NULL, NULL, 'LH201904', 2, 4),
(1881, 1, 2021, 2022, NULL, NULL, 'LH201904', 2, 5),
(1882, 1, 2021, 2022, NULL, NULL, 'LH201904', 2, 6),
(1883, 1, 2021, 2022, NULL, NULL, 'LH201904', 2, 7),
(1884, 1, 2021, 2022, NULL, NULL, 'LH201904', 2, 10),
(1885, 1, 2021, 2022, NULL, NULL, 'LH201904', 1, 1),
(1886, 1, 2021, 2022, NULL, NULL, 'LH201904', 3, 1),
(1887, 1, 2021, 2022, NULL, NULL, 'LH201904', 3, 3),
(1888, 1, 2021, 2022, NULL, NULL, 'LH201904', 1, 6),
(1889, 1, 2021, 2022, NULL, NULL, 'LH201904', 1, 5),
(1890, 1, 2021, 2022, NULL, NULL, 'LH201904', 3, 4),
(1891, 1, 2021, 2022, NULL, NULL, 'LH201904', 2, 1),
(1892, 1, 2021, 2022, NULL, NULL, 'LH201904', 1, 10),
(1893, 1, 2021, 2022, NULL, NULL, 'LH201904', 1, 9),
(1894, 1, 2021, 2022, NULL, NULL, 'LH201904', 3, 6),
(1895, 1, 2021, 2022, NULL, NULL, 'LH201904', 3, 8),
(1896, 1, 2021, 2022, NULL, NULL, 'LH201904', 4, 6),
(1897, 1, 2021, 2022, NULL, NULL, 'LH201904', 4, 5),
(1898, 1, 2021, 2022, NULL, NULL, 'LH201904', 6, 3),
(1899, 1, 2021, 2022, NULL, NULL, 'LH201904', 3, 9),
(1900, 1, 2021, 2022, NULL, NULL, 'LH201904', 6, 4),
(1901, 1, 2021, 2022, NULL, NULL, 'LH201904', 6, 5),
(1902, 1, 2021, 2022, NULL, NULL, 'LH201904', 6, 6),
(1903, 1, 2021, 2022, NULL, NULL, 'LH201904', 4, 8),
(1904, 1, 2021, 2022, NULL, NULL, 'LH201904', 6, 7),
(1905, 1, 2021, 2022, NULL, NULL, 'LH201904', 2, 9),
(1906, 1, 2021, 2022, NULL, NULL, 'LH201904', 2, 8),
(1907, 1, 2021, 2022, NULL, NULL, 'LH201904', 3, 2),
(1908, 1, 2021, 2022, NULL, NULL, 'LH201904', 3, 5),
(1909, 1, 2021, 2022, NULL, NULL, 'LH201904', 3, 7),
(1910, 1, 2021, 2022, NULL, NULL, 'LH201904', 4, 4),
(1911, 1, 2021, 2022, NULL, NULL, 'LH201904', 4, 3),
(1912, 1, 2021, 2022, NULL, NULL, 'LH201904', 4, 2),
(1913, 1, 2021, 2022, NULL, NULL, 'LH201904', 4, 1),
(1914, 1, 2021, 2022, NULL, NULL, 'LH201904', 3, 10),
(1915, 1, 2021, 2022, NULL, NULL, 'LH201904', 6, 2),
(1916, 1, 2021, 2022, NULL, NULL, 'LH201904', 6, 1),
(1917, 1, 2021, 2022, NULL, NULL, 'LH201904', 5, 9),
(1918, 1, 2021, 2022, NULL, NULL, 'LH201904', 5, 10),
(1919, 1, 2021, 2022, NULL, NULL, 'LH201904', 5, 8),
(1920, 1, 2021, 2022, NULL, NULL, 'LH201904', 5, 7),
(1921, 1, 2021, 2022, NULL, NULL, 'LH201904', 5, 6),
(1922, 1, 2021, 2022, NULL, NULL, 'LH201904', 5, 4),
(1923, 1, 2021, 2022, NULL, NULL, 'LH201904', 5, 5),
(1924, 1, 2021, 2022, NULL, NULL, 'LH201904', 4, 10),
(1925, 1, 2021, 2022, NULL, NULL, 'LH201904', 5, 3),
(1926, 1, 2021, 2022, NULL, NULL, 'LH201904', 5, 2),
(1927, 1, 2021, 2022, NULL, NULL, 'LH201904', 4, 9),
(1928, 1, 2021, 2022, NULL, NULL, 'LH201904', 5, 1),
(1929, 1, 2021, 2022, NULL, NULL, 'LH201904', 4, 7),
(1930, 1, 2021, 2022, NULL, NULL, 'LH201904', 6, 9),
(1931, 1, 2021, 2022, NULL, NULL, 'LH201904', 6, 10),
(1932, 1, 2021, 2022, NULL, NULL, 'LH201904', 6, 8);

--
-- Chỉ mục cho các bảng đã đổ
--

--
-- Chỉ mục cho bảng `bomon`
--
ALTER TABLE `bomon`
  ADD PRIMARY KEY (`mabm`);

--
-- Chỉ mục cho bảng `cauhoiks`
--
ALTER TABLE `cauhoiks`
  ADD PRIMARY KEY (`macauhoi`);

--
-- Chỉ mục cho bảng `diem`
--
ALTER TABLE `diem`
  ADD PRIMARY KEY (`mahs`,`malop`,`mabm`,`mahk`,`nambd`,`namkt`),
  ADD KEY `FK_DIEM_LOPHOC` (`malop`),
  ADD KEY `FK_DIEM_BOMON` (`mabm`),
  ADD KEY `FK_DIEM_HOCKY` (`mahk`,`nambd`,`namkt`);

--
-- Chỉ mục cho bảng `dotks`
--
ALTER TABLE `dotks`
  ADD PRIMARY KEY (`stt`),
  ADD KEY `FK_DOTKS_HOCKY` (`mahk`,`nambd`,`namkt`);

--
-- Chỉ mục cho bảng `giaovien`
--
ALTER TABLE `giaovien`
  ADD PRIMARY KEY (`magv`),
  ADD KEY `FK_GIAOVIEN_BOMON` (`mabm`);

--
-- Chỉ mục cho bảng `hanhkiem`
--
ALTER TABLE `hanhkiem`
  ADD PRIMARY KEY (`mahs`,`malop`,`magv`,`mahk`,`nambd`,`namkt`),
  ADD KEY `FK_HANHKIEM_LOPHOC` (`malop`),
  ADD KEY `FK_HANHKIEM_GIAOVIEN` (`magv`),
  ADD KEY `FK_HANHKIEM_HOCKY` (`mahk`,`nambd`,`namkt`);

--
-- Chỉ mục cho bảng `hocky`
--
ALTER TABLE `hocky`
  ADD PRIMARY KEY (`mahk`,`nambd`,`namkt`);

--
-- Chỉ mục cho bảng `hocsinh`
--
ALTER TABLE `hocsinh`
  ADD PRIMARY KEY (`mahs`),
  ADD KEY `FK_HOCSINH_LOPHOC` (`malop`);

--
-- Chỉ mục cho bảng `kqkhaosat`
--
ALTER TABLE `kqkhaosat`
  ADD PRIMARY KEY (`macauhoi`,`mahs`,`mahk`,`nambd`,`namkt`),
  ADD KEY `FK_KQKHAOSAT_HOCKY` (`mahk`,`nambd`,`namkt`);

--
-- Chỉ mục cho bảng `lichthi`
--
ALTER TABLE `lichthi`
  ADD PRIMARY KEY (`malt`),
  ADD KEY `FK_LICHTHI_PHONGHOC` (`maphong`),
  ADD KEY `FK_LICHTHI_BOMON` (`mabm`),
  ADD KEY `FK_LICHTHI_GIAOVIEN1` (`giamthi1`),
  ADD KEY `FK_LICHTHI_GIAOVIEN2` (`giamthi2`),
  ADD KEY `FK_LICHTHI_HOCKY` (`mahk`,`nambd`,`namkt`);

--
-- Chỉ mục cho bảng `loainv`
--
ALTER TABLE `loainv`
  ADD PRIMARY KEY (`maloai`);

--
-- Chỉ mục cho bảng `lophoc`
--
ALTER TABLE `lophoc`
  ADD PRIMARY KEY (`malop`),
  ADD KEY `FK_LOPHOC_GIAOVIEN` (`magvcn`),
  ADD KEY `FK_LOPHOC_PHONGHOC` (`maphong`);

--
-- Chỉ mục cho bảng `nguoidung`
--
ALTER TABLE `nguoidung`
  ADD PRIMARY KEY (`tenDangNhap`);

--
-- Chỉ mục cho bảng `nguoithan`
--
ALTER TABLE `nguoithan`
  ADD PRIMARY KEY (`stt`),
  ADD KEY `FK_NGUOITHAN_HOCSINH` (`mahs`);

--
-- Chỉ mục cho bảng `nhanvien`
--
ALTER TABLE `nhanvien`
  ADD PRIMARY KEY (`manv`),
  ADD KEY `FK_NHANVIEN_LOAINV` (`maloainv`);

--
-- Chỉ mục cho bảng `phonghoc`
--
ALTER TABLE `phonghoc`
  ADD PRIMARY KEY (`maphong`);

--
-- Chỉ mục cho bảng `phongthi`
--
ALTER TABLE `phongthi`
  ADD PRIMARY KEY (`maphongthi`,`phonghoc`,`mahs`,`mahk`,`nambd`,`namkt`),
  ADD KEY `FK_PHONGTHI_PHONGHOC` (`phonghoc`),
  ADD KEY `FK_PHONGTHI_HOCSINH` (`mahs`),
  ADD KEY `FK_PHONGTHI_HOCKY` (`mahk`,`nambd`,`namkt`);

--
-- Chỉ mục cho bảng `phuckhao`
--
ALTER TABLE `phuckhao`
  ADD PRIMARY KEY (`mapk`),
  ADD KEY `FK_PHUCKHAO_GIAOVIEN` (`magv`),
  ADD KEY `FK_PHUCKHAO_BOMON` (`mabm`),
  ADD KEY `FK_PHUCKHAO_HOCKY` (`mahk`,`nambd`,`namkt`),
  ADD KEY `FK_PHUCKHAO_HOCSINH` (`mahs`);

--
-- Chỉ mục cho bảng `thoikhoabieu`
--
ALTER TABLE `thoikhoabieu`
  ADD PRIMARY KEY (`stt`),
  ADD KEY `FK_THOIKHOABIEU_GIAOVIEN` (`magv`),
  ADD KEY `FK_THOIKHOABIEU_BOMON` (`mabm`),
  ADD KEY `FK_THOIKHOABIEU_LOPHOC` (`malop`),
  ADD KEY `FK_THOIKHOABIEU_HOCKY` (`mahk`,`nambd`,`namkt`);

--
-- AUTO_INCREMENT cho các bảng đã đổ
--

--
-- AUTO_INCREMENT cho bảng `dotks`
--
ALTER TABLE `dotks`
  MODIFY `stt` int(11) NOT NULL AUTO_INCREMENT, AUTO_INCREMENT=4;

--
-- AUTO_INCREMENT cho bảng `nguoithan`
--
ALTER TABLE `nguoithan`
  MODIFY `stt` int(11) NOT NULL AUTO_INCREMENT;

--
-- AUTO_INCREMENT cho bảng `thoikhoabieu`
--
ALTER TABLE `thoikhoabieu`
  MODIFY `stt` int(11) NOT NULL AUTO_INCREMENT, AUTO_INCREMENT=1933;

--
-- Các ràng buộc cho các bảng đã đổ
--

--
-- Các ràng buộc cho bảng `diem`
--
ALTER TABLE `diem`
  ADD CONSTRAINT `FK_DIEM_BOMON` FOREIGN KEY (`mabm`) REFERENCES `bomon` (`mabm`),
  ADD CONSTRAINT `FK_DIEM_HOCKY` FOREIGN KEY (`mahk`,`nambd`,`namkt`) REFERENCES `hocky` (`mahk`, `nambd`, `namkt`),
  ADD CONSTRAINT `FK_DIEM_HOCSINH` FOREIGN KEY (`mahs`) REFERENCES `hocsinh` (`mahs`),
  ADD CONSTRAINT `FK_DIEM_LOPHOC` FOREIGN KEY (`malop`) REFERENCES `lophoc` (`malop`);

--
-- Các ràng buộc cho bảng `dotks`
--
ALTER TABLE `dotks`
  ADD CONSTRAINT `FK_DOTKS_HOCKY` FOREIGN KEY (`mahk`,`nambd`,`namkt`) REFERENCES `hocky` (`mahk`, `nambd`, `namkt`);

--
-- Các ràng buộc cho bảng `giaovien`
--
ALTER TABLE `giaovien`
  ADD CONSTRAINT `FK_GIAOVIEN_BOMON` FOREIGN KEY (`mabm`) REFERENCES `bomon` (`mabm`),
  ADD CONSTRAINT `FK_GIAOVIEN_NGUOIDUNG` FOREIGN KEY (`magv`) REFERENCES `nguoidung` (`tenDangNhap`);

--
-- Các ràng buộc cho bảng `hanhkiem`
--
ALTER TABLE `hanhkiem`
  ADD CONSTRAINT `FK_HANHKIEM_GIAOVIEN` FOREIGN KEY (`magv`) REFERENCES `giaovien` (`magv`),
  ADD CONSTRAINT `FK_HANHKIEM_HOCKY` FOREIGN KEY (`mahk`,`nambd`,`namkt`) REFERENCES `hocky` (`mahk`, `nambd`, `namkt`),
  ADD CONSTRAINT `FK_HANHKIEM_HOCSINH` FOREIGN KEY (`mahs`) REFERENCES `hocsinh` (`mahs`),
  ADD CONSTRAINT `FK_HANHKIEM_LOPHOC` FOREIGN KEY (`malop`) REFERENCES `lophoc` (`malop`);

--
-- Các ràng buộc cho bảng `hocsinh`
--
ALTER TABLE `hocsinh`
  ADD CONSTRAINT `FK_HOCSINH_LOPHOC` FOREIGN KEY (`malop`) REFERENCES `lophoc` (`malop`),
  ADD CONSTRAINT `FK_HOCSINH_NGUOIDUNG` FOREIGN KEY (`mahs`) REFERENCES `nguoidung` (`tenDangNhap`);

--
-- Các ràng buộc cho bảng `kqkhaosat`
--
ALTER TABLE `kqkhaosat`
  ADD CONSTRAINT `FK_KQKHAOSAT_CAUHOIKS` FOREIGN KEY (`macauhoi`) REFERENCES `cauhoiks` (`macauhoi`),
  ADD CONSTRAINT `FK_KQKHAOSAT_HOCKY` FOREIGN KEY (`mahk`,`nambd`,`namkt`) REFERENCES `hocky` (`mahk`, `nambd`, `namkt`);

--
-- Các ràng buộc cho bảng `lichthi`
--
ALTER TABLE `lichthi`
  ADD CONSTRAINT `FK_LICHTHI_BOMON` FOREIGN KEY (`mabm`) REFERENCES `bomon` (`mabm`),
  ADD CONSTRAINT `FK_LICHTHI_GIAOVIEN1` FOREIGN KEY (`giamthi1`) REFERENCES `giaovien` (`magv`),
  ADD CONSTRAINT `FK_LICHTHI_GIAOVIEN2` FOREIGN KEY (`giamthi2`) REFERENCES `giaovien` (`magv`),
  ADD CONSTRAINT `FK_LICHTHI_HOCKY` FOREIGN KEY (`mahk`,`nambd`,`namkt`) REFERENCES `hocky` (`mahk`, `nambd`, `namkt`),
  ADD CONSTRAINT `FK_LICHTHI_PHONGHOC` FOREIGN KEY (`maphong`) REFERENCES `phonghoc` (`maphong`);

--
-- Các ràng buộc cho bảng `lophoc`
--
ALTER TABLE `lophoc`
  ADD CONSTRAINT `FK_LOPHOC_GIAOVIEN` FOREIGN KEY (`magvcn`) REFERENCES `giaovien` (`magv`),
  ADD CONSTRAINT `FK_LOPHOC_PHONGHOC` FOREIGN KEY (`maphong`) REFERENCES `phonghoc` (`maphong`);

--
-- Các ràng buộc cho bảng `nguoithan`
--
ALTER TABLE `nguoithan`
  ADD CONSTRAINT `FK_NGUOITHAN_HOCSINH` FOREIGN KEY (`mahs`) REFERENCES `hocsinh` (`mahs`);

--
-- Các ràng buộc cho bảng `nhanvien`
--
ALTER TABLE `nhanvien`
  ADD CONSTRAINT `FK_NHANVIEN_LOAINV` FOREIGN KEY (`maloainv`) REFERENCES `loainv` (`maloai`),
  ADD CONSTRAINT `FK_NHANVIEN_NGUOIDUNG` FOREIGN KEY (`manv`) REFERENCES `nguoidung` (`tenDangNhap`);

--
-- Các ràng buộc cho bảng `phongthi`
--
ALTER TABLE `phongthi`
  ADD CONSTRAINT `FK_PHONGTHI_HOCKY` FOREIGN KEY (`mahk`,`nambd`,`namkt`) REFERENCES `hocky` (`mahk`, `nambd`, `namkt`),
  ADD CONSTRAINT `FK_PHONGTHI_HOCSINH` FOREIGN KEY (`mahs`) REFERENCES `hocsinh` (`mahs`),
  ADD CONSTRAINT `FK_PHONGTHI_PHONGHOC` FOREIGN KEY (`phonghoc`) REFERENCES `phonghoc` (`maphong`);

--
-- Các ràng buộc cho bảng `phuckhao`
--
ALTER TABLE `phuckhao`
  ADD CONSTRAINT `FK_PHUCKHAO_BOMON` FOREIGN KEY (`mabm`) REFERENCES `bomon` (`mabm`),
  ADD CONSTRAINT `FK_PHUCKHAO_GIAOVIEN` FOREIGN KEY (`magv`) REFERENCES `giaovien` (`magv`),
  ADD CONSTRAINT `FK_PHUCKHAO_HOCKY` FOREIGN KEY (`mahk`,`nambd`,`namkt`) REFERENCES `hocky` (`mahk`, `nambd`, `namkt`),
  ADD CONSTRAINT `FK_PHUCKHAO_HOCSINH` FOREIGN KEY (`mahs`) REFERENCES `hocsinh` (`mahs`);

--
-- Các ràng buộc cho bảng `thoikhoabieu`
--
ALTER TABLE `thoikhoabieu`
  ADD CONSTRAINT `FK_THOIKHOABIEU_BOMON` FOREIGN KEY (`mabm`) REFERENCES `bomon` (`mabm`),
  ADD CONSTRAINT `FK_THOIKHOABIEU_GIAOVIEN` FOREIGN KEY (`magv`) REFERENCES `giaovien` (`magv`),
  ADD CONSTRAINT `FK_THOIKHOABIEU_HOCKY` FOREIGN KEY (`mahk`,`nambd`,`namkt`) REFERENCES `hocky` (`mahk`, `nambd`, `namkt`),
  ADD CONSTRAINT `FK_THOIKHOABIEU_LOPHOC` FOREIGN KEY (`malop`) REFERENCES `lophoc` (`malop`);
COMMIT;

/*!40101 SET CHARACTER_SET_CLIENT=@OLD_CHARACTER_SET_CLIENT */;
/*!40101 SET CHARACTER_SET_RESULTS=@OLD_CHARACTER_SET_RESULTS */;
/*!40101 SET COLLATION_CONNECTION=@OLD_COLLATION_CONNECTION */;
