/*BOMON*/
INSERT INTO BOMON
    (mabm, tenbm)
VALUES
    ('Toan', N'Toán');
INSERT INTO BOMON
    (mabm, tenbm)
VALUES
    ('NguVan', N'Ngữ văn');
INSERT INTO BOMON
    (mabm, tenbm)
VALUES
    ('AnhVan', N'Anh văn');
INSERT INTO BOMON
    (mabm, tenbm)
VALUES
    ('VatLy', N'Vật lý');
INSERT INTO BOMON
    (mabm, tenbm)
VALUES
    ('HoaHoc', N'Hóa học');
INSERT INTO BOMON
    (mabm, tenbm)
VALUES
    ('SinhHoc', N'Sinh học');
INSERT INTO BOMON
    (mabm, tenbm)
VALUES
    ('LichSu', N'Lịch sử');
INSERT INTO BOMON
    (mabm, tenbm)
VALUES
    ('DiaLy', N'Địa lý');
INSERT INTO BOMON
    (mabm, tenbm)
VALUES
    ('GDCD', N'Giáo dục công nhân');
INSERT INTO BOMON
    (mabm, tenbm)
VALUES
    ('GDQP', N'Giáo dục quốc phòng');
INSERT INTO BOMON
    (mabm, tenbm)
VALUES
    ('TinHoc', N'Tin học');
INSERT INTO BOMON
    (mabm, tenbm)
VALUES
    ('CongNghe', N'Công nghệ');
INSERT INTO BOMON
    (mabm, tenbm)
VALUES
    ('TheDuc', N'Thể dục');

/*NGUOIDUNG*/

/*GIAOVIEN*/
INSERT INTO NGUOIDUNG
    (tenDangNhap, matKhau, cmnd, loai)
VALUES
    ('GV01', 'GV01', '215487789', 2);
INSERT INTO NGUOIDUNG
    (tenDangNhap, matKhau, cmnd, loai)
VALUES
    ('GV02', 'GV02', '215487789', 2);
INSERT INTO NGUOIDUNG
    (tenDangNhap, matKhau, cmnd, loai)
VALUES
    ('GV03', 'GV03', '215487789', 2);
INSERT INTO NGUOIDUNG
    (tenDangNhap, matKhau, cmnd, loai)
VALUES
    ('GV04', 'GV04', '215487789', 2);
INSERT INTO NGUOIDUNG
    (tenDangNhap, matKhau, cmnd, loai)
VALUES
    ('GV05', 'GV05', '215487789', 2);
INSERT INTO NGUOIDUNG
    (tenDangNhap, matKhau, cmnd, loai)
VALUES
    ('GV06', 'GV06', '215487789', 2);
INSERT INTO NGUOIDUNG
    (tenDangNhap, matKhau, cmnd, loai)
VALUES
    ('GV07', 'GV07', '215487789', 2);
INSERT INTO NGUOIDUNG
    (tenDangNhap, matKhau, cmnd, loai)
VALUES
    ('GV08', 'GV08', '215487789', 2);
INSERT INTO NGUOIDUNG
    (tenDangNhap, matKhau, cmnd, loai)
VALUES
    ('GV09', 'GV09', '215487789', 2);
INSERT INTO NGUOIDUNG
    (tenDangNhap, matKhau, cmnd, loai)
VALUES
    ('GV10', 'GV10', '215487789', 2);
INSERT INTO NGUOIDUNG
    (tenDangNhap, matKhau, cmnd, loai)
VALUES
    ('GV11', 'GV11', '215487789', 2);
INSERT INTO NGUOIDUNG
    (tenDangNhap, matKhau, cmnd, loai)
VALUES
    ('GV12', 'GV12', '215487789', 2);
INSERT INTO NGUOIDUNG
    (tenDangNhap, matKhau, cmnd, loai)
VALUES
    ('GV13', 'GV13', '215487789', 2);
INSERT INTO NGUOIDUNG
    (tenDangNhap, matKhau, cmnd, loai)
VALUES
    ('GV14', 'GV14', '215487789', 2);
INSERT INTO NGUOIDUNG
    (tenDangNhap, matKhau, cmnd, loai)
VALUES
    ('GV15', 'GV15', '215487789', 2);

/*Admin*/
INSERT INTO NGUOIDUNG
    (tenDangNhap, matKhau, cmnd, loai)
VALUES
    ('admin', 'admin', '215487789', 5);

/*HOCSINH*/

/*HS2018*/
INSERT INTO NGUOIDUNG
    (tenDangNhap, matKhau, cmnd, loai)
VALUES
    ('HS20180101', 'HS20180101', '215487789', 1);
INSERT INTO NGUOIDUNG
    (tenDangNhap, matKhau, cmnd, loai)
VALUES
    ('HS20180102', 'HS20180102', '215487789', 1);
INSERT INTO NGUOIDUNG
    (tenDangNhap, matKhau, cmnd, loai)
VALUES
    ('HS20180103', 'HS20180103', '215487789', 1);
INSERT INTO NGUOIDUNG
    (tenDangNhap, matKhau, cmnd, loai)
VALUES
    ('HS20180104', 'HS20180104', '215487789', 1);
INSERT INTO NGUOIDUNG
    (tenDangNhap, matKhau, cmnd, loai)
VALUES
    ('HS20180105', 'HS20180105', '215487789', 1);

INSERT INTO NGUOIDUNG
    (tenDangNhap, matKhau, cmnd, loai)
VALUES
    ('HS20180201', 'HS20180201', '215487789', 1);
INSERT INTO NGUOIDUNG
    (tenDangNhap, matKhau, cmnd, loai)
VALUES
    ('HS20180202', 'HS20180202', '215487789', 1);
INSERT INTO NGUOIDUNG
    (tenDangNhap, matKhau, cmnd, loai)
VALUES
    ('HS20180203', 'HS20180203', '215487789', 1);
INSERT INTO NGUOIDUNG
    (tenDangNhap, matKhau, cmnd, loai)
VALUES
    ('HS20180204', 'HS20180204', '215487789', 1);
INSERT INTO NGUOIDUNG
    (tenDangNhap, matKhau, cmnd, loai)
VALUES
    ('HS20180205', 'HS20180205', '215487789', 1);

INSERT INTO NGUOIDUNG
    (tenDangNhap, matKhau, cmnd, loai)
VALUES
    ('HS20180301', 'HS20180301', '215487789', 1);
INSERT INTO NGUOIDUNG
    (tenDangNhap, matKhau, cmnd, loai)
VALUES
    ('HS20180302', 'HS20180302', '215487789', 1);
INSERT INTO NGUOIDUNG
    (tenDangNhap, matKhau, cmnd, loai)
VALUES
    ('HS20180303', 'HS20180303', '215487789', 1);
INSERT INTO NGUOIDUNG
    (tenDangNhap, matKhau, cmnd, loai)
VALUES
    ('HS20180304', 'HS20180304', '215487789', 1);
INSERT INTO NGUOIDUNG
    (tenDangNhap, matKhau, cmnd, loai)
VALUES
    ('HS20180305', 'HS20180305', '215487789', 1);

INSERT INTO NGUOIDUNG
    (tenDangNhap, matKhau, cmnd, loai)
VALUES
    ('HS20180401', 'HS20180401', '215487789', 1);
INSERT INTO NGUOIDUNG
    (tenDangNhap, matKhau, cmnd, loai)
VALUES
    ('HS20180402', 'HS20180402', '215487789', 1);
INSERT INTO NGUOIDUNG
    (tenDangNhap, matKhau, cmnd, loai)
VALUES
    ('HS20180403', 'HS20180403', '215487789', 1);
INSERT INTO NGUOIDUNG
    (tenDangNhap, matKhau, cmnd, loai)
VALUES
    ('HS20180404', 'HS20180404', '215487789', 1);
INSERT INTO NGUOIDUNG
    (tenDangNhap, matKhau, cmnd, loai)
VALUES
    ('HS20180405', 'HS20180405', '215487789', 1);

/*HS2019*/
INSERT INTO NGUOIDUNG
    (tenDangNhap, matKhau, cmnd, loai)
VALUES
    ('HS20190101', 'HS20190101', '215487789', 1);
INSERT INTO NGUOIDUNG
    (tenDangNhap, matKhau, cmnd, loai)
VALUES
    ('HS20190102', 'HS20190102', '215487789', 1);
INSERT INTO NGUOIDUNG
    (tenDangNhap, matKhau, cmnd, loai)
VALUES
    ('HS20190103', 'HS20190103', '215487789', 1);
INSERT INTO NGUOIDUNG
    (tenDangNhap, matKhau, cmnd, loai)
VALUES
    ('HS20190104', 'HS20190104', '215487789', 1);
INSERT INTO NGUOIDUNG
    (tenDangNhap, matKhau, cmnd, loai)
VALUES
    ('HS20190105', 'HS20190105', '215487789', 1);

INSERT INTO NGUOIDUNG
    (tenDangNhap, matKhau, cmnd, loai)
VALUES
    ('HS20190201', 'HS20190201', '215487789', 1);
INSERT INTO NGUOIDUNG
    (tenDangNhap, matKhau, cmnd, loai)
VALUES
    ('HS20190202', 'HS20190202', '215487789', 1);
INSERT INTO NGUOIDUNG
    (tenDangNhap, matKhau, cmnd, loai)
VALUES
    ('HS20190203', 'HS20190203', '215487789', 1);
INSERT INTO NGUOIDUNG
    (tenDangNhap, matKhau, cmnd, loai)
VALUES
    ('HS20190204', 'HS20190204', '215487789', 1);
INSERT INTO NGUOIDUNG
    (tenDangNhap, matKhau, cmnd, loai)
VALUES
    ('HS20190205', 'HS20190205', '215487789', 1);

INSERT INTO NGUOIDUNG
    (tenDangNhap, matKhau, cmnd, loai)
VALUES
    ('HS20190301', 'HS20190301', '215487789', 1);
INSERT INTO NGUOIDUNG
    (tenDangNhap, matKhau, cmnd, loai)
VALUES
    ('HS20190302', 'HS20190302', '215487789', 1);
INSERT INTO NGUOIDUNG
    (tenDangNhap, matKhau, cmnd, loai)
VALUES
    ('HS20190303', 'HS20190303', '215487789', 1);
INSERT INTO NGUOIDUNG
    (tenDangNhap, matKhau, cmnd, loai)
VALUES
    ('HS20190304', 'HS20190304', '215487789', 1);
INSERT INTO NGUOIDUNG
    (tenDangNhap, matKhau, cmnd, loai)
VALUES
    ('HS20190305', 'HS20190305', '215487789', 1);

INSERT INTO NGUOIDUNG
    (tenDangNhap, matKhau, cmnd, loai)
VALUES
    ('HS20190401', 'HS20190401', '215487789', 1);
INSERT INTO NGUOIDUNG
    (tenDangNhap, matKhau, cmnd, loai)
VALUES
    ('HS20190402', 'HS20190402', '215487789', 1);
INSERT INTO NGUOIDUNG
    (tenDangNhap, matKhau, cmnd, loai)
VALUES
    ('HS20190403', 'HS20190403', '215487789', 1);
INSERT INTO NGUOIDUNG
    (tenDangNhap, matKhau, cmnd, loai)
VALUES
    ('HS20190404', 'HS20190404', '215487789', 1);
INSERT INTO NGUOIDUNG
    (tenDangNhap, matKhau, cmnd, loai)
VALUES
    ('HS20190405', 'HS20190405', '215487789', 1);

/*HS2020*/
INSERT INTO NGUOIDUNG
    (tenDangNhap, matKhau, cmnd, loai)
VALUES
    ('HS20200101', 'HS20200101', '215487789', 1);
INSERT INTO NGUOIDUNG
    (tenDangNhap, matKhau, cmnd, loai)
VALUES
    ('HS20200102', 'HS20200102', '215487789', 1);
INSERT INTO NGUOIDUNG
    (tenDangNhap, matKhau, cmnd, loai)
VALUES
    ('HS20200103', 'HS20200103', '215487789', 1);
INSERT INTO NGUOIDUNG
    (tenDangNhap, matKhau, cmnd, loai)
VALUES
    ('HS20200104', 'HS20200104', '215487789', 1);
INSERT INTO NGUOIDUNG
    (tenDangNhap, matKhau, cmnd, loai)
VALUES
    ('HS20200105', 'HS20200105', '215487789', 1);

INSERT INTO NGUOIDUNG
    (tenDangNhap, matKhau, cmnd, loai)
VALUES
    ('HS20200201', 'HS20200201', '215487789', 1);
INSERT INTO NGUOIDUNG
    (tenDangNhap, matKhau, cmnd, loai)
VALUES
    ('HS20200202', 'HS20200202', '215487789', 1);
INSERT INTO NGUOIDUNG
    (tenDangNhap, matKhau, cmnd, loai)
VALUES
    ('HS20200203', 'HS20200203', '215487789', 1);
INSERT INTO NGUOIDUNG
    (tenDangNhap, matKhau, cmnd, loai)
VALUES
    ('HS20200204', 'HS20200204', '215487789', 1);
INSERT INTO NGUOIDUNG
    (tenDangNhap, matKhau, cmnd, loai)
VALUES
    ('HS20200205', 'HS20200205', '215487789', 1);

INSERT INTO NGUOIDUNG
    (tenDangNhap, matKhau, cmnd, loai)
VALUES
    ('HS20200301', 'HS20200301', '215487789', 1);
INSERT INTO NGUOIDUNG
    (tenDangNhap, matKhau, cmnd, loai)
VALUES
    ('HS20200302', 'HS20200302', '215487789', 1);
INSERT INTO NGUOIDUNG
    (tenDangNhap, matKhau, cmnd, loai)
VALUES
    ('HS20200303', 'HS20200303', '215487789', 1);
INSERT INTO NGUOIDUNG
    (tenDangNhap, matKhau, cmnd, loai)
VALUES
    ('HS20200304', 'HS20200304', '215487789', 1);
INSERT INTO NGUOIDUNG
    (tenDangNhap, matKhau, cmnd, loai)
VALUES
    ('HS20200305', 'HS20200305', '215487789', 1);

INSERT INTO NGUOIDUNG
    (tenDangNhap, matKhau, cmnd, loai)
VALUES
    ('HS20200401', 'HS20200401', '215487789', 1);
INSERT INTO NGUOIDUNG
    (tenDangNhap, matKhau, cmnd, loai)
VALUES
    ('HS20200402', 'HS20200402', '215487789', 1);
INSERT INTO NGUOIDUNG
    (tenDangNhap, matKhau, cmnd, loai)
VALUES
    ('HS20200403', 'HS20200403', '215487789', 1);
INSERT INTO NGUOIDUNG
    (tenDangNhap, matKhau, cmnd, loai)
VALUES
    ('HS20200404', 'HS20200404', '215487789', 1);
INSERT INTO NGUOIDUNG
    (tenDangNhap, matKhau, cmnd, loai)
VALUES
    ('HS20200405', 'HS20200405', '215487789', 1);





/*GIAOVIEN*/
INSERT INTO GIAOVIEN
    (magv, ngaysinh, hoten, gioitinh, diachi, std, mabm, trangthai)
VALUES
    ('GV01', '1980-06-15', N'Nguyễn Văn Toán', 1, N'01 Trần Hưng Đạo, Quận 1, TP.HCM', '0987654321', 'Toan', 1);
INSERT INTO GIAOVIEN
    (magv, ngaysinh, hoten, gioitinh, diachi, std, mabm, trangthai)
VALUES
    ('GV02', '1980-06-15', N'Nguyễn Văn Ngữ Văn', 1, N'01 Trần Hưng Đạo, Quận 1, TP.HCM', '0987654321', 'NguVan', 1);
INSERT INTO GIAOVIEN
    (magv, ngaysinh, hoten, gioitinh, diachi, std, mabm, trangthai)
VALUES
    ('GV03', '1980-06-15', N'Nguyễn Văn Tiếng Anh', 1, N'01 Trần Hưng Đạo, Quận 1, TP.HCM', '0987654321', 'AnhVan', 1);
INSERT INTO GIAOVIEN
    (magv, ngaysinh, hoten, gioitinh, diachi, std, mabm, trangthai)
VALUES
    ('GV04', '1980-06-15', N'Nguyễn Văn Vật Lý', 1, N'01 Trần Hưng Đạo, Quận 1, TP.HCM', '0987654321', 'VatLy', 1);
INSERT INTO GIAOVIEN
    (magv, ngaysinh, hoten, gioitinh, diachi, std, mabm, trangthai)
VALUES
    ('GV05', '1980-06-15', N'Nguyễn Văn Hóa Học', 1, N'01 Trần Hưng Đạo, Quận 1, TP.HCM', '0987654321', 'HoaHoc', 1);
INSERT INTO GIAOVIEN
    (magv, ngaysinh, hoten, gioitinh, diachi, std, mabm, trangthai)
VALUES
    ('GV06', '1980-06-15', N'Nguyễn Văn Sinh Học', 1, N'01 Trần Hưng Đạo, Quận 1, TP.HCM', '0987654321', 'SinhHoc', 1);
INSERT INTO GIAOVIEN
    (magv, ngaysinh, hoten, gioitinh, diachi, std, mabm, trangthai)
VALUES
    ('GV07', '1980-06-15', N'Nguyễn Văn Lịch Sử', 1, N'01 Trần Hưng Đạo, Quận 1, TP.HCM', '0987654321', 'LichSu', 1);
INSERT INTO GIAOVIEN
    (magv, ngaysinh, hoten, gioitinh, diachi, std, mabm, trangthai)
VALUES
    ('GV08', '1980-06-15', N'Nguyễn Văn Địa Lý', 1, N'01 Trần Hưng Đạo, Quận 1, TP.HCM', '0987654321', 'DiaLy', 1);
INSERT INTO GIAOVIEN
    (magv, ngaysinh, hoten, gioitinh, diachi, std, mabm, trangthai)
VALUES
    ('GV09', '1980-06-15', N'Nguyễn Văn Công Dân', 1, N'01 Trần Hưng Đạo, Quận 1, TP.HCM', '0987654321', 'GDCD', 1);
INSERT INTO GIAOVIEN
    (magv, ngaysinh, hoten, gioitinh, diachi, std, mabm, trangthai)
VALUES
    ('GV10', '1980-06-15', N'Nguyễn Văn Tin Học', 1, N'01 Trần Hưng Đạo, Quận 1, TP.HCM', '0987654321', 'TinHoc', 1);
INSERT INTO GIAOVIEN
    (magv, ngaysinh, hoten, gioitinh, diachi, std, mabm, trangthai)
VALUES
    ('GV11', '1980-06-15', N'Nguyễn Văn Quốc Phòng', 1, N'01 Trần Hưng Đạo, Quận 1, TP.HCM', '0987654321', 'GDQP', 1);
INSERT INTO GIAOVIEN
    (magv, ngaysinh, hoten, gioitinh, diachi, std, mabm, trangthai)
VALUES
    ('GV12', '1980-06-15', N'Nguyễn Văn Thể Chất', 1, N'01 Trần Hưng Đạo, Quận 1, TP.HCM', '0987654321', 'TheDuc', 1);
INSERT INTO GIAOVIEN
    (magv, ngaysinh, hoten, gioitinh, diachi, std, mabm, trangthai)
VALUES
    ('GV13', '1980-06-15', N'Nguyễn Văn Toán Học', 1, N'01 Trần Hưng Đạo, Quận 1, TP.HCM', '0987654321', 'Toan', 1);
INSERT INTO GIAOVIEN
    (magv, ngaysinh, hoten, gioitinh, diachi, std, mabm, trangthai)
VALUES
    ('GV14', '1980-06-15', N'Nguyễn Văn Toán Hình', 1, N'01 Trần Hưng Đạo, Quận 1, TP.HCM', '0987654321', 'Toan', 1);
INSERT INTO GIAOVIEN
    (magv, ngaysinh, hoten, gioitinh, diachi, std, mabm, trangthai)
VALUES
    ('GV15', '1980-06-15', N'Nguyễn Văn Văn', 1, N'01 Trần Hưng Đạo, Quận 1, TP.HCM', '0987654321', 'NguVan', 1);


/*PHONGHOC*/
INSERT INTO PHONGHOC
    (maphong, tenphong, loaiphong)
VALUES
    ('01', N'A01', 'Thuong');
INSERT INTO PHONGHOC
    (maphong, tenphong, loaiphong)
VALUES
    ('02', N'A02', 'Thuong');
INSERT INTO PHONGHOC
    (maphong, tenphong, loaiphong)
VALUES
    ('03', N'A03', 'Thuong');
INSERT INTO PHONGHOC
    (maphong, tenphong, loaiphong)
VALUES
    ('04', N'A04', 'Thuong');
INSERT INTO PHONGHOC
    (maphong, tenphong, loaiphong)
VALUES
    ('05', N'B01', 'Thuong');
INSERT INTO PHONGHOC
    (maphong, tenphong, loaiphong)
VALUES
    ('06', N'B02', 'Thuong');
INSERT INTO PHONGHOC
    (maphong, tenphong, loaiphong)
VALUES
    ('07', N'B03', 'Thuong');
INSERT INTO PHONGHOC
    (maphong, tenphong, loaiphong)
VALUES
    ('08', N'B04', 'Thuong');
INSERT INTO PHONGHOC
    (maphong, tenphong, loaiphong)
VALUES
    ('09', N'B05', 'Thuong');
INSERT INTO PHONGHOC
    (maphong, tenphong, loaiphong)
VALUES
    ('10', N'B06', 'Thuong');
INSERT INTO PHONGHOC
    (maphong, tenphong, loaiphong)
VALUES
    ('11', N'C01', 'Thuong');
INSERT INTO PHONGHOC
    (maphong, tenphong, loaiphong)
VALUES
    ('12', N'C02', 'Thuong');


/*LOPHOC*/
INSERT INTO LOPHOC
    (malop, magvcn, maphong, namnhaphoc, trangthai)
VALUES
    ('LH201801', 'GV01', '01', 2018, 1);
INSERT INTO LOPHOC
    (malop, magvcn, maphong, namnhaphoc, trangthai)
VALUES
    ('LH201802', 'GV02', '02', 2018, 1);
INSERT INTO LOPHOC
    (malop, magvcn, maphong, namnhaphoc, trangthai)
VALUES
    ('LH201803', 'GV03', '03', 2018, 1);
INSERT INTO LOPHOC
    (malop, magvcn, maphong, namnhaphoc, trangthai)
VALUES
    ('LH201804', 'GV04', '04', 2018, 1);
INSERT INTO LOPHOC
    (malop, magvcn, maphong, namnhaphoc, trangthai)
VALUES
    ('LH201901', 'GV05', '05', 2019, 1);
INSERT INTO LOPHOC
    (malop, magvcn, maphong, namnhaphoc, trangthai)
VALUES
    ('LH201902', 'GV06', '06', 2019, 1);
INSERT INTO LOPHOC
    (malop, magvcn, maphong, namnhaphoc, trangthai)
VALUES
    ('LH201903', 'GV07', '07', 2019, 1);
INSERT INTO LOPHOC
    (malop, magvcn, maphong, namnhaphoc, trangthai)
VALUES
    ('LH201904', 'GV08', '08', 2019, 1);
INSERT INTO LOPHOC
    (malop, magvcn, maphong, namnhaphoc, trangthai)
VALUES
    ('LH202001', 'GV09', '09', 2020, 1);
INSERT INTO LOPHOC
    (malop, magvcn, maphong, namnhaphoc, trangthai)
VALUES
    ('LH202002', 'GV10', '10', 2020, 1);
INSERT INTO LOPHOC
    (malop, magvcn, maphong, namnhaphoc, trangthai)
VALUES
    ('LH202003', 'GV11', '11', 2020, 1);
INSERT INTO LOPHOC
    (malop, magvcn, maphong, namnhaphoc, trangthai)
VALUES
    ('LH202004', 'GV12', '12', 2020, 1);


/*HOCSINH*/

/*2018*/
INSERT INTO HOCSINH
    (mahs, ngaysinh, hoten, gioitinh, diachi, malop, trangthai)
VALUES
    ('HS20180101', '2001-10-10', N'Nguyễn Văn A', 1, N'01 Trần Hưng Đạo, Q1, TP.HCM', 'LH201801', 1);
INSERT INTO HOCSINH
    (mahs, ngaysinh, hoten, gioitinh, diachi, malop, trangthai)
VALUES
    ('HS20180102', '2001-10-10', N'Nguyễn Văn A', 1, N'01 Trần Hưng Đạo, Q1, TP.HCM', 'LH201801', 1);
INSERT INTO HOCSINH
    (mahs, ngaysinh, hoten, gioitinh, diachi, malop, trangthai)
VALUES
    ('HS20180103', '2001-10-10', N'Nguyễn Văn A', 1, N'01 Trần Hưng Đạo, Q1, TP.HCM', 'LH201801', 1);
INSERT INTO HOCSINH
    (mahs, ngaysinh, hoten, gioitinh, diachi, malop, trangthai)
VALUES
    ('HS20180104', '2001-10-10', N'Nguyễn Văn A', 1, N'01 Trần Hưng Đạo, Q1, TP.HCM', 'LH201801', 1);
INSERT INTO HOCSINH
    (mahs, ngaysinh, hoten, gioitinh, diachi, malop, trangthai)
VALUES
    ('HS20180105', '2001-10-10', N'Nguyễn Văn A', 1, N'01 Trần Hưng Đạo, Q1, TP.HCM', 'LH201801', 1);

INSERT INTO HOCSINH
    (mahs, ngaysinh, hoten, gioitinh, diachi, malop, trangthai)
VALUES
    ('HS20180201', '2001-10-10', N'Nguyễn Văn A', 1, N'01 Trần Hưng Đạo, Q1, TP.HCM', 'LH201802', 1);
INSERT INTO HOCSINH
    (mahs, ngaysinh, hoten, gioitinh, diachi, malop, trangthai)
VALUES
    ('HS20180202', '2001-10-10', N'Nguyễn Văn A', 1, N'01 Trần Hưng Đạo, Q1, TP.HCM', 'LH201802', 1);
INSERT INTO HOCSINH
    (mahs, ngaysinh, hoten, gioitinh, diachi, malop, trangthai)
VALUES
    ('HS20180203', '2001-10-10', N'Nguyễn Văn A', 1, N'01 Trần Hưng Đạo, Q1, TP.HCM', 'LH201802', 1);
INSERT INTO HOCSINH
    (mahs, ngaysinh, hoten, gioitinh, diachi, malop, trangthai)
VALUES
    ('HS20180204', '2001-10-10', N'Nguyễn Văn A', 1, N'01 Trần Hưng Đạo, Q1, TP.HCM', 'LH201802', 1);
INSERT INTO HOCSINH
    (mahs, ngaysinh, hoten, gioitinh, diachi, malop, trangthai)
VALUES
    ('HS20180205', '2001-10-10', N'Nguyễn Văn A', 1, N'01 Trần Hưng Đạo, Q1, TP.HCM', 'LH201802', 1);

INSERT INTO HOCSINH
    (mahs, ngaysinh, hoten, gioitinh, diachi, malop, trangthai)
VALUES
    ('HS20180301', '2001-10-10', N'Nguyễn Văn A', 1, N'01 Trần Hưng Đạo, Q1, TP.HCM', 'LH201803', 1);
INSERT INTO HOCSINH
    (mahs, ngaysinh, hoten, gioitinh, diachi, malop, trangthai)
VALUES
    ('HS20180302', '2001-10-10', N'Nguyễn Văn A', 1, N'01 Trần Hưng Đạo, Q1, TP.HCM', 'LH201803', 1);
INSERT INTO HOCSINH
    (mahs, ngaysinh, hoten, gioitinh, diachi, malop, trangthai)
VALUES
    ('HS20180303', '2001-10-10', N'Nguyễn Văn A', 1, N'01 Trần Hưng Đạo, Q1, TP.HCM', 'LH201803', 1);
INSERT INTO HOCSINH
    (mahs, ngaysinh, hoten, gioitinh, diachi, malop, trangthai)
VALUES
    ('HS20180304', '2001-10-10', N'Nguyễn Văn A', 1, N'01 Trần Hưng Đạo, Q1, TP.HCM', 'LH201803', 1);
INSERT INTO HOCSINH
    (mahs, ngaysinh, hoten, gioitinh, diachi, malop, trangthai)
VALUES
    ('HS20180305', '2001-10-10', N'Nguyễn Văn A', 1, N'01 Trần Hưng Đạo, Q1, TP.HCM', 'LH201803', 1);

INSERT INTO HOCSINH
    (mahs, ngaysinh, hoten, gioitinh, diachi, malop, trangthai)
VALUES
    ('HS20180401', '2001-10-10', N'Nguyễn Văn A', 1, N'01 Trần Hưng Đạo, Q1, TP.HCM', 'LH201804', 1);
INSERT INTO HOCSINH
    (mahs, ngaysinh, hoten, gioitinh, diachi, malop, trangthai)
VALUES
    ('HS20180402', '2001-10-10', N'Nguyễn Văn A', 1, N'01 Trần Hưng Đạo, Q1, TP.HCM', 'LH201804', 1);
INSERT INTO HOCSINH
    (mahs, ngaysinh, hoten, gioitinh, diachi, malop, trangthai)
VALUES
    ('HS20180403', '2001-10-10', N'Nguyễn Văn A', 1, N'01 Trần Hưng Đạo, Q1, TP.HCM', 'LH201804', 1);
INSERT INTO HOCSINH
    (mahs, ngaysinh, hoten, gioitinh, diachi, malop, trangthai)
VALUES
    ('HS20180404', '2001-10-10', N'Nguyễn Văn A', 1, N'01 Trần Hưng Đạo, Q1, TP.HCM', 'LH201804', 1);
INSERT INTO HOCSINH
    (mahs, ngaysinh, hoten, gioitinh, diachi, malop, trangthai)
VALUES
    ('HS20180405', '2001-10-10', N'Nguyễn Văn A', 1, N'01 Trần Hưng Đạo, Q1, TP.HCM', 'LH201804', 1);

/*2019*/
INSERT INTO HOCSINH
    (mahs, ngaysinh, hoten, gioitinh, diachi, malop, trangthai)
VALUES
    ('HS20190101', '2002-10-10', N'Nguyễn Văn A', 1, N'01 Trần Hưng Đạo, Q1, TP.HCM', 'LH201901', 1);
INSERT INTO HOCSINH
    (mahs, ngaysinh, hoten, gioitinh, diachi, malop, trangthai)
VALUES
    ('HS20190102', '2002-10-10', N'Nguyễn Văn A', 1, N'01 Trần Hưng Đạo, Q1, TP.HCM', 'LH201901', 1);
INSERT INTO HOCSINH
    (mahs, ngaysinh, hoten, gioitinh, diachi, malop, trangthai)
VALUES
    ('HS20190103', '2002-10-10', N'Nguyễn Văn A', 1, N'01 Trần Hưng Đạo, Q1, TP.HCM', 'LH201901', 1);
INSERT INTO HOCSINH
    (mahs, ngaysinh, hoten, gioitinh, diachi, malop, trangthai)
VALUES
    ('HS20190104', '2002-10-10', N'Nguyễn Văn A', 1, N'01 Trần Hưng Đạo, Q1, TP.HCM', 'LH201901', 1);
INSERT INTO HOCSINH
    (mahs, ngaysinh, hoten, gioitinh, diachi, malop, trangthai)
VALUES
    ('HS20190105', '2002-10-10', N'Nguyễn Văn A', 1, N'01 Trần Hưng Đạo, Q1, TP.HCM', 'LH201901', 1);

INSERT INTO HOCSINH
    (mahs, ngaysinh, hoten, gioitinh, diachi, malop, trangthai)
VALUES
    ('HS20190201', '2002-10-10', N'Nguyễn Văn A', 1, N'01 Trần Hưng Đạo, Q1, TP.HCM', 'LH201902', 1);
INSERT INTO HOCSINH
    (mahs, ngaysinh, hoten, gioitinh, diachi, malop, trangthai)
VALUES
    ('HS20190202', '2002-10-10', N'Nguyễn Văn A', 1, N'01 Trần Hưng Đạo, Q1, TP.HCM', 'LH201902', 1);
INSERT INTO HOCSINH
    (mahs, ngaysinh, hoten, gioitinh, diachi, malop, trangthai)
VALUES
    ('HS20190203', '2002-10-10', N'Nguyễn Văn A', 1, N'01 Trần Hưng Đạo, Q1, TP.HCM', 'LH201902', 1);
INSERT INTO HOCSINH
    (mahs, ngaysinh, hoten, gioitinh, diachi, malop, trangthai)
VALUES
    ('HS20190204', '2002-10-10', N'Nguyễn Văn A', 1, N'01 Trần Hưng Đạo, Q1, TP.HCM', 'LH201902', 1);
INSERT INTO HOCSINH
    (mahs, ngaysinh, hoten, gioitinh, diachi, malop, trangthai)
VALUES
    ('HS20190205', '2002-10-10', N'Nguyễn Văn A', 1, N'01 Trần Hưng Đạo, Q1, TP.HCM', 'LH201902', 1);

INSERT INTO HOCSINH
    (mahs, ngaysinh, hoten, gioitinh, diachi, malop, trangthai)
VALUES
    ('HS20190301', '2002-10-10', N'Nguyễn Văn A', 1, N'01 Trần Hưng Đạo, Q1, TP.HCM', 'LH201903', 1);
INSERT INTO HOCSINH
    (mahs, ngaysinh, hoten, gioitinh, diachi, malop, trangthai)
VALUES
    ('HS20190302', '2002-10-10', N'Nguyễn Văn A', 1, N'01 Trần Hưng Đạo, Q1, TP.HCM', 'LH201903', 1);
INSERT INTO HOCSINH
    (mahs, ngaysinh, hoten, gioitinh, diachi, malop, trangthai)
VALUES
    ('HS20190303', '2002-10-10', N'Nguyễn Văn A', 1, N'01 Trần Hưng Đạo, Q1, TP.HCM', 'LH201903', 1);
INSERT INTO HOCSINH
    (mahs, ngaysinh, hoten, gioitinh, diachi, malop, trangthai)
VALUES
    ('HS20190304', '2002-10-10', N'Nguyễn Văn A', 1, N'01 Trần Hưng Đạo, Q1, TP.HCM', 'LH201903', 1);
INSERT INTO HOCSINH
    (mahs, ngaysinh, hoten, gioitinh, diachi, malop, trangthai)
VALUES
    ('HS20190305', '2002-10-10', N'Nguyễn Văn A', 1, N'01 Trần Hưng Đạo, Q1, TP.HCM', 'LH201903', 1);

INSERT INTO HOCSINH
    (mahs, ngaysinh, hoten, gioitinh, diachi, malop, trangthai)
VALUES
    ('HS20190401', '2002-10-10', N'Nguyễn Văn A', 1, N'01 Trần Hưng Đạo, Q1, TP.HCM', 'LH201904', 1);
INSERT INTO HOCSINH
    (mahs, ngaysinh, hoten, gioitinh, diachi, malop, trangthai)
VALUES
    ('HS20190402', '2002-10-10', N'Nguyễn Văn A', 1, N'01 Trần Hưng Đạo, Q1, TP.HCM', 'LH201904', 1);
INSERT INTO HOCSINH
    (mahs, ngaysinh, hoten, gioitinh, diachi, malop, trangthai)
VALUES
    ('HS20190403', '2002-10-10', N'Nguyễn Văn A', 1, N'01 Trần Hưng Đạo, Q1, TP.HCM', 'LH201904', 1);
INSERT INTO HOCSINH
    (mahs, ngaysinh, hoten, gioitinh, diachi, malop, trangthai)
VALUES
    ('HS20190404', '2002-10-10', N'Nguyễn Văn A', 1, N'01 Trần Hưng Đạo, Q1, TP.HCM', 'LH201904', 1);
INSERT INTO HOCSINH
    (mahs, ngaysinh, hoten, gioitinh, diachi, malop, trangthai)
VALUES
    ('HS20190405', '2002-10-10', N'Nguyễn Văn A', 1, N'01 Trần Hưng Đạo, Q1, TP.HCM', 'LH201904', 1);

/*2020*/
INSERT INTO HOCSINH
    (mahs, ngaysinh, hoten, gioitinh, diachi, malop, trangthai)
VALUES
    ('HS20200101', '2003-10-10', N'Nguyễn Văn A', 1, N'01 Trần Hưng Đạo, Q1, TP.HCM', 'LH202001', 1);
INSERT INTO HOCSINH
    (mahs, ngaysinh, hoten, gioitinh, diachi, malop, trangthai)
VALUES
    ('HS20200102', '2003-10-10', N'Nguyễn Văn A', 1, N'01 Trần Hưng Đạo, Q1, TP.HCM', 'LH202001', 1);
INSERT INTO HOCSINH
    (mahs, ngaysinh, hoten, gioitinh, diachi, malop, trangthai)
VALUES
    ('HS20200103', '2003-10-10', N'Nguyễn Văn A', 1, N'01 Trần Hưng Đạo, Q1, TP.HCM', 'LH202001', 1);
INSERT INTO HOCSINH
    (mahs, ngaysinh, hoten, gioitinh, diachi, malop, trangthai)
VALUES
    ('HS20200104', '2003-10-10', N'Nguyễn Văn A', 1, N'01 Trần Hưng Đạo, Q1, TP.HCM', 'LH202001', 1);
INSERT INTO HOCSINH
    (mahs, ngaysinh, hoten, gioitinh, diachi, malop, trangthai)
VALUES
    ('HS20200105', '2003-10-10', N'Nguyễn Văn A', 1, N'01 Trần Hưng Đạo, Q1, TP.HCM', 'LH202001', 1);

INSERT INTO HOCSINH
    (mahs, ngaysinh, hoten, gioitinh, diachi, malop, trangthai)
VALUES
    ('HS20200201', '2003-10-10', N'Nguyễn Văn A', 1, N'01 Trần Hưng Đạo, Q1, TP.HCM', 'LH202002', 1);
INSERT INTO HOCSINH
    (mahs, ngaysinh, hoten, gioitinh, diachi, malop, trangthai)
VALUES
    ('HS20200202', '2003-10-10', N'Nguyễn Văn A', 1, N'01 Trần Hưng Đạo, Q1, TP.HCM', 'LH202002', 1);
INSERT INTO HOCSINH
    (mahs, ngaysinh, hoten, gioitinh, diachi, malop, trangthai)
VALUES
    ('HS20200203', '2003-10-10', N'Nguyễn Văn A', 1, N'01 Trần Hưng Đạo, Q1, TP.HCM', 'LH202002', 1);
INSERT INTO HOCSINH
    (mahs, ngaysinh, hoten, gioitinh, diachi, malop, trangthai)
VALUES
    ('HS20200204', '2003-10-10', N'Nguyễn Văn A', 1, N'01 Trần Hưng Đạo, Q1, TP.HCM', 'LH202002', 1);
INSERT INTO HOCSINH
    (mahs, ngaysinh, hoten, gioitinh, diachi, malop, trangthai)
VALUES
    ('HS20200205', '2003-10-10', N'Nguyễn Văn A', 1, N'01 Trần Hưng Đạo, Q1, TP.HCM', 'LH202002', 1);

INSERT INTO HOCSINH
    (mahs, ngaysinh, hoten, gioitinh, diachi, malop, trangthai)
VALUES
    ('HS20200301', '2003-10-10', N'Nguyễn Văn A', 1, N'01 Trần Hưng Đạo, Q1, TP.HCM', 'LH202003', 1);
INSERT INTO HOCSINH
    (mahs, ngaysinh, hoten, gioitinh, diachi, malop, trangthai)
VALUES
    ('HS20200302', '2003-10-10', N'Nguyễn Văn A', 1, N'01 Trần Hưng Đạo, Q1, TP.HCM', 'LH202003', 1);
INSERT INTO HOCSINH
    (mahs, ngaysinh, hoten, gioitinh, diachi, malop, trangthai)
VALUES
    ('HS20200303', '2003-10-10', N'Nguyễn Văn A', 1, N'01 Trần Hưng Đạo, Q1, TP.HCM', 'LH202003', 1);
INSERT INTO HOCSINH
    (mahs, ngaysinh, hoten, gioitinh, diachi, malop, trangthai)
VALUES
    ('HS20200304', '2003-10-10', N'Nguyễn Văn A', 1, N'01 Trần Hưng Đạo, Q1, TP.HCM', 'LH202003', 1);
INSERT INTO HOCSINH
    (mahs, ngaysinh, hoten, gioitinh, diachi, malop, trangthai)
VALUES
    ('HS20200305', '2003-10-10', N'Nguyễn Văn A', 1, N'01 Trần Hưng Đạo, Q1, TP.HCM', 'LH202003', 1);

INSERT INTO HOCSINH
    (mahs, ngaysinh, hoten, gioitinh, diachi, malop, trangthai)
VALUES
    ('HS20200401', '2003-10-10', N'Nguyễn Văn A', 1, N'01 Trần Hưng Đạo, Q1, TP.HCM', 'LH202004', 1);
INSERT INTO HOCSINH
    (mahs, ngaysinh, hoten, gioitinh, diachi, malop, trangthai)
VALUES
    ('HS20200402', '2003-10-10', N'Nguyễn Văn A', 1, N'01 Trần Hưng Đạo, Q1, TP.HCM', 'LH202004', 1);
INSERT INTO HOCSINH
    (mahs, ngaysinh, hoten, gioitinh, diachi, malop, trangthai)
VALUES
    ('HS20200403', '2003-10-10', N'Nguyễn Văn A', 1, N'01 Trần Hưng Đạo, Q1, TP.HCM', 'LH202004', 1);
INSERT INTO HOCSINH
    (mahs, ngaysinh, hoten, gioitinh, diachi, malop, trangthai)
VALUES
    ('HS20200404', '2003-10-10', N'Nguyễn Văn A', 1, N'01 Trần Hưng Đạo, Q1, TP.HCM', 'LH202004', 1);
INSERT INTO HOCSINH
    (mahs, ngaysinh, hoten, gioitinh, diachi, malop, trangthai)
VALUES
    ('HS20200405', '2003-10-10', N'Nguyễn Văn A', 1, N'01 Trần Hưng Đạo, Q1, TP.HCM', 'LH202004', 1);

/*LoaiNV*/
INSERT INTO LOAINV
    (maloai, tenloai)
VALUES
    ('admin', N'Quản trị viên hệ thống');
INSERT INTO LOAINV
    (maloai, tenloai)
VALUES
    ('GiaoVu', N'Giáo vụ');


/*NHANVIEN*/
INSERT INTO NHANVIEN
    (manv, hoten, ngaysinh, diachi, std, trangthai, maloainv)
VALUES
    ('admin', N'Admin', '2020-1-1', N'admin', '0', 1, 'admin');


/*HOCKY*/
INSERT INTO HOCKY
    (mahk, nambd, namkt, trangthai)
VALUES
    (1, 2018, 2019, 0);
INSERT INTO HOCKY
    (mahk, nambd, namkt, trangthai)
VALUES
    (2, 2018, 2019, 0);

INSERT INTO HOCKY
    (mahk, nambd, namkt, trangthai)
VALUES
    (1, 2019, 2020, 0);
INSERT INTO HOCKY
    (mahk, nambd, namkt, trangthai)
VALUES
    (2, 2019, 2020, 1);

/*DIEM*/
INSERT INTO DIEM
    (mahs, malop, mabm, mahk, nambd, namkt, cot1, cot2, cot3, cot4)
VALUES
    ('HS20180101', 'LH201801', 'Toan', 2, 2019, 2020, 10, 10, 10, 10);
INSERT INTO DIEM
    (mahs, malop, mabm, mahk, nambd, namkt, cot1, cot2, cot3, cot4)
VALUES
    ('HS20180101', 'LH201801', 'NguVan', 2, 2019, 2020, 10, 10, 10, 10);
INSERT INTO DIEM
    (mahs, malop, mabm, mahk, nambd, namkt, cot1, cot2, cot3, cot4)
VALUES
    ('HS20180101', 'LH201801', 'HoaHoc', 2, 2019, 2020, 10, 10, 10, 10);
INSERT INTO DIEM
    (mahs, malop, mabm, mahk, nambd, namkt, cot1, cot2, cot3, cot4)
VALUES
    ('HS20180101', 'LH201801', 'SinhHoc', 2, 2019, 2020, 10, 10, 10, 10);
INSERT INTO DIEM
    (mahs, malop, mabm, mahk, nambd, namkt, cot1, cot2, cot3, cot4)
VALUES
    ('HS20180101', 'LH201801', 'DiaLy', 2, 2019, 2020, 10, 10, 10, 10);
INSERT INTO DIEM
    (mahs, malop, mabm, mahk, nambd, namkt, cot1, cot2, cot3, cot4)
VALUES
    ('HS20180101', 'LH201801', 'LichSu', 2, 2019, 2020, 10, 10, 10, 10);
INSERT INTO DIEM
    (mahs, malop, mabm, mahk, nambd, namkt, cot1, cot2, cot3, cot4)
VALUES
    ('HS20180101', 'LH201801', 'GDCD', 2, 2019, 2020, 10, 10, 10, 10);
INSERT INTO DIEM
    (mahs, malop, mabm, mahk, nambd, namkt, cot1, cot2, cot3, cot4)
VALUES
    ('HS20180101', 'LH201801', 'GDQP', 2, 2019, 2020, 10, 10, 10, 10);
INSERT INTO DIEM
    (mahs, malop, mabm, mahk, nambd, namkt, cot1, cot2, cot3, cot4)
VALUES
    ('HS20180101', 'LH201801', 'TheDuc', 2, 2019, 2020, 10, 10, 10, 10);
INSERT INTO DIEM
    (mahs, malop, mabm, mahk, nambd, namkt, cot1, cot2, cot3, cot4)
VALUES
    ('HS20180101', 'LH201801', 'TinHoc', 2, 2019, 2020, 10, 10, 10, 10);
INSERT INTO DIEM
    (mahs, malop, mabm, mahk, nambd, namkt, cot1, cot2, cot3, cot4)
VALUES
    ('HS20180101', 'LH201801', 'VatLy', 2, 2019, 2020, 10, 10, 10, 10);
INSERT INTO DIEM
    (mahs, malop, mabm, mahk, nambd, namkt, cot1, cot2, cot3, cot4)
VALUES
    ('HS20180101', 'LH201801', 'CongNghe', 2, 2019, 2020, 10, 10, 10, 10);
INSERT INTO DIEM
    (mahs, malop, mabm, mahk, nambd, namkt, cot1, cot2, cot3, cot4)
VALUES
    ('HS20180101', 'LH201801', 'AnhVan', 2, 2019, 2020, 10, 10, 10, 10);


INSERT INTO DIEM
    (mahs, malop, mabm, mahk, nambd, namkt, cot1, cot2, cot3, cot4)
VALUES
    ('HS20180102', 'LH201801', 'Toan', 2, 2019, 2020, 10, 10, 10, 10);
INSERT INTO DIEM
    (mahs, malop, mabm, mahk, nambd, namkt, cot1, cot2, cot3, cot4)
VALUES
    ('HS20180102', 'LH201801', 'NguVan', 2, 2019, 2020, 10, 10, 10, 10);
INSERT INTO DIEM
    (mahs, malop, mabm, mahk, nambd, namkt, cot1, cot2, cot3, cot4)
VALUES
    ('HS20180102', 'LH201801', 'HoaHoc', 2, 2019, 2020, 10, 10, 10, 10);
INSERT INTO DIEM
    (mahs, malop, mabm, mahk, nambd, namkt, cot1, cot2, cot3, cot4)
VALUES
    ('HS20180102', 'LH201801', 'SinhHoc', 2, 2019, 2020, 10, 10, 10, 10);
INSERT INTO DIEM
    (mahs, malop, mabm, mahk, nambd, namkt, cot1, cot2, cot3, cot4)
VALUES
    ('HS20180102', 'LH201801', 'DiaLy', 2, 2019, 2020, 10, 10, 10, 10);
INSERT INTO DIEM
    (mahs, malop, mabm, mahk, nambd, namkt, cot1, cot2, cot3, cot4)
VALUES
    ('HS20180102', 'LH201801', 'LichSu', 2, 2019, 2020, 10, 10, 10, 10);
INSERT INTO DIEM
    (mahs, malop, mabm, mahk, nambd, namkt, cot1, cot2, cot3, cot4)
VALUES
    ('HS20180102', 'LH201801', 'GDCD', 2, 2019, 2020, 10, 10, 10, 10);
INSERT INTO DIEM
    (mahs, malop, mabm, mahk, nambd, namkt, cot1, cot2, cot3, cot4)
VALUES
    ('HS20180102', 'LH201801', 'GDQP', 2, 2019, 2020, 10, 10, 10, 10);
INSERT INTO DIEM
    (mahs, malop, mabm, mahk, nambd, namkt, cot1, cot2, cot3, cot4)
VALUES
    ('HS20180102', 'LH201801', 'TheDuc', 2, 2019, 2020, 10, 10, 10, 10);
INSERT INTO DIEM
    (mahs, malop, mabm, mahk, nambd, namkt, cot1, cot2, cot3, cot4)
VALUES
    ('HS20180102', 'LH201801', 'TinHoc', 2, 2019, 2020, 10, 10, 10, 10);
INSERT INTO DIEM
    (mahs, malop, mabm, mahk, nambd, namkt, cot1, cot2, cot3, cot4)
VALUES
    ('HS20180102', 'LH201801', 'VatLy', 2, 2019, 2020, 10, 10, 10, 10);
INSERT INTO DIEM
    (mahs, malop, mabm, mahk, nambd, namkt, cot1, cot2, cot3, cot4)
VALUES
    ('HS20180102', 'LH201801', 'CongNghe', 2, 2019, 2020, 10, 10, 10, 10);
INSERT INTO DIEM
    (mahs, malop, mabm, mahk, nambd, namkt, cot1, cot2, cot3, cot4)
VALUES
    ('HS20180102', 'LH201801', 'AnhVan', 2, 2019, 2020, 10, 10, 10, 10);

INSERT INTO DIEM
    (mahs, malop, mabm, mahk, nambd, namkt, cot1, cot2, cot3, cot4)
VALUES
    ('HS20180103', 'LH201801', 'Toan', 2, 2019, 2020, 10, 10, 10, 10);
INSERT INTO DIEM
    (mahs, malop, mabm, mahk, nambd, namkt, cot1, cot2, cot3, cot4)
VALUES
    ('HS20180103', 'LH201801', 'NguVan', 2, 2019, 2020, 10, 10, 10, 10);
INSERT INTO DIEM
    (mahs, malop, mabm, mahk, nambd, namkt, cot1, cot2, cot3, cot4)
VALUES
    ('HS20180103', 'LH201801', 'HoaHoc', 2, 2019, 2020, 10, 10, 10, 10);
INSERT INTO DIEM
    (mahs, malop, mabm, mahk, nambd, namkt, cot1, cot2, cot3, cot4)
VALUES
    ('HS20180103', 'LH201801', 'SinhHoc', 2, 2019, 2020, 10, 10, 10, 10);
INSERT INTO DIEM
    (mahs, malop, mabm, mahk, nambd, namkt, cot1, cot2, cot3, cot4)
VALUES
    ('HS20180103', 'LH201801', 'DiaLy', 2, 2019, 2020, 10, 10, 10, 10);
INSERT INTO DIEM
    (mahs, malop, mabm, mahk, nambd, namkt, cot1, cot2, cot3, cot4)
VALUES
    ('HS20180103', 'LH201801', 'LichSu', 2, 2019, 2020, 10, 10, 10, 10);
INSERT INTO DIEM
    (mahs, malop, mabm, mahk, nambd, namkt, cot1, cot2, cot3, cot4)
VALUES
    ('HS20180103', 'LH201801', 'GDCD', 2, 2019, 2020, 10, 10, 10, 10);
INSERT INTO DIEM
    (mahs, malop, mabm, mahk, nambd, namkt, cot1, cot2, cot3, cot4)
VALUES
    ('HS20180103', 'LH201801', 'GDQP', 2, 2019, 2020, 10, 10, 10, 10);
INSERT INTO DIEM
    (mahs, malop, mabm, mahk, nambd, namkt, cot1, cot2, cot3, cot4)
VALUES
    ('HS20180103', 'LH201801', 'TheDuc', 2, 2019, 2020, 10, 10, 10, 10);
INSERT INTO DIEM
    (mahs, malop, mabm, mahk, nambd, namkt, cot1, cot2, cot3, cot4)
VALUES
    ('HS20180103', 'LH201801', 'TinHoc', 2, 2019, 2020, 10, 10, 10, 10);
INSERT INTO DIEM
    (mahs, malop, mabm, mahk, nambd, namkt, cot1, cot2, cot3, cot4)
VALUES
    ('HS20180103', 'LH201801', 'VatLy', 2, 2019, 2020, 10, 10, 10, 10);
INSERT INTO DIEM
    (mahs, malop, mabm, mahk, nambd, namkt, cot1, cot2, cot3, cot4)
VALUES
    ('HS20180103', 'LH201801', 'CongNghe', 2, 2019, 2020, 10, 10, 10, 10);
INSERT INTO DIEM
    (mahs, malop, mabm, mahk, nambd, namkt, cot1, cot2, cot3, cot4)
VALUES
    ('HS20180103', 'LH201801', 'AnhVan', 2, 2019, 2020, 10, 10, 10, 10);


INSERT INTO DIEM
    (mahs, malop, mabm, mahk, nambd, namkt, cot1, cot2, cot3, cot4)
VALUES
    ('HS20180104', 'LH201801', 'Toan', 2, 2019, 2020, 10, 10, 10, 10);
INSERT INTO DIEM
    (mahs, malop, mabm, mahk, nambd, namkt, cot1, cot2, cot3, cot4)
VALUES
    ('HS20180104', 'LH201801', 'NguVan', 2, 2019, 2020, 10, 10, 10, 10);
INSERT INTO DIEM
    (mahs, malop, mabm, mahk, nambd, namkt, cot1, cot2, cot3, cot4)
VALUES
    ('HS20180104', 'LH201801', 'HoaHoc', 2, 2019, 2020, 10, 10, 10, 10);
INSERT INTO DIEM
    (mahs, malop, mabm, mahk, nambd, namkt, cot1, cot2, cot3, cot4)
VALUES
    ('HS20180104', 'LH201801', 'SinhHoc', 2, 2019, 2020, 10, 10, 10, 10);
INSERT INTO DIEM
    (mahs, malop, mabm, mahk, nambd, namkt, cot1, cot2, cot3, cot4)
VALUES
    ('HS20180104', 'LH201801', 'DiaLy', 2, 2019, 2020, 10, 10, 10, 10);
INSERT INTO DIEM
    (mahs, malop, mabm, mahk, nambd, namkt, cot1, cot2, cot3, cot4)
VALUES
    ('HS20180104', 'LH201801', 'LichSu', 2, 2019, 2020, 10, 10, 10, 10);
INSERT INTO DIEM
    (mahs, malop, mabm, mahk, nambd, namkt, cot1, cot2, cot3, cot4)
VALUES
    ('HS20180104', 'LH201801', 'GDCD', 2, 2019, 2020, 10, 10, 10, 10);
INSERT INTO DIEM
    (mahs, malop, mabm, mahk, nambd, namkt, cot1, cot2, cot3, cot4)
VALUES
    ('HS20180104', 'LH201801', 'GDQP', 2, 2019, 2020, 10, 10, 10, 10);
INSERT INTO DIEM
    (mahs, malop, mabm, mahk, nambd, namkt, cot1, cot2, cot3, cot4)
VALUES
    ('HS20180104', 'LH201801', 'TheDuc', 2, 2019, 2020, 10, 10, 10, 10);
INSERT INTO DIEM
    (mahs, malop, mabm, mahk, nambd, namkt, cot1, cot2, cot3, cot4)
VALUES
    ('HS20180104', 'LH201801', 'TinHoc', 2, 2019, 2020, 10, 10, 10, 10);
INSERT INTO DIEM
    (mahs, malop, mabm, mahk, nambd, namkt, cot1, cot2, cot3, cot4)
VALUES
    ('HS20180104', 'LH201801', 'VatLy', 2, 2019, 2020, 10, 10, 10, 10);
INSERT INTO DIEM
    (mahs, malop, mabm, mahk, nambd, namkt, cot1, cot2, cot3, cot4)
VALUES
    ('HS20180104', 'LH201801', 'CongNghe', 2, 2019, 2020, 10, 10, 10, 10);
INSERT INTO DIEM
    (mahs, malop, mabm, mahk, nambd, namkt, cot1, cot2, cot3, cot4)
VALUES
    ('HS20180104', 'LH201801', 'AnhVan', 2, 2019, 2020, 10, 10, 10, 10);

INSERT INTO DIEM
    (mahs, malop, mabm, mahk, nambd, namkt, cot1, cot2, cot3, cot4)
VALUES
    ('HS20180105', 'LH201801', 'Toan', 2, 2019, 2020, 10, 10, 10, 10);
INSERT INTO DIEM
    (mahs, malop, mabm, mahk, nambd, namkt, cot1, cot2, cot3, cot4)
VALUES
    ('HS20180105', 'LH201801', 'NguVan', 2, 2019, 2020, 10, 10, 10, 10);
INSERT INTO DIEM
    (mahs, malop, mabm, mahk, nambd, namkt, cot1, cot2, cot3, cot4)
VALUES
    ('HS20180105', 'LH201801', 'HoaHoc', 2, 2019, 2020, 10, 10, 10, 10);
INSERT INTO DIEM
    (mahs, malop, mabm, mahk, nambd, namkt, cot1, cot2, cot3, cot4)
VALUES
    ('HS20180105', 'LH201801', 'SinhHoc', 2, 2019, 2020, 10, 10, 10, 10);
INSERT INTO DIEM
    (mahs, malop, mabm, mahk, nambd, namkt, cot1, cot2, cot3, cot4)
VALUES
    ('HS20180105', 'LH201801', 'DiaLy', 2, 2019, 2020, 10, 10, 10, 10);
INSERT INTO DIEM
    (mahs, malop, mabm, mahk, nambd, namkt, cot1, cot2, cot3, cot4)
VALUES
    ('HS20180105', 'LH201801', 'LichSu', 2, 2019, 2020, 10, 10, 10, 10);
INSERT INTO DIEM
    (mahs, malop, mabm, mahk, nambd, namkt, cot1, cot2, cot3, cot4)
VALUES
    ('HS20180105', 'LH201801', 'GDCD', 2, 2019, 2020, 10, 10, 10, 10);
INSERT INTO DIEM
    (mahs, malop, mabm, mahk, nambd, namkt, cot1, cot2, cot3, cot4)
VALUES
    ('HS20180105', 'LH201801', 'GDQP', 2, 2019, 2020, 10, 10, 10, 10);
INSERT INTO DIEM
    (mahs, malop, mabm, mahk, nambd, namkt, cot1, cot2, cot3, cot4)
VALUES
    ('HS20180105', 'LH201801', 'TheDuc', 2, 2019, 2020, 10, 10, 10, 10);
INSERT INTO DIEM
    (mahs, malop, mabm, mahk, nambd, namkt, cot1, cot2, cot3, cot4)
VALUES
    ('HS20180105', 'LH201801', 'TinHoc', 2, 2019, 2020, 10, 10, 10, 10);
INSERT INTO DIEM
    (mahs, malop, mabm, mahk, nambd, namkt, cot1, cot2, cot3, cot4)
VALUES
    ('HS20180105', 'LH201801', 'VatLy', 2, 2019, 2020, 10, 10, 10, 10);
INSERT INTO DIEM
    (mahs, malop, mabm, mahk, nambd, namkt, cot1, cot2, cot3, cot4)
VALUES
    ('HS20180105', 'LH201801', 'CongNghe', 2, 2019, 2020, 10, 10, 10, 10);
INSERT INTO DIEM
    (mahs, malop, mabm, mahk, nambd, namkt, cot1, cot2, cot3, cot4)
VALUES
    ('HS20180105', 'LH201801', 'AnhVan', 2, 2019, 2020, 10, 10, 10, 10);
/**/
INSERT INTO DIEM
    (mahs, malop, mabm, mahk, nambd, namkt, cot1, cot2, cot3, cot4)
VALUES
    ('HS20180201', 'LH201802', 'Toan', 2, 2019, 2020, 10, 10, 10, 10);
INSERT INTO DIEM
    (mahs, malop, mabm, mahk, nambd, namkt, cot1, cot2, cot3, cot4)
VALUES
    ('HS20180201', 'LH201802', 'NguVan', 2, 2019, 2020, 10, 10, 10, 10);
INSERT INTO DIEM
    (mahs, malop, mabm, mahk, nambd, namkt, cot1, cot2, cot3, cot4)
VALUES
    ('HS20180201', 'LH201802', 'HoaHoc', 2, 2019, 2020, 10, 10, 10, 10);
INSERT INTO DIEM
    (mahs, malop, mabm, mahk, nambd, namkt, cot1, cot2, cot3, cot4)
VALUES
    ('HS20180201', 'LH201802', 'SinhHoc', 2, 2019, 2020, 10, 10, 10, 10);
INSERT INTO DIEM
    (mahs, malop, mabm, mahk, nambd, namkt, cot1, cot2, cot3, cot4)
VALUES
    ('HS20180201', 'LH201802', 'DiaLy', 2, 2019, 2020, 10, 10, 10, 10);
INSERT INTO DIEM
    (mahs, malop, mabm, mahk, nambd, namkt, cot1, cot2, cot3, cot4)
VALUES
    ('HS20180201', 'LH201802', 'LichSu', 2, 2019, 2020, 10, 10, 10, 10);
INSERT INTO DIEM
    (mahs, malop, mabm, mahk, nambd, namkt, cot1, cot2, cot3, cot4)
VALUES
    ('HS20180201', 'LH201802', 'GDCD', 2, 2019, 2020, 10, 10, 10, 10);
INSERT INTO DIEM
    (mahs, malop, mabm, mahk, nambd, namkt, cot1, cot2, cot3, cot4)
VALUES
    ('HS20180201', 'LH201802', 'GDQP', 2, 2019, 2020, 10, 10, 10, 10);
INSERT INTO DIEM
    (mahs, malop, mabm, mahk, nambd, namkt, cot1, cot2, cot3, cot4)
VALUES
    ('HS20180201', 'LH201802', 'TheDuc', 2, 2019, 2020, 10, 10, 10, 10);
INSERT INTO DIEM
    (mahs, malop, mabm, mahk, nambd, namkt, cot1, cot2, cot3, cot4)
VALUES
    ('HS20180201', 'LH201802', 'TinHoc', 2, 2019, 2020, 10, 10, 10, 10);
INSERT INTO DIEM
    (mahs, malop, mabm, mahk, nambd, namkt, cot1, cot2, cot3, cot4)
VALUES
    ('HS20180201', 'LH201802', 'VatLy', 2, 2019, 2020, 10, 10, 10, 10);
INSERT INTO DIEM
    (mahs, malop, mabm, mahk, nambd, namkt, cot1, cot2, cot3, cot4)
VALUES
    ('HS20180201', 'LH201802', 'CongNghe', 2, 2019, 2020, 10, 10, 10, 10);
INSERT INTO DIEM
    (mahs, malop, mabm, mahk, nambd, namkt, cot1, cot2, cot3, cot4)
VALUES
    ('HS20180201', 'LH201802', 'AnhVan', 2, 2019, 2020, 10, 10, 10, 10);


INSERT INTO DIEM
    (mahs, malop, mabm, mahk, nambd, namkt, cot1, cot2, cot3, cot4)
VALUES
    ('HS20180202', 'LH201802', 'Toan', 2, 2019, 2020, 10, 10, 10, 10);
INSERT INTO DIEM
    (mahs, malop, mabm, mahk, nambd, namkt, cot1, cot2, cot3, cot4)
VALUES
    ('HS20180202', 'LH201802', 'NguVan', 2, 2019, 2020, 10, 10, 10, 10);
INSERT INTO DIEM
    (mahs, malop, mabm, mahk, nambd, namkt, cot1, cot2, cot3, cot4)
VALUES
    ('HS20180202', 'LH201802', 'HoaHoc', 2, 2019, 2020, 10, 10, 10, 10);
INSERT INTO DIEM
    (mahs, malop, mabm, mahk, nambd, namkt, cot1, cot2, cot3, cot4)
VALUES
    ('HS20180202', 'LH201802', 'SinhHoc', 2, 2019, 2020, 10, 10, 10, 10);
INSERT INTO DIEM
    (mahs, malop, mabm, mahk, nambd, namkt, cot1, cot2, cot3, cot4)
VALUES
    ('HS20180202', 'LH201802', 'DiaLy', 2, 2019, 2020, 10, 10, 10, 10);
INSERT INTO DIEM
    (mahs, malop, mabm, mahk, nambd, namkt, cot1, cot2, cot3, cot4)
VALUES
    ('HS20180202', 'LH201802', 'LichSu', 2, 2019, 2020, 10, 10, 10, 10);
INSERT INTO DIEM
    (mahs, malop, mabm, mahk, nambd, namkt, cot1, cot2, cot3, cot4)
VALUES
    ('HS20180202', 'LH201802', 'GDCD', 2, 2019, 2020, 10, 10, 10, 10);
INSERT INTO DIEM
    (mahs, malop, mabm, mahk, nambd, namkt, cot1, cot2, cot3, cot4)
VALUES
    ('HS20180202', 'LH201802', 'GDQP', 2, 2019, 2020, 10, 10, 10, 10);
INSERT INTO DIEM
    (mahs, malop, mabm, mahk, nambd, namkt, cot1, cot2, cot3, cot4)
VALUES
    ('HS20180202', 'LH201802', 'TheDuc', 2, 2019, 2020, 10, 10, 10, 10);
INSERT INTO DIEM
    (mahs, malop, mabm, mahk, nambd, namkt, cot1, cot2, cot3, cot4)
VALUES
    ('HS20180202', 'LH201802', 'TinHoc', 2, 2019, 2020, 10, 10, 10, 10);
INSERT INTO DIEM
    (mahs, malop, mabm, mahk, nambd, namkt, cot1, cot2, cot3, cot4)
VALUES
    ('HS20180202', 'LH201802', 'VatLy', 2, 2019, 2020, 10, 10, 10, 10);
INSERT INTO DIEM
    (mahs, malop, mabm, mahk, nambd, namkt, cot1, cot2, cot3, cot4)
VALUES
    ('HS20180202', 'LH201802', 'CongNghe', 2, 2019, 2020, 10, 10, 10, 10);
INSERT INTO DIEM
    (mahs, malop, mabm, mahk, nambd, namkt, cot1, cot2, cot3, cot4)
VALUES
    ('HS20180202', 'LH201802', 'AnhVan', 2, 2019, 2020, 10, 10, 10, 10);

INSERT INTO DIEM
    (mahs, malop, mabm, mahk, nambd, namkt, cot1, cot2, cot3, cot4)
VALUES
    ('HS20180203', 'LH201802', 'Toan', 2, 2019, 2020, 10, 10, 10, 10);
INSERT INTO DIEM
    (mahs, malop, mabm, mahk, nambd, namkt, cot1, cot2, cot3, cot4)
VALUES
    ('HS20180203', 'LH201802', 'NguVan', 2, 2019, 2020, 10, 10, 10, 10);
INSERT INTO DIEM
    (mahs, malop, mabm, mahk, nambd, namkt, cot1, cot2, cot3, cot4)
VALUES
    ('HS20180203', 'LH201802', 'HoaHoc', 2, 2019, 2020, 10, 10, 10, 10);
INSERT INTO DIEM
    (mahs, malop, mabm, mahk, nambd, namkt, cot1, cot2, cot3, cot4)
VALUES
    ('HS20180203', 'LH201802', 'SinhHoc', 2, 2019, 2020, 10, 10, 10, 10);
INSERT INTO DIEM
    (mahs, malop, mabm, mahk, nambd, namkt, cot1, cot2, cot3, cot4)
VALUES
    ('HS20180203', 'LH201802', 'DiaLy', 2, 2019, 2020, 10, 10, 10, 10);
INSERT INTO DIEM
    (mahs, malop, mabm, mahk, nambd, namkt, cot1, cot2, cot3, cot4)
VALUES
    ('HS20180203', 'LH201802', 'LichSu', 2, 2019, 2020, 10, 10, 10, 10);
INSERT INTO DIEM
    (mahs, malop, mabm, mahk, nambd, namkt, cot1, cot2, cot3, cot4)
VALUES
    ('HS20180203', 'LH201802', 'GDCD', 2, 2019, 2020, 10, 10, 10, 10);
INSERT INTO DIEM
    (mahs, malop, mabm, mahk, nambd, namkt, cot1, cot2, cot3, cot4)
VALUES
    ('HS20180203', 'LH201802', 'GDQP', 2, 2019, 2020, 10, 10, 10, 10);
INSERT INTO DIEM
    (mahs, malop, mabm, mahk, nambd, namkt, cot1, cot2, cot3, cot4)
VALUES
    ('HS20180203', 'LH201802', 'TheDuc', 2, 2019, 2020, 10, 10, 10, 10);
INSERT INTO DIEM
    (mahs, malop, mabm, mahk, nambd, namkt, cot1, cot2, cot3, cot4)
VALUES
    ('HS20180203', 'LH201802', 'TinHoc', 2, 2019, 2020, 10, 10, 10, 10);
INSERT INTO DIEM
    (mahs, malop, mabm, mahk, nambd, namkt, cot1, cot2, cot3, cot4)
VALUES
    ('HS20180203', 'LH201802', 'VatLy', 2, 2019, 2020, 10, 10, 10, 10);
INSERT INTO DIEM
    (mahs, malop, mabm, mahk, nambd, namkt, cot1, cot2, cot3, cot4)
VALUES
    ('HS20180203', 'LH201802', 'CongNghe', 2, 2019, 2020, 10, 10, 10, 10);
INSERT INTO DIEM
    (mahs, malop, mabm, mahk, nambd, namkt, cot1, cot2, cot3, cot4)
VALUES
    ('HS20180203', 'LH201802', 'AnhVan', 2, 2019, 2020, 10, 10, 10, 10);

INSERT INTO DIEM
    (mahs, malop, mabm, mahk, nambd, namkt, cot1, cot2, cot3, cot4)
VALUES
    ('HS20180204', 'LH201802', 'Toan', 2, 2019, 2020, 10, 10, 10, 10);
INSERT INTO DIEM
    (mahs, malop, mabm, mahk, nambd, namkt, cot1, cot2, cot3, cot4)
VALUES
    ('HS20180204', 'LH201802', 'NguVan', 2, 2019, 2020, 10, 10, 10, 10);
INSERT INTO DIEM
    (mahs, malop, mabm, mahk, nambd, namkt, cot1, cot2, cot3, cot4)
VALUES
    ('HS20180204', 'LH201802', 'HoaHoc', 2, 2019, 2020, 10, 10, 10, 10);
INSERT INTO DIEM
    (mahs, malop, mabm, mahk, nambd, namkt, cot1, cot2, cot3, cot4)
VALUES
    ('HS20180204', 'LH201802', 'SinhHoc', 2, 2019, 2020, 10, 10, 10, 10);
INSERT INTO DIEM
    (mahs, malop, mabm, mahk, nambd, namkt, cot1, cot2, cot3, cot4)
VALUES
    ('HS20180204', 'LH201802', 'DiaLy', 2, 2019, 2020, 10, 10, 10, 10);
INSERT INTO DIEM
    (mahs, malop, mabm, mahk, nambd, namkt, cot1, cot2, cot3, cot4)
VALUES
    ('HS20180204', 'LH201802', 'LichSu', 2, 2019, 2020, 10, 10, 10, 10);
INSERT INTO DIEM
    (mahs, malop, mabm, mahk, nambd, namkt, cot1, cot2, cot3, cot4)
VALUES
    ('HS20180204', 'LH201802', 'GDCD', 2, 2019, 2020, 10, 10, 10, 10);
INSERT INTO DIEM
    (mahs, malop, mabm, mahk, nambd, namkt, cot1, cot2, cot3, cot4)
VALUES
    ('HS20180204', 'LH201802', 'GDQP', 2, 2019, 2020, 10, 10, 10, 10);
INSERT INTO DIEM
    (mahs, malop, mabm, mahk, nambd, namkt, cot1, cot2, cot3, cot4)
VALUES
    ('HS20180204', 'LH201802', 'TheDuc', 2, 2019, 2020, 10, 10, 10, 10);
INSERT INTO DIEM
    (mahs, malop, mabm, mahk, nambd, namkt, cot1, cot2, cot3, cot4)
VALUES
    ('HS20180204', 'LH201802', 'TinHoc', 2, 2019, 2020, 10, 10, 10, 10);
INSERT INTO DIEM
    (mahs, malop, mabm, mahk, nambd, namkt, cot1, cot2, cot3, cot4)
VALUES
    ('HS20180204', 'LH201802', 'VatLy', 2, 2019, 2020, 10, 10, 10, 10);
INSERT INTO DIEM
    (mahs, malop, mabm, mahk, nambd, namkt, cot1, cot2, cot3, cot4)
VALUES
    ('HS20180204', 'LH201802', 'CongNghe', 2, 2019, 2020, 10, 10, 10, 10);
INSERT INTO DIEM
    (mahs, malop, mabm, mahk, nambd, namkt, cot1, cot2, cot3, cot4)
VALUES
    ('HS20180204', 'LH201802', 'AnhVan', 2, 2019, 2020, 10, 10, 10, 10);

INSERT INTO DIEM
    (mahs, malop, mabm, mahk, nambd, namkt, cot1, cot2, cot3, cot4)
VALUES
    ('HS20180205', 'LH201802', 'Toan', 2, 2019, 2020, 10, 10, 10, 10);
INSERT INTO DIEM
    (mahs, malop, mabm, mahk, nambd, namkt, cot1, cot2, cot3, cot4)
VALUES
    ('HS20180205', 'LH201802', 'NguVan', 2, 2019, 2020, 10, 10, 10, 10);
INSERT INTO DIEM
    (mahs, malop, mabm, mahk, nambd, namkt, cot1, cot2, cot3, cot4)
VALUES
    ('HS20180205', 'LH201802', 'HoaHoc', 2, 2019, 2020, 10, 10, 10, 10);
INSERT INTO DIEM
    (mahs, malop, mabm, mahk, nambd, namkt, cot1, cot2, cot3, cot4)
VALUES
    ('HS20180205', 'LH201802', 'SinhHoc', 2, 2019, 2020, 10, 10, 10, 10);
INSERT INTO DIEM
    (mahs, malop, mabm, mahk, nambd, namkt, cot1, cot2, cot3, cot4)
VALUES
    ('HS20180205', 'LH201802', 'DiaLy', 2, 2019, 2020, 10, 10, 10, 10);
INSERT INTO DIEM
    (mahs, malop, mabm, mahk, nambd, namkt, cot1, cot2, cot3, cot4)
VALUES
    ('HS20180205', 'LH201802', 'LichSu', 2, 2019, 2020, 10, 10, 10, 10);
INSERT INTO DIEM
    (mahs, malop, mabm, mahk, nambd, namkt, cot1, cot2, cot3, cot4)
VALUES
    ('HS20180205', 'LH201802', 'GDCD', 2, 2019, 2020, 10, 10, 10, 10);
INSERT INTO DIEM
    (mahs, malop, mabm, mahk, nambd, namkt, cot1, cot2, cot3, cot4)
VALUES
    ('HS20180205', 'LH201802', 'GDQP', 2, 2019, 2020, 10, 10, 10, 10);
INSERT INTO DIEM
    (mahs, malop, mabm, mahk, nambd, namkt, cot1, cot2, cot3, cot4)
VALUES
    ('HS20180205', 'LH201802', 'TheDuc', 2, 2019, 2020, 10, 10, 10, 10);
INSERT INTO DIEM
    (mahs, malop, mabm, mahk, nambd, namkt, cot1, cot2, cot3, cot4)
VALUES
    ('HS20180205', 'LH201802', 'TinHoc', 2, 2019, 2020, 10, 10, 10, 10);
INSERT INTO DIEM
    (mahs, malop, mabm, mahk, nambd, namkt, cot1, cot2, cot3, cot4)
VALUES
    ('HS20180205', 'LH201802', 'VatLy', 2, 2019, 2020, 10, 10, 10, 10);
INSERT INTO DIEM
    (mahs, malop, mabm, mahk, nambd, namkt, cot1, cot2, cot3, cot4)
VALUES
    ('HS20180205', 'LH201802', 'CongNghe', 2, 2019, 2020, 10, 10, 10, 10);
INSERT INTO DIEM
    (mahs, malop, mabm, mahk, nambd, namkt, cot1, cot2, cot3, cot4)
VALUES
    ('HS20180205', 'LH201802', 'AnhVan', 2, 2019, 2020, 10, 10, 10, 10);
/**/
INSERT INTO DIEM
    (mahs, malop, mabm, mahk, nambd, namkt, cot1, cot2, cot3, cot4)
VALUES
    ('HS20190101', 'LH201901', 'Toan', 2, 2019, 2020, 10, 10, 10, 10);
INSERT INTO DIEM
    (mahs, malop, mabm, mahk, nambd, namkt, cot1, cot2, cot3, cot4)
VALUES
    ('HS20190101', 'LH201901', 'NguVan', 2, 2019, 2020, 10, 10, 10, 10);
INSERT INTO DIEM
    (mahs, malop, mabm, mahk, nambd, namkt, cot1, cot2, cot3, cot4)
VALUES
    ('HS20190101', 'LH201901', 'HoaHoc', 2, 2019, 2020, 10, 10, 10, 10);
INSERT INTO DIEM
    (mahs, malop, mabm, mahk, nambd, namkt, cot1, cot2, cot3, cot4)
VALUES
    ('HS20190101', 'LH201901', 'SinhHoc', 2, 2019, 2020, 10, 10, 10, 10);
INSERT INTO DIEM
    (mahs, malop, mabm, mahk, nambd, namkt, cot1, cot2, cot3, cot4)
VALUES
    ('HS20190101', 'LH201901', 'DiaLy', 2, 2019, 2020, 10, 10, 10, 10);
INSERT INTO DIEM
    (mahs, malop, mabm, mahk, nambd, namkt, cot1, cot2, cot3, cot4)
VALUES
    ('HS20190101', 'LH201901', 'LichSu', 2, 2019, 2020, 10, 10, 10, 10);
INSERT INTO DIEM
    (mahs, malop, mabm, mahk, nambd, namkt, cot1, cot2, cot3, cot4)
VALUES
    ('HS20190101', 'LH201901', 'GDCD', 2, 2019, 2020, 10, 10, 10, 10);
INSERT INTO DIEM
    (mahs, malop, mabm, mahk, nambd, namkt, cot1, cot2, cot3, cot4)
VALUES
    ('HS20190101', 'LH201901', 'GDQP', 2, 2019, 2020, 10, 10, 10, 10);
INSERT INTO DIEM
    (mahs, malop, mabm, mahk, nambd, namkt, cot1, cot2, cot3, cot4)
VALUES
    ('HS20190101', 'LH201901', 'TheDuc', 2, 2019, 2020, 10, 10, 10, 10);
INSERT INTO DIEM
    (mahs, malop, mabm, mahk, nambd, namkt, cot1, cot2, cot3, cot4)
VALUES
    ('HS20190101', 'LH201901', 'TinHoc', 2, 2019, 2020, 10, 10, 10, 10);
INSERT INTO DIEM
    (mahs, malop, mabm, mahk, nambd, namkt, cot1, cot2, cot3, cot4)
VALUES
    ('HS20190101', 'LH201901', 'VatLy', 2, 2019, 2020, 10, 10, 10, 10);
INSERT INTO DIEM
    (mahs, malop, mabm, mahk, nambd, namkt, cot1, cot2, cot3, cot4)
VALUES
    ('HS20190101', 'LH201901', 'CongNghe', 2, 2019, 2020, 10, 10, 10, 10);
INSERT INTO DIEM
    (mahs, malop, mabm, mahk, nambd, namkt, cot1, cot2, cot3, cot4)
VALUES
    ('HS20190101', 'LH201901', 'AnhVan', 2, 2019, 2020, 10, 10, 10, 10);

INSERT INTO DIEM
    (mahs, malop, mabm, mahk, nambd, namkt, cot1, cot2, cot3, cot4)
VALUES
    ('HS20190102', 'LH201901', 'Toan', 2, 2019, 2020, 10, 10, 10, 10);
INSERT INTO DIEM
    (mahs, malop, mabm, mahk, nambd, namkt, cot1, cot2, cot3, cot4)
VALUES
    ('HS20190102', 'LH201901', 'NguVan', 2, 2019, 2020, 10, 10, 10, 10);
INSERT INTO DIEM
    (mahs, malop, mabm, mahk, nambd, namkt, cot1, cot2, cot3, cot4)
VALUES
    ('HS20190102', 'LH201901', 'HoaHoc', 2, 2019, 2020, 10, 10, 10, 10);
INSERT INTO DIEM
    (mahs, malop, mabm, mahk, nambd, namkt, cot1, cot2, cot3, cot4)
VALUES
    ('HS20190102', 'LH201901', 'SinhHoc', 2, 2019, 2020, 10, 10, 10, 10);
INSERT INTO DIEM
    (mahs, malop, mabm, mahk, nambd, namkt, cot1, cot2, cot3, cot4)
VALUES
    ('HS20190102', 'LH201901', 'DiaLy', 2, 2019, 2020, 10, 10, 10, 10);
INSERT INTO DIEM
    (mahs, malop, mabm, mahk, nambd, namkt, cot1, cot2, cot3, cot4)
VALUES
    ('HS20190102', 'LH201901', 'LichSu', 2, 2019, 2020, 10, 10, 10, 10);
INSERT INTO DIEM
    (mahs, malop, mabm, mahk, nambd, namkt, cot1, cot2, cot3, cot4)
VALUES
    ('HS20190102', 'LH201901', 'GDCD', 2, 2019, 2020, 10, 10, 10, 10);
INSERT INTO DIEM
    (mahs, malop, mabm, mahk, nambd, namkt, cot1, cot2, cot3, cot4)
VALUES
    ('HS20190102', 'LH201901', 'GDQP', 2, 2019, 2020, 10, 10, 10, 10);
INSERT INTO DIEM
    (mahs, malop, mabm, mahk, nambd, namkt, cot1, cot2, cot3, cot4)
VALUES
    ('HS20190102', 'LH201901', 'TheDuc', 2, 2019, 2020, 10, 10, 10, 10);
INSERT INTO DIEM
    (mahs, malop, mabm, mahk, nambd, namkt, cot1, cot2, cot3, cot4)
VALUES
    ('HS20190102', 'LH201901', 'TinHoc', 2, 2019, 2020, 10, 10, 10, 10);
INSERT INTO DIEM
    (mahs, malop, mabm, mahk, nambd, namkt, cot1, cot2, cot3, cot4)
VALUES
    ('HS20190102', 'LH201901', 'VatLy', 2, 2019, 2020, 10, 10, 10, 10);
INSERT INTO DIEM
    (mahs, malop, mabm, mahk, nambd, namkt, cot1, cot2, cot3, cot4)
VALUES
    ('HS20190102', 'LH201901', 'CongNghe', 2, 2019, 2020, 10, 10, 10, 10);
INSERT INTO DIEM
    (mahs, malop, mabm, mahk, nambd, namkt, cot1, cot2, cot3, cot4)
VALUES
    ('HS20190102', 'LH201901', 'AnhVan', 2, 2019, 2020, 10, 10, 10, 10);


/*HANHKIEM*/

/*2018*/
INSERT INTO HANHKIEM
    (mahs, malop, magv, mahk, nambd, namkt, xeploai)
VALUES
    ('HS20180101', 'LH201801', 'GV01', 2, 2019, 2020, 1);
INSERT INTO HANHKIEM
    (mahs, malop, magv, mahk, nambd, namkt, xeploai)
VALUES
    ('HS20180102', 'LH201801', 'GV01', 2, 2019, 2020, 1);
INSERT INTO HANHKIEM
    (mahs, malop, magv, mahk, nambd, namkt, xeploai)
VALUES
    ('HS20180103', 'LH201801', 'GV01', 2, 2019, 2020, 1);
INSERT INTO HANHKIEM
    (mahs, malop, magv, mahk, nambd, namkt, xeploai)
VALUES
    ('HS20180104', 'LH201801', 'GV01', 2, 2019, 2020, 1);
INSERT INTO HANHKIEM
    (mahs, malop, magv, mahk, nambd, namkt, xeploai)
VALUES
    ('HS20180105', 'LH201801', 'GV01', 2, 2019, 2020, 1);

INSERT INTO HANHKIEM
    (mahs, malop, magv, mahk, nambd, namkt, xeploai)
VALUES
    ('HS20180201', 'LH201802', 'GV02', 2, 2019, 2020, 1);
INSERT INTO HANHKIEM
    (mahs, malop, magv, mahk, nambd, namkt, xeploai)
VALUES
    ('HS20180202', 'LH201802', 'GV02', 2, 2019, 2020, 1);
INSERT INTO HANHKIEM
    (mahs, malop, magv, mahk, nambd, namkt, xeploai)
VALUES
    ('HS20180203', 'LH201802', 'GV02', 2, 2019, 2020, 1);
INSERT INTO HANHKIEM
    (mahs, malop, magv, mahk, nambd, namkt, xeploai)
VALUES
    ('HS20180204', 'LH201802', 'GV02', 2, 2019, 2020, 1);
INSERT INTO HANHKIEM
    (mahs, malop, magv, mahk, nambd, namkt, xeploai)
VALUES
    ('HS20180205', 'LH201802', 'GV02', 2, 2019, 2020, 1);

INSERT INTO HANHKIEM
    (mahs, malop, magv, mahk, nambd, namkt, xeploai)
VALUES
    ('HS20180301', 'LH201803', 'GV03', 2, 2019, 2020, 1);
INSERT INTO HANHKIEM
    (mahs, malop, magv, mahk, nambd, namkt, xeploai)
VALUES
    ('HS20180302', 'LH201803', 'GV03', 2, 2019, 2020, 1);
INSERT INTO HANHKIEM
    (mahs, malop, magv, mahk, nambd, namkt, xeploai)
VALUES
    ('HS20180303', 'LH201803', 'GV03', 2, 2019, 2020, 1);
INSERT INTO HANHKIEM
    (mahs, malop, magv, mahk, nambd, namkt, xeploai)
VALUES
    ('HS20180304', 'LH201803', 'GV03', 2, 2019, 2020, 1);
INSERT INTO HANHKIEM
    (mahs, malop, magv, mahk, nambd, namkt, xeploai)
VALUES
    ('HS20180305', 'LH201803', 'GV03', 2, 2019, 2020, 1);

INSERT INTO HANHKIEM
    (mahs, malop, magv, mahk, nambd, namkt, xeploai)
VALUES
    ('HS20180401', 'LH201804', 'GV04', 2, 2019, 2020, 1);
INSERT INTO HANHKIEM
    (mahs, malop, magv, mahk, nambd, namkt, xeploai)
VALUES
    ('HS20180402', 'LH201804', 'GV04', 2, 2019, 2020, 1);
INSERT INTO HANHKIEM
    (mahs, malop, magv, mahk, nambd, namkt, xeploai)
VALUES
    ('HS20180403', 'LH201804', 'GV04', 2, 2019, 2020, 1);
INSERT INTO HANHKIEM
    (mahs, malop, magv, mahk, nambd, namkt, xeploai)
VALUES
    ('HS20180404', 'LH201804', 'GV04', 2, 2019, 2020, 1);
INSERT INTO HANHKIEM
    (mahs, malop, magv, mahk, nambd, namkt, xeploai)
VALUES
    ('HS20180405', 'LH201804', 'GV04', 2, 2019, 2020, 1);

/*2019*/
INSERT INTO HANHKIEM
    (mahs, malop, magv, mahk, nambd, namkt, xeploai)
VALUES
    ('HS20190101', 'LH201901', 'GV05', 2, 2019, 2020, 1);
INSERT INTO HANHKIEM
    (mahs, malop, magv, mahk, nambd, namkt, xeploai)
VALUES
    ('HS20190102', 'LH201901', 'GV05', 2, 2019, 2020, 1);
INSERT INTO HANHKIEM
    (mahs, malop, magv, mahk, nambd, namkt, xeploai)
VALUES
    ('HS20190103', 'LH201901', 'GV05', 2, 2019, 2020, 1);
INSERT INTO HANHKIEM
    (mahs, malop, magv, mahk, nambd, namkt, xeploai)
VALUES
    ('HS20190104', 'LH201901', 'GV05', 2, 2019, 2020, 1);
INSERT INTO HANHKIEM
    (mahs, malop, magv, mahk, nambd, namkt, xeploai)
VALUES
    ('HS20190105', 'LH201901', 'GV05', 2, 2019, 2020, 1);

INSERT INTO HANHKIEM
    (mahs, malop, magv, mahk, nambd, namkt, xeploai)
VALUES
    ('HS20190201', 'LH201902', 'GV06', 2, 2019, 2020, 1);
INSERT INTO HANHKIEM
    (mahs, malop, magv, mahk, nambd, namkt, xeploai)
VALUES
    ('HS20190202', 'LH201902', 'GV06', 2, 2019, 2020, 1);
INSERT INTO HANHKIEM
    (mahs, malop, magv, mahk, nambd, namkt, xeploai)
VALUES
    ('HS20190203', 'LH201902', 'GV06', 2, 2019, 2020, 1);
INSERT INTO HANHKIEM
    (mahs, malop, magv, mahk, nambd, namkt, xeploai)
VALUES
    ('HS20190204', 'LH201902', 'GV06', 2, 2019, 2020, 1);
INSERT INTO HANHKIEM
    (mahs, malop, magv, mahk, nambd, namkt, xeploai)
VALUES
    ('HS20190205', 'LH201902', 'GV06', 2, 2019, 2020, 1);

INSERT INTO HANHKIEM
    (mahs, malop, magv, mahk, nambd, namkt, xeploai)
VALUES
    ('HS20190301', 'LH201903', 'GV07', 2, 2019, 2020, 1);
INSERT INTO HANHKIEM
    (mahs, malop, magv, mahk, nambd, namkt, xeploai)
VALUES
    ('HS20190302', 'LH201903', 'GV07', 2, 2019, 2020, 1);
INSERT INTO HANHKIEM
    (mahs, malop, magv, mahk, nambd, namkt, xeploai)
VALUES
    ('HS20190303', 'LH201903', 'GV07', 2, 2019, 2020, 1);
INSERT INTO HANHKIEM
    (mahs, malop, magv, mahk, nambd, namkt, xeploai)
VALUES
    ('HS20190304', 'LH201903', 'GV07', 2, 2019, 2020, 1);
INSERT INTO HANHKIEM
    (mahs, malop, magv, mahk, nambd, namkt, xeploai)
VALUES
    ('HS20190305', 'LH201903', 'GV07', 2, 2019, 2020, 1);

INSERT INTO HANHKIEM
    (mahs, malop, magv, mahk, nambd, namkt, xeploai)
VALUES
    ('HS20190401', 'LH201904', 'GV08', 2, 2019, 2020, 1);
INSERT INTO HANHKIEM
    (mahs, malop, magv, mahk, nambd, namkt, xeploai)
VALUES
    ('HS20190402', 'LH201904', 'GV08', 2, 2019, 2020, 1);
INSERT INTO HANHKIEM
    (mahs, malop, magv, mahk, nambd, namkt, xeploai)
VALUES
    ('HS20190403', 'LH201904', 'GV08', 2, 2019, 2020, 1);
INSERT INTO HANHKIEM
    (mahs, malop, magv, mahk, nambd, namkt, xeploai)
VALUES
    ('HS20190404', 'LH201904', 'GV08', 2, 2019, 2020, 1);
INSERT INTO HANHKIEM
    (mahs, malop, magv, mahk, nambd, namkt, xeploai)
VALUES
    ('HS20190405', 'LH201904', 'GV08', 2, 2019, 2020, 1);


/*THOIKHOABIEU*/
INSERT INTO THOIKHOABIEU
    (mahk, nambd, namkt, magv, mabm, malop, ngaytrongtuan, tiet)
VALUES
    (2, 2019, 2020, 'GV01', 'Toan', 'LH201801', 1, 1);
INSERT INTO THOIKHOABIEU
    (mahk, nambd, namkt, magv, mabm, malop, ngaytrongtuan, tiet)
VALUES
    (2, 2019, 2020, 'GV01', 'Toan', 'LH201801', 1, 2);
INSERT INTO THOIKHOABIEU
    (mahk, nambd, namkt, magv, mabm, malop, ngaytrongtuan, tiet)
VALUES
    (2, 2019, 2020, 'GV01', 'Toan', 'LH201801', 2, 1);
INSERT INTO THOIKHOABIEU
    (mahk, nambd, namkt, magv, mabm, malop, ngaytrongtuan, tiet)
VALUES
    (2, 2019, 2020, 'GV01', 'Toan', 'LH201801', 2, 2);
INSERT INTO THOIKHOABIEU
    (mahk, nambd, namkt, magv, mabm, malop, ngaytrongtuan, tiet)
VALUES
    (2, 2019, 2020, 'GV01', 'Toan', 'LH201801', 3, 1);
INSERT INTO THOIKHOABIEU
    (mahk, nambd, namkt, magv, mabm, malop, ngaytrongtuan, tiet)
VALUES
    (2, 2019, 2020, 'GV01', 'Toan', 'LH201801', 3, 2);
INSERT INTO THOIKHOABIEU
    (mahk, nambd, namkt, magv, mabm, malop, ngaytrongtuan, tiet)
VALUES
    (2, 2019, 2020, 'GV01', 'Toan', 'LH201801', 4, 1);
INSERT INTO THOIKHOABIEU
    (mahk, nambd, namkt, magv, mabm, malop, ngaytrongtuan, tiet)
VALUES
    (2, 2019, 2020, 'GV01', 'Toan', 'LH201801', 4, 2);
INSERT INTO THOIKHOABIEU
    (mahk, nambd, namkt, magv, mabm, malop, ngaytrongtuan, tiet)
VALUES
    (2, 2019, 2020, 'GV01', 'Toan', 'LH201801', 5, 1);
INSERT INTO THOIKHOABIEU
    (mahk, nambd, namkt, magv, mabm, malop, ngaytrongtuan, tiet)
VALUES
    (2, 2019, 2020, 'GV01', 'Toan', 'LH201801', 5, 2);
INSERT INTO THOIKHOABIEU
    (mahk, nambd, namkt, magv, mabm, malop, ngaytrongtuan, tiet)
VALUES
    (2, 2019, 2020, 'GV01', 'Toan', 'LH201801', 6, 1);
INSERT INTO THOIKHOABIEU
    (mahk, nambd, namkt, magv, mabm, malop, ngaytrongtuan, tiet)
VALUES
    (2, 2019, 2020, 'GV01', 'Toan', 'LH201801', 6, 2);